course,semester,average_gpa,count
AASP100,Fall 2007,3.0,1
AASP100,Fall 2009,3.67,4
AASP100,Fall 2011,4.0,1
AASP100,Fall 2012,3.0,2
AASP100,Fall 2018,4.0,1
AASP100,Fall 2020,3.7,1
AASP100,Fall 2022,4.0,1
AASP100,Fall 2023,4.0,1
AASP100,Fall 2024,3.79,8
AASP100,Spring 2008,4.0,1
AASP100,Spring 2011,3.33,3
AASP100,Spring 2012,3.7,1
AASP100,Spring 2014,2.65,2
AASP100,Spring 2015,3.0,1
AASP100,Spring 2021,3.7,1
AASP100,Spring 2022,3.65,2
AASP100,Spring 2023,4.0,5
AASP100,Spring 2024,3.5,4
AASP100,Spring 2025,4.0,1
AASP100H,Fall 2019,4.0,1
AASP100H,Fall 2022,4.0,2
AASP100H,Spring 2012,4.0,1
AASP100H,Spring 2014,4.0,1
AASP101,Fall 2008,4.0,1
AASP101,Fall 2010,3.0,1
AASP101,Fall 2011,3.15,2
AASP101,Fall 2021,4.0,1
AASP101,Fall 2023,3.3,1
AASP101,Fall 2024,2.3,2
AASP101,Spring 2009,4.0,1
AASP101,Spring 2011,3.0,1
AASP101,Spring 2023,3.6,4
AASP187,Fall 2024,4.0,1
AASP187,Spring 2022,4.0,2
AASP187I,Fall 2024,4.0,1
AASP189I,Fall 2016,3.7,1
AASP189I,Spring 2015,4.0,1
AASP200,Fall 2007,4.0,1
AASP200,Fall 2012,3.7,1
AASP200,Fall 2019,3.7,1
AASP200,Fall 2020,3.85,2
AASP200,Fall 2021,4.0,2
AASP200,Fall 2022,4.0,2
AASP200,Fall 2023,3.35,2
AASP200,Spring 2009,4.0,1
AASP200,Spring 2010,4.0,1
AASP200,Spring 2020,4.0,1
AASP200,Spring 2023,4.0,2
AASP200,Spring 2024,3.8,3
AASP202,Fall 2007,4.0,1
AASP202,Fall 2009,4.0,1
AASP202,Fall 2021,3.7,1
AASP202,Fall 2022,3.5,2
AASP202,Fall 2023,3.85,2
AASP202,Fall 2024,3.7,2
AASP202,Spring 2023,3.5,2
AASP202,Spring 2024,4.0,1
AASP202H,Spring 2021,4.0,1
AASP202H,Spring 2022,4.0,1
AASP211,Fall 2022,4.0,1
AASP211,Fall 2023,4.0,1
AASP211,Fall 2024,4.0,3
AASP211,Spring 2022,4.0,1
AASP211,Spring 2023,4.0,1
AASP298C,Fall 2023,3.0,1
AASP298C,Spring 2024,3.0,1
AASP298I,Fall 2018,4.0,1
AASP298I,Fall 2024,3.7,1
AASP298L,Fall 2008,3.0,1
AASP298L,Fall 2020,4.0,1
AASP298L,Fall 2023,4.0,1
AASP298L,Fall 2024,4.0,1
AASP298L,Spring 2009,4.0,1
AASP298L,Spring 2011,3.15,2
AASP298L,Spring 2021,4.0,1
AASP298L,Spring 2022,4.0,1
AASP298L,Spring 2023,4.0,1
AASP313,Spring 2018,4.0,1
AASP317,Fall 2022,4.0,1
AASP340,Spring 2025,4.0,1
AASP350,Fall 2023,4.0,1
AASP398D,Fall 2012,4.0,1
AASP398D,Spring 2011,2.0,1
AASP400,Spring 2009,3.0,1
AASP402,Spring 2024,4.0,3
AASP441,Fall 2010,4.0,1
AASP441,Fall 2012,4.0,1
AASP441,Spring 2012,4.0,1
AASP441,Spring 2024,4.0,1
AASP498U,Spring 2023,4.0,1
AASP498W,Spring 2008,4.0,1
AASP498W,Spring 2010,3.0,1
AASP499T,Fall 2008,3.0,1
AAST200,Fall 2018,4.0,1
AAST200,Fall 2022,4.0,1
AAST200,Fall 2023,4.0,2
AAST200,Spring 2011,4.0,2
AAST200,Spring 2021,4.0,1
AAST200,Spring 2022,4.0,1
AAST200,Spring 2024,3.67,6
AAST201,Fall 2020,4.0,1
AAST201,Fall 2022,4.0,1
AAST201,Fall 2024,2.83,4
AAST201,Spring 2021,4.0,1
AAST201,Spring 2024,3.65,2
AAST222,Fall 2023,4.0,1
AAST222,Spring 2010,4.0,1
AAST233,Fall 2013,3.3,1
AAST233,Fall 2019,4.0,1
AAST233,Fall 2022,4.0,2
AAST233,Spring 2019,3.7,1
AAST233,Spring 2020,4.0,1
AAST233,Spring 2022,3.85,2
AAST233,Spring 2024,4.0,1
AAST262,Fall 2022,3.3,1
AAST262,Fall 2023,4.0,2
AAST262,Spring 2023,3.3,1
AAST262,Spring 2024,4.0,1
AAST298G,Spring 2024,4.0,1
AAST351,Fall 2022,4.0,1
AAST351,Fall 2023,4.0,1
AAST355,Spring 2022,4.0,1
AAST355,Spring 2023,4.0,1
AAST355,Spring 2024,4.0,1
AAST355,Spring 2025,4.0,1
AAST394,Fall 2021,4.0,2
AAST394,Fall 2024,4.0,2
AAST394,Spring 2024,4.0,1
AAST394,Spring 2025,4.0,2
AAST398L,Spring 2021,4.0,1
AAST398M,Fall 2020,4.0,1
AAST422,Fall 2024,4.0,1
AAST440,Fall 2024,4.0,2
AAST443,Fall 2024,4.0,2
AAST443,Spring 2019,4.0,1
AAST498F,Spring 2019,4.0,1
AAST498G,Fall 2023,4.0,1
AAST498G,Spring 2024,4.0,1
AAST498M,Fall 2008,4.0,1
AAST498N,Fall 2021,4.0,1
AAST498W,Spring 2023,4.0,1
ABRM330,Fall 2024,4.0,2
AGNR301,Spring 2018,4.0,1
AGNR301,Spring 2023,3.3,1
AGST130,Fall 2022,2.85,2
AGST130,Fall 2023,3.0,1
AGST275,Spring 2024,2.0,1
AGST333,Fall 2023,4.0,1
AMSC420,Spring 2021,4.0,1
AMSC460,Fall 2012,4.0,1
AMSC460,Fall 2015,4.0,1
AMSC460,Fall 2020,4.0,2
AMSC460,Fall 2021,3.7,1
AMSC460,Fall 2022,3.9,3
AMSC460,Fall 2023,3.76,7
AMSC460,Fall 2024,3.5,2
AMSC460,Spring 2008,4.0,1
AMSC460,Spring 2010,4.0,1
AMSC460,Spring 2020,4.0,1
AMSC460,Spring 2021,4.0,1
AMSC460,Spring 2022,2.0,1
AMSC460,Spring 2023,3.67,7
AMSC460,Spring 2024,3.7,2
AMSC466,Fall 2010,4.0,1
AMSC466,Fall 2018,2.0,1
AMSC466,Fall 2020,3.0,1
AMSC466,Fall 2022,3.0,1
AMSC466,Fall 2024,3.0,2
AMSC466,Spring 2012,3.0,1
AMSC466,Spring 2019,4.0,1
AMSC466,Spring 2021,3.67,4
AMSC466,Spring 2024,1.7,1
AMSC660,Fall 2022,4.0,1
AMSC666,Fall 2024,4.0,1
AMSC763,Fall 2024,3.3,1
AMSC764,Spring 2021,3.3,1
AMST101,Fall 2019,4.0,2
AMST101,Fall 2020,4.0,1
AMST101,Fall 2022,4.0,2
AMST101,Fall 2023,4.0,4
AMST101,Fall 2024,4.0,4
AMST101,Spring 2019,3.7,1
AMST101,Spring 2021,4.0,2
AMST101,Spring 2022,3.5,2
AMST101,Spring 2023,3.65,2
AMST101,Spring 2024,4.0,2
AMST101,Spring 2025,4.0,1
AMST202,Fall 2019,4.0,1
AMST202,Spring 2019,3.3,1
AMST202,Spring 2024,4.0,1
AMST203,Fall 2018,2.0,1
AMST203,Fall 2020,4.0,1
AMST203,Fall 2021,3.7,1
AMST203,Fall 2023,4.0,3
AMST203,Fall 2024,3.85,4
AMST203,Spring 2019,3.78,4
AMST203,Spring 2021,3.7,1
AMST203,Spring 2022,4.0,1
AMST203,Spring 2023,4.0,2
AMST203,Spring 2025,4.0,1
AMST204,Fall 2022,4.0,1
AMST204,Fall 2023,2.0,1
AMST204,Spring 2024,3.7,1
AMST205,Fall 2021,3.57,3
AMST205,Fall 2022,4.0,3
AMST205,Fall 2024,4.0,1
AMST205,Spring 2024,4.0,1
AMST205,Spring 2025,4.0,2
AMST210,Spring 2024,4.0,1
AMST260,Spring 2008,2.7,1
AMST260,Spring 2023,4.0,1
AMST262,Fall 2023,4.0,2
AMST262,Fall 2024,3.67,3
AMST289A,Fall 2020,4.0,1
AMST290,Spring 2021,4.0,1
AMST298Q,Spring 2022,4.0,2
AMST310,Fall 2022,4.0,1
AMST310,Fall 2023,4.0,1
AMST320,Fall 2023,3.0,1
AMST320,Fall 2024,3.3,1
AMST328D,Spring 2023,3.3,1
AMST328X,Fall 2022,4.0,1
AMST328Y,Fall 2019,3.3,1
AMST328Y,Spring 2019,3.7,1
AMST418K,Spring 2023,4.0,1
AMST418K,Spring 2024,3.7,1
AMST418N,Fall 2009,4.0,1
AMST498K,Fall 2011,4.0,1
AMST498L,Spring 2012,3.0,1
AMST498N,Fall 2021,4.0,1
AMST498P,Spring 2010,3.5,2
ANSC101,Fall 2020,4.0,1
ANSC101,Fall 2022,4.0,2
ANSC101,Fall 2023,4.0,3
ANSC101,Spring 2020,4.0,1
ANSC101,Spring 2024,4.0,2
ANSC103,Fall 2020,3.3,1
ANSC103,Fall 2024,4.0,1
ANSC103,Spring 2020,3.7,1
ANSC103,Spring 2022,3.3,1
ANSC103,Spring 2024,4.0,1
ANSC204,Fall 2020,3.3,1
ANSC204,Fall 2021,3.7,1
ANSC204,Fall 2022,4.0,1
ANSC204,Fall 2024,4.0,1
ANSC211,Fall 2008,4.0,1
ANSC211,Fall 2009,3.7,1
ANSC211,Fall 2010,2.0,1
ANSC211,Spring 2015,4.0,1
ANSC211,Spring 2018,3.7,1
ANSC212,Spring 2022,4.0,1
ANSC212,Spring 2023,3.85,2
ANSC214,Fall 2022,3.0,1
ANSC214,Spring 2019,1.7,1
ANSC214,Spring 2023,2.7,1
ANSC225,Spring 2015,4.0,1
ANSC227,Fall 2024,4.0,2
ANSC227,Spring 2021,4.0,1
ANSC227,Spring 2024,4.0,1
ANSC232,Fall 2023,3.65,2
ANSC232,Spring 2013,4.0,1
ANSC232,Spring 2020,3.3,1
ANSC245,Spring 2023,4.0,1
ANSC250,Fall 2024,3.7,1
ANSC252,Fall 2008,4.0,2
ANSC252,Fall 2010,4.0,1
ANSC252,Fall 2011,4.0,2
ANSC252,Fall 2022,4.0,1
ANSC252,Spring 2020,4.0,1
ANSC255,Fall 2023,3.3,1
ANSC260,Spring 2014,4.0,1
ANSC314,Fall 2024,3.67,3
ANSC315,Fall 2023,2.7,1
ANSC315,Spring 2024,3.7,1
ANSC327,Fall 2015,4.0,1
ANSC327,Fall 2023,4.0,2
ANSC327,Spring 2009,3.0,1
ANSC327,Spring 2015,3.65,2
ANSC327,Spring 2023,2.0,1
ANSC340,Spring 2024,3.7,2
ANSC417,Fall 2022,3.7,1
ANSC435,Spring 2024,3.7,1
ANSC440,Spring 2024,2.7,1
ANSC446,Spring 2020,4.0,1
ANSC447,Spring 2020,4.0,1
ANSC453,Fall 2011,4.0,1
ANSC453,Spring 2021,4.0,1
ANSC453,Spring 2023,3.7,1
ANSC453,Spring 2024,4.0,1
ANSC455,Fall 2022,3.7,1
ANSC460,Fall 2024,4.0,2
ANTH210,Fall 2022,4.0,1
ANTH210,Fall 2023,4.0,1
ANTH210,Fall 2024,4.0,4
ANTH210,Spring 2018,4.0,1
ANTH210,Spring 2024,4.0,1
ANTH221,Fall 2021,3.0,1
ANTH222,Fall 2019,3.3,1
ANTH222,Fall 2021,4.0,3
ANTH222,Fall 2022,3.85,2
ANTH222,Spring 2019,4.0,1
ANTH222,Spring 2021,3.0,1
ANTH222,Spring 2022,3.85,2
ANTH222,Spring 2023,3.85,4
ANTH222,Spring 2024,3.77,3
ANTH240,Fall 2007,4.0,1
ANTH240,Fall 2009,4.0,2
ANTH240,Fall 2011,2.7,1
ANTH240,Fall 2018,3.3,1
ANTH240,Fall 2019,3.7,1
ANTH240,Fall 2021,4.0,3
ANTH240,Fall 2022,3.0,1
ANTH240,Fall 2023,3.73,6
ANTH240,Fall 2024,4.0,1
ANTH240,Spring 2011,4.0,1
ANTH240,Spring 2015,4.0,1
ANTH240,Spring 2018,4.0,1
ANTH240,Spring 2019,4.0,1
ANTH240,Spring 2020,4.0,1
ANTH240,Spring 2023,4.0,4
ANTH240,Spring 2024,3.77,3
ANTH242,Fall 2023,4.0,1
ANTH242,Spring 2020,4.0,1
ANTH242,Spring 2021,4.0,1
ANTH242,Spring 2023,4.0,2
ANTH260,Fall 2008,4.0,1
ANTH260,Fall 2009,4.0,1
ANTH260,Fall 2011,3.85,2
ANTH260,Fall 2020,3.7,1
ANTH260,Fall 2022,4.0,1
ANTH260,Spring 2008,3.0,1
ANTH260,Spring 2010,3.3,1
ANTH260,Spring 2020,4.0,2
ANTH260,Spring 2022,4.0,1
ANTH260,Spring 2023,3.7,1
ANTH263,Fall 2021,4.0,2
ANTH263,Spring 2019,4.0,2
ANTH263,Spring 2024,4.0,3
ANTH264,Fall 2021,4.0,3
ANTH264,Spring 2020,3.7,1
ANTH264,Spring 2021,4.0,1
ANTH264,Spring 2024,4.0,3
ANTH265,Fall 2021,3.7,1
ANTH265,Fall 2022,3.0,2
ANTH265,Fall 2023,4.0,2
ANTH265,Fall 2024,3.9,6
ANTH265,Spring 2021,4.0,3
ANTH265,Spring 2023,3.0,1
ANTH265,Spring 2024,4.0,1
ANTH266,Fall 2020,4.0,1
ANTH266,Fall 2022,4.0,1
ANTH266,Fall 2023,3.57,3
ANTH266,Fall 2024,4.0,2
ANTH266,Spring 2018,4.0,1
ANTH266,Spring 2019,4.0,1
ANTH266,Spring 2022,4.0,1
ANTH266,Spring 2023,4.0,2
ANTH266,Spring 2024,4.0,3
ANTH267,Spring 2021,4.0,1
ANTH305,Fall 2023,4.0,1
ANTH322,Fall 2023,4.0,1
ANTH323,Fall 2021,3.9,3
ANTH323,Fall 2022,3.85,2
ANTH323,Fall 2023,3.67,3
ANTH323,Fall 2024,4.0,1
ANTH323,Spring 2023,3.8,3
ANTH323,Spring 2024,4.0,1
ANTH329T,Spring 2023,4.0,1
ANTH340,Spring 2010,4.0,1
ANTH360,Fall 2009,4.0,1
ANTH360,Spring 2011,4.0,1
ANTH360,Spring 2023,4.0,1
ANTH403,Spring 2023,4.0,3
ANTH412,Fall 2021,4.0,1
ANTH412,Fall 2024,4.0,1
ANTH413,Fall 2020,4.0,1
ANTH415,Spring 2023,4.0,2
ANTH415,Spring 2024,4.0,1
ANTH436,Fall 2024,4.0,1
ANTH451,Fall 2023,4.0,1
ANTH451,Fall 2024,4.0,1
ANTH451,Spring 2025,4.0,1
ANTH472,Fall 2014,4.0,1
ANTH472,Spring 2014,4.0,1
ANTH473,Fall 2022,4.0,1
ANTH473,Fall 2024,4.0,1
ANTH481,Fall 2023,4.0,1
ANTH481,Spring 2023,4.0,1
ANTH688J,Spring 2025,4.0,1
AOSC123,Fall 2019,3.3,1
AOSC123,Fall 2021,4.0,2
AOSC123,Fall 2024,4.0,2
AOSC123,Spring 2019,4.0,1
AOSC123,Spring 2020,3.85,2
AOSC123,Spring 2022,4.0,1
AOSC123,Spring 2023,3.65,2
AOSC123,Spring 2024,3.67,3
AOSC200,Fall 2014,3.7,1
AOSC200,Fall 2015,4.0,1
AOSC200,Fall 2018,4.0,1
AOSC200,Fall 2019,4.0,2
AOSC200,Fall 2021,4.0,6
AOSC200,Fall 2022,3.64,16
AOSC200,Fall 2023,4.0,3
AOSC200,Fall 2024,3.85,13
AOSC200,Spring 2015,4.0,2
AOSC200,Spring 2019,3.7,1
AOSC200,Spring 2020,3.3,1
AOSC200,Spring 2021,4.0,1
AOSC200,Spring 2022,3.74,9
AOSC200,Spring 2023,3.81,10
AOSC200,Spring 2024,3.09,31
AOSC200,Spring 2025,4.0,2
AOSC200C,Fall 2023,3.7,1
AOSC200C,Fall 2024,3.35,2
AOSC200C,Spring 2025,3.0,1
AOSC201,Fall 2021,4.0,1
AOSC201,Fall 2022,4.0,4
AOSC201,Fall 2024,4.0,3
AOSC201,Spring 2019,3.85,2
AOSC201,Spring 2022,4.0,2
AOSC201,Spring 2023,4.0,2
AOSC201,Spring 2024,3.96,7
AOSC201,Spring 2025,3.7,1
AOSC247,Fall 2022,4.0,1
AOSC247,Spring 2022,4.0,1
AOSC247,Spring 2024,4.0,4
AOSC360,Spring 2024,4.0,2
AOSC375,Fall 2024,4.0,2
AOSC375,Spring 2024,3.7,1
AOSC400,Fall 2019,4.0,1
AOSC400,Spring 2025,4.0,1
AOSC401,Spring 2023,4.0,1
AOSC401,Spring 2024,4.0,1
AOSC421,Spring 2022,4.0,1
AOSC421,Spring 2023,3.3,1
AOSC421,Spring 2024,4.0,2
AOSC424,Spring 2021,3.7,1
AOSC431,Fall 2024,3.65,2
AOSC433,Spring 2021,4.0,1
AOSC447,Spring 2021,4.0,1
AOSC470,Fall 2024,4.0,1
AOSC493,Fall 2024,4.0,1
AOSC647,Spring 2021,4.0,1
AOSC652,Fall 2021,4.0,1
AOSC652,Fall 2024,4.0,1
ARAB104,Fall 2012,4.0,1
ARAB104,Spring 2021,4.0,1
ARAB104,Spring 2023,4.0,1
ARAB204,Fall 2023,4.0,1
ARAB204,Spring 2008,4.0,1
ARAB206,Fall 2008,4.0,1
ARAB250,Fall 2024,4.0,1
ARAB304,Fall 2023,4.0,1
ARAB304,Fall 2024,4.0,1
ARAB499C,Spring 2022,4.0,1
ARAB499Z,Spring 2024,4.0,2
ARCH170,Fall 2007,3.63,7
ARCH170,Fall 2008,3.67,3
ARCH170,Fall 2009,3.57,3
ARCH170,Fall 2010,3.67,4
ARCH170,Fall 2018,4.0,2
ARCH170,Fall 2019,4.0,3
ARCH170,Fall 2021,4.0,3
ARCH170,Spring 2009,3.7,1
ARCH170,Spring 2011,3.0,2
ARCH170,Spring 2015,3.3,1
ARCH170,Spring 2019,4.0,1
ARCH170,Spring 2020,4.0,1
ARCH170,Spring 2021,4.0,1
ARCH170,Spring 2022,3.85,2
ARCH170,Spring 2023,4.0,3
ARCH170,Spring 2024,4.0,1
ARCH171,Fall 2022,3.7,1
ARCH171,Fall 2023,4.0,1
ARCH171,Fall 2024,4.0,1
ARCH171,Spring 2023,3.92,4
ARCH200,Fall 2020,4.0,1
ARCH200,Fall 2022,4.0,1
ARCH200,Fall 2023,3.3,1
ARCH200,Spring 2022,3.7,1
ARCH200,Spring 2024,3.85,2
ARCH225,Fall 2008,3.0,1
ARCH225,Fall 2009,3.7,1
ARCH225,Fall 2010,2.85,2
ARCH225,Fall 2011,4.0,1
ARCH225,Fall 2019,4.0,1
ARCH225,Fall 2020,4.0,1
ARCH225,Fall 2022,4.0,1
ARCH225,Spring 2020,2.7,1
ARCH225,Spring 2024,4.0,2
ARCH226,Fall 2023,4.0,2
ARCH226,Fall 2024,3.7,1
ARCH226,Spring 2009,4.0,1
ARCH226,Spring 2021,4.0,1
ARCH242,Fall 2010,3.7,1
ARCH242,Spring 2008,3.5,2
ARCH242,Spring 2009,3.35,2
ARCH242,Spring 2010,3.0,1
ARCH270,Fall 2023,4.0,2
ARCH270,Fall 2024,3.85,2
ARCH270,Spring 2019,4.0,1
ARCH271,Fall 2023,4.0,1
ARCH271,Fall 2024,3.7,1
ARCH272,Fall 2022,2.7,1
ARCH289I,Spring 2019,4.0,1
ARCH300,Fall 2019,4.0,1
ARCH300,Fall 2023,3.5,2
ARCH300,Fall 2024,3.0,1
ARCH400,Fall 2023,4.0,1
ARCH400,Spring 2019,3.7,1
ARCH400,Spring 2022,3.7,1
ARCH400,Spring 2023,3.7,1
ARCH400,Spring 2024,3.35,2
ARCH401,Spring 2021,4.0,1
ARCH402,Fall 2024,4.0,1
ARCH403,Fall 2024,3.3,1
ARCH428C,Spring 2024,3.0,1
ARCH428T,Spring 2024,4.0,1
ARCH430,Fall 2024,3.7,2
ARCH458,Fall 2023,4.0,1
ARCH462,Fall 2019,3.7,1
ARCH462,Fall 2023,3.67,3
ARCH462,Fall 2024,4.0,1
ARCH462,Spring 2021,4.0,1
ARCH462,Spring 2023,3.7,1
ARCH462,Spring 2024,4.0,1
ARCH463,Spring 2024,3.7,1
ARCH464,Fall 2022,4.0,1
ARCH467,Spring 2025,4.0,1
AREC200,Fall 2017,4.0,2
AREC200,Fall 2018,4.0,1
AREC200,Fall 2021,4.0,1
AREC200,Fall 2022,3.54,5
AREC200,Fall 2023,3.88,5
AREC200,Fall 2024,3.66,5
AREC200,Spring 2020,4.0,2
AREC200,Spring 2024,3.7,1
AREC200,Spring 2025,4.0,1
AREC210,Spring 2024,4.0,1
AREC240,Spring 2022,2.43,3
AREC240,Spring 2024,3.85,2
AREC241,Fall 2020,3.3,1
AREC241,Fall 2024,3.15,2
AREC250,Fall 2021,4.0,1
AREC250,Fall 2022,4.0,1
AREC250,Fall 2023,4.0,1
AREC250,Fall 2024,3.7,1
AREC260,Fall 2023,4.0,6
AREC260,Spring 2022,4.0,1
AREC280,Spring 2023,3.7,1
AREC306,Fall 2009,4.0,1
AREC306,Fall 2024,3.85,2
AREC306,Spring 2023,3.67,3
AREC326,Spring 2019,2.0,1
AREC326,Spring 2020,3.67,4
AREC326,Spring 2024,3.15,2
AREC345,Fall 2013,4.0,2
AREC345,Fall 2024,3.0,1
AREC345,Spring 2020,4.0,1
AREC345,Spring 2021,2.0,1
AREC365,Fall 2008,4.0,1
AREC365,Fall 2010,4.0,2
AREC365,Fall 2012,4.0,1
AREC365,Fall 2013,3.0,1
AREC365,Fall 2014,3.67,4
AREC365,Fall 2015,3.7,1
AREC365,Fall 2018,3.3,1
AREC365,Fall 2020,2.0,1
AREC365,Fall 2022,4.0,1
AREC365,Fall 2023,3.6,5
AREC365,Fall 2024,4.0,4
AREC365,Spring 2010,4.0,1
AREC365,Spring 2011,3.58,4
AREC365,Spring 2012,3.5,2
AREC365,Spring 2013,2.0,1
AREC365,Spring 2015,4.0,1
AREC365,Spring 2022,3.48,5
AREC365,Spring 2023,3.66,5
AREC365,Spring 2024,3.43,3
AREC380,Fall 2020,4.0,1
AREC380,Spring 2020,3.7,1
AREC380,Spring 2022,3.3,1
AREC382,Fall 2013,4.0,1
AREC382,Fall 2015,4.0,1
AREC382,Spring 2009,4.0,1
AREC382,Spring 2013,4.0,1
AREC382,Spring 2016,4.0,1
AREC405,Fall 2011,3.0,2
AREC405,Fall 2022,3.3,1
AREC405,Spring 2010,3.3,1
AREC422,Spring 2024,4.0,1
AREC430,Fall 2020,4.0,1
AREC433,Fall 2009,4.0,1
AREC433,Fall 2021,4.0,1
AREC433,Spring 2011,4.0,1
AREC435,Fall 2020,4.0,1
AREC435,Spring 2024,4.0,1
AREC445,Spring 2023,4.0,1
AREC453,Fall 2008,4.0,1
AREC453,Spring 2008,4.0,1
AREC456,Fall 2020,4.0,1
AREC481,Fall 2022,4.0,1
AREC481,Spring 2023,4.0,1
ARHU158B,Spring 2023,4.0,1
ARHU158C,Fall 2022,4.0,1
ARHU158D,Fall 2023,4.0,3
ARHU158F,Fall 2023,4.0,1
ARHU158K,Fall 2024,4.0,1
ARHU158N,Fall 2024,4.0,2
ARHU158N,Spring 2025,4.0,1
ARHU158T,Fall 2020,3.5,2
ARHU158T,Fall 2023,4.0,1
ARHU158V,Fall 2021,4.0,1
ARHU230,Fall 2022,4.0,1
ARHU230,Fall 2023,4.0,1
ARHU230,Fall 2024,4.0,2
ARHU230,Spring 2023,4.0,1
ARHU230,Spring 2024,4.0,1
ARHU275,Fall 2023,4.0,1
ARHU275,Spring 2024,4.0,1
ARHU298J,Fall 2024,3.67,3
ARHU298L,Fall 2022,4.0,2
ARHU298L,Fall 2023,4.0,6
ARHU298L,Spring 2013,2.0,1
ARHU298L,Spring 2019,4.0,1
ARHU299M,Fall 2024,4.0,1
ARHU309,Fall 2023,4.0,2
ARHU318B,Spring 2024,4.0,1
ARHU319A,Fall 2024,4.0,2
ARHU340,Fall 2024,4.0,1
ARHU375,Fall 2022,4.0,1
ARHU468A,Fall 2023,4.0,1
ARMY105,Spring 2024,4.0,1
ARMY106,Spring 2020,4.0,1
ARMY301,Spring 2025,3.7,1
ARMY302,Fall 2019,4.0,1
ARSC400,Spring 2024,4.0,2
ARSC401,Spring 2024,4.0,3
ARTH200,Fall 2009,4.0,1
ARTH200,Fall 2011,4.0,1
ARTH200,Fall 2015,4.0,2
ARTH200,Fall 2019,3.85,2
ARTH200,Fall 2020,2.7,1
ARTH200,Fall 2021,3.85,2
ARTH200,Fall 2022,4.0,2
ARTH200,Fall 2023,3.75,4
ARTH200,Fall 2024,3.86,14
ARTH200,Spring 2011,3.5,2
ARTH200,Spring 2012,4.0,2
ARTH200,Spring 2015,3.0,1
ARTH200,Spring 2020,3.7,1
ARTH200,Spring 2021,4.0,1
ARTH200,Spring 2022,3.7,1
ARTH200,Spring 2023,3.8,10
ARTH200,Spring 2024,3.92,4
ARTH200,Spring 2025,3.85,2
ARTH201,Fall 2008,3.5,2
ARTH201,Fall 2009,4.0,1
ARTH201,Fall 2010,3.5,2
ARTH201,Fall 2011,4.0,1
ARTH201,Fall 2019,4.0,1
ARTH201,Fall 2020,4.0,1
ARTH201,Fall 2021,4.0,1
ARTH201,Fall 2022,3.9,3
ARTH201,Fall 2023,3.5,2
ARTH201,Fall 2024,3.42,4
ARTH201,Spring 2008,0.0,1
ARTH201,Spring 2010,4.0,1
ARTH201,Spring 2011,3.57,3
ARTH201,Spring 2012,3.0,1
ARTH201,Spring 2014,4.0,1
ARTH201,Spring 2019,3.5,2
ARTH201,Spring 2022,2.0,2
ARTH201,Spring 2023,3.92,4
ARTH221,Spring 2015,3.3,1
ARTH230,Fall 2024,4.0,2
ARTH240,Spring 2023,3.25,4
ARTH250,Fall 2010,4.0,1
ARTH250,Fall 2012,4.0,1
ARTH250,Spring 2012,3.0,1
ARTH255,Fall 2020,4.0,1
ARTH255,Fall 2024,3.0,1
ARTH260,Fall 2020,3.7,1
ARTH260,Fall 2021,4.0,1
ARTH260,Fall 2024,4.0,1
ARTH260,Spring 2024,4.0,1
ARTH260C,Fall 2022,4.0,1
ARTH260C,Spring 2021,4.0,1
ARTH260C,Spring 2024,3.7,1
ARTH261,Fall 2022,4.0,1
ARTH261,Fall 2024,4.0,4
ARTH261,Spring 2024,3.8,3
ARTH265,Spring 2022,3.85,4
ARTH275,Fall 2008,3.85,2
ARTH275,Fall 2011,4.0,1
ARTH275,Spring 2008,3.7,1
ARTH275,Spring 2010,3.0,2
ARTH290,Fall 2010,2.43,3
ARTH290,Fall 2011,3.85,2
ARTH290,Fall 2012,3.0,1
ARTH290,Spring 2011,3.0,2
ARTH292,Spring 2024,3.43,3
ARTH303,Spring 2022,3.0,1
ARTH305,Fall 2024,4.0,1
ARTH313,Spring 2023,3.0,1
ARTH324,Fall 2023,4.0,1
ARTH324,Spring 2025,4.0,1
ARTH330,Fall 2022,4.0,1
ARTH335,Spring 2024,4.0,1
ARTH346,Spring 2012,4.0,1
ARTH346,Spring 2016,3.35,2
ARTH350,Spring 2010,3.0,1
ARTH350,Spring 2012,4.0,1
ARTH351,Fall 2023,3.5,2
ARTH357,Spring 2024,4.0,1
ARTH359B,Spring 2023,4.0,1
ARTH360,Spring 2010,3.3,2
ARTH361,Spring 2023,4.0,2
ARTH362,Fall 2024,4.0,1
ARTH369D,Spring 2024,4.0,1
ARTH370,Spring 2010,4.0,1
ARTH376,Spring 2023,4.0,1
ARTH389C,Fall 2023,4.0,1
ARTH389C,Spring 2024,4.0,1
ARTH488B,Spring 2012,3.0,1
ARTH488J,Spring 2024,3.0,1
ARTH489L,Fall 2023,4.0,1
ARTH489N,Spring 2020,3.7,1
ARTT100,Fall 2007,2.3,1
ARTT100,Fall 2008,4.0,1
ARTT100,Fall 2009,3.5,2
ARTT100,Fall 2010,2.0,2
ARTT100,Fall 2011,3.5,2
ARTT100,Fall 2014,3.7,1
ARTT100,Fall 2021,4.0,1
ARTT100,Fall 2022,3.83,6
ARTT100,Fall 2024,3.75,4
ARTT100,Spring 2010,4.0,1
ARTT100,Spring 2011,4.0,1
ARTT100,Spring 2012,4.0,1
ARTT100,Spring 2016,3.0,1
ARTT100,Spring 2022,4.0,2
ARTT100,Spring 2023,4.0,1
ARTT100,Spring 2024,4.0,2
ARTT110,Fall 2014,4.0,1
ARTT110,Fall 2019,4.0,1
ARTT110,Fall 2020,4.0,2
ARTT110,Fall 2021,3.5,2
ARTT110,Fall 2022,4.0,2
ARTT110,Fall 2023,3.9,3
ARTT110,Fall 2024,4.0,4
ARTT110,Spring 2013,3.0,1
ARTT110,Spring 2019,4.0,1
ARTT110,Spring 2021,3.85,2
ARTT110,Spring 2022,3.9,3
ARTT110,Spring 2023,4.0,3
ARTT110,Spring 2024,4.0,3
ARTT150,Fall 2008,4.0,2
ARTT150,Fall 2009,4.0,4
ARTT150,Fall 2010,4.0,1
ARTT150,Fall 2012,4.0,1
ARTT150,Fall 2014,4.0,2
ARTT150,Fall 2015,4.0,1
ARTT150,Fall 2016,4.0,1
ARTT150,Fall 2022,4.0,1
ARTT150,Fall 2023,4.0,2
ARTT150,Fall 2024,3.83,4
ARTT150,Spring 2008,4.0,1
ARTT150,Spring 2009,4.0,1
ARTT150,Spring 2010,3.0,4
ARTT150,Spring 2011,4.0,2
ARTT150,Spring 2012,3.54,5
ARTT150,Spring 2016,2.0,1
ARTT150,Spring 2021,3.0,1
ARTT150,Spring 2022,2.9,3
ARTT150,Spring 2023,3.23,3
ARTT150,Spring 2024,4.0,4
ARTT200,Fall 2014,4.0,1
ARTT200,Fall 2019,4.0,1
ARTT200,Fall 2024,4.0,1
ARTT200,Spring 2010,4.0,1
ARTT200,Spring 2014,4.0,1
ARTT200,Spring 2021,3.7,1
ARTT200,Spring 2023,4.0,1
ARTT200,Spring 2024,3.77,3
ARTT210,Fall 2021,4.0,2
ARTT210,Fall 2022,4.0,1
ARTT210,Fall 2023,4.0,1
ARTT210,Fall 2024,3.7,1
ARTT210,Spring 2023,3.9,3
ARTT210,Spring 2024,4.0,1
ARTT255,Fall 2012,3.3,1
ARTT255,Fall 2020,4.0,1
ARTT255,Fall 2021,4.0,1
ARTT255,Fall 2024,4.0,1
ARTT255,Spring 2022,4.0,1
ARTT255,Spring 2024,3.92,4
ARTT320,Fall 2023,4.0,1
ARTT320,Spring 2010,4.0,1
ARTT320,Spring 2022,4.0,2
ARTT320,Spring 2023,4.0,1
ARTT333,Fall 2018,3.7,1
ARTT343,Spring 2023,4.0,1
ARTT353,Fall 2022,4.0,1
ARTT357,Spring 2024,3.67,3
ARTT370,Fall 2024,4.0,2
ARTT370,Spring 2018,4.0,1
ARTT418B,Fall 2015,4.0,1
ARTT418B,Spring 2011,4.0,1
ARTT418B,Spring 2015,4.0,1
ARTT428,Fall 2015,4.0,3
ARTT428,Fall 2019,3.7,1
ARTT428,Spring 2010,2.7,1
ARTT428,Spring 2012,3.0,1
ARTT428,Spring 2023,3.7,1
ARTT479D,Spring 2021,4.0,1
ASTR100,Fall 2007,3.0,1
ASTR100,Fall 2008,3.5,2
ASTR100,Fall 2009,4.0,1
ASTR100,Fall 2010,3.67,3
ASTR100,Fall 2011,3.13,3
ASTR100,Fall 2012,4.0,1
ASTR100,Fall 2014,4.0,1
ASTR100,Fall 2018,4.0,1
ASTR100,Fall 2020,4.0,1
ASTR100,Fall 2021,3.86,5
ASTR100,Fall 2022,3.67,3
ASTR100,Fall 2023,3.6,9
ASTR100,Fall 2024,3.29,7
ASTR100,Spring 2008,4.0,1
ASTR100,Spring 2009,3.23,3
ASTR100,Spring 2010,4.0,2
ASTR100,Spring 2011,3.5,2
ASTR100,Spring 2012,3.5,2
ASTR100,Spring 2014,4.0,1
ASTR100,Spring 2015,3.7,1
ASTR100,Spring 2018,3.35,2
ASTR100,Spring 2020,3.85,2
ASTR100,Spring 2021,4.0,3
ASTR100,Spring 2022,3.74,5
ASTR100,Spring 2023,4.0,7
ASTR100,Spring 2024,3.58,4
ASTR100,Spring 2025,2.7,1
ASTR101,Fall 2007,4.0,2
ASTR101,Fall 2010,3.0,1
ASTR101,Fall 2011,3.67,3
ASTR101,Fall 2013,3.0,1
ASTR101,Fall 2014,2.85,2
ASTR101,Fall 2018,4.0,1
ASTR101,Fall 2019,3.3,1
ASTR101,Fall 2020,3.0,1
ASTR101,Fall 2021,3.67,3
ASTR101,Fall 2022,2.56,5
ASTR101,Fall 2023,2.56,14
ASTR101,Fall 2024,3.92,4
ASTR101,Spring 2009,4.0,2
ASTR101,Spring 2010,3.3,1
ASTR101,Spring 2016,3.35,2
ASTR101,Spring 2018,3.7,1
ASTR101,Spring 2020,3.5,2
ASTR101,Spring 2022,4.0,2
ASTR101,Spring 2023,3.74,5
ASTR101,Spring 2024,2.94,7
ASTR120,Fall 2011,4.0,1
ASTR120,Fall 2017,3.0,1
ASTR120,Fall 2018,4.0,1
ASTR120,Fall 2019,3.5,2
ASTR120,Fall 2020,4.0,1
ASTR120,Fall 2022,4.0,2
ASTR120,Fall 2023,4.0,1
ASTR120,Fall 2024,3.23,3
ASTR120,Spring 2009,3.0,1
ASTR120,Spring 2014,3.0,1
ASTR120,Spring 2020,4.0,1
ASTR120,Spring 2022,4.0,1
ASTR120,Spring 2023,3.7,1
ASTR120,Spring 2025,3.0,1
ASTR121,Spring 2009,3.5,2
ASTR121,Spring 2023,3.83,4
ASTR121,Spring 2024,3.3,1
ASTR220,Fall 2010,3.33,3
ASTR220,Fall 2011,3.7,1
ASTR220,Fall 2012,4.0,1
ASTR220,Fall 2013,4.0,1
ASTR220,Fall 2014,4.0,1
ASTR220,Fall 2020,4.0,1
ASTR220,Fall 2021,3.7,2
ASTR220,Fall 2024,4.0,1
ASTR220,Spring 2012,4.0,1
ASTR220,Spring 2018,4.0,1
ASTR220,Spring 2021,2.7,1
ASTR220,Spring 2022,3.7,2
ASTR220,Spring 2023,4.0,1
ASTR220,Spring 2024,4.0,1
ASTR230,Fall 2020,3.0,1
ASTR230,Fall 2021,3.3,1
ASTR230,Fall 2024,4.0,1
ASTR230,Spring 2019,3.0,1
ASTR230,Spring 2020,4.0,1
ASTR288B,Fall 2024,4.0,1
ASTR288I,Spring 2023,4.0,1
ASTR288M,Spring 2010,4.0,1
ASTR300,Fall 2019,1.7,1
ASTR300,Fall 2020,3.7,1
ASTR300,Fall 2023,3.77,3
ASTR300,Fall 2024,3.7,1
ASTR300,Spring 2019,3.85,2
ASTR300,Spring 2021,4.0,1
ASTR300,Spring 2023,3.13,3
ASTR300,Spring 2024,4.0,1
ASTR310,Fall 2008,2.0,1
ASTR310,Fall 2014,3.0,1
ASTR310,Fall 2019,4.0,1
ASTR310,Fall 2024,3.5,2
ASTR315,Fall 2024,4.0,1
ASTR315,Spring 2023,4.0,1
ASTR320,Spring 2014,3.85,2
ASTR320,Spring 2023,4.0,1
ASTR320,Spring 2024,3.7,1
ASTR330,Fall 2021,2.0,1
ASTR330,Fall 2022,3.67,3
ASTR330,Spring 2019,3.0,1
ASTR330,Spring 2021,3.85,2
ASTR330,Spring 2022,2.7,1
ASTR330,Spring 2023,4.0,1
ASTR340,Fall 2009,4.0,1
ASTR340,Fall 2020,3.9,3
ASTR340,Fall 2021,4.0,1
ASTR340,Fall 2023,3.7,1
ASTR340,Spring 2009,3.0,1
ASTR340,Spring 2011,4.0,1
ASTR340,Spring 2021,3.92,4
ASTR340,Spring 2023,3.85,4
ASTR350,Fall 2023,4.0,1
ASTR350,Fall 2024,4.0,1
ASTR350,Spring 2021,4.0,2
ASTR350,Spring 2022,1.7,1
ASTR350,Spring 2024,2.77,3
ASTR380,Fall 2014,4.0,1
ASTR380,Fall 2019,3.7,1
ASTR380,Fall 2020,2.7,1
ASTR380,Fall 2021,3.5,2
ASTR380,Fall 2023,3.5,2
ASTR380,Spring 2022,3.7,1
ASTR380,Spring 2023,3.5,2
ASTR415,Fall 2010,4.0,1
ASTR415,Fall 2024,4.0,1
ASTR415,Spring 2021,4.0,1
ASTR430,Spring 2022,3.3,1
ASTR435,Spring 2023,4.0,1
ASTR480,Fall 2024,4.0,1
ASTR680,Spring 2025,4.0,1
BCHM461,Fall 2011,3.0,2
BCHM461,Fall 2012,3.7,1
BCHM461,Fall 2014,3.65,2
BCHM461,Fall 2016,4.0,1
BCHM461,Fall 2017,4.0,1
BCHM461,Fall 2019,3.0,1
BCHM461,Fall 2021,3.92,4
BCHM461,Fall 2022,4.0,4
BCHM461,Fall 2023,3.43,7
BCHM461,Fall 2024,3.78,11
BCHM461,Spring 2009,4.0,1
BCHM461,Spring 2016,4.0,1
BCHM461,Spring 2019,3.3,1
BCHM461,Spring 2020,3.0,1
BCHM461,Spring 2022,4.0,2
BCHM461,Spring 2023,3.5,2
BCHM461,Spring 2024,3.82,11
BCHM461,Spring 2025,3.8,3
BCHM462,Fall 2013,3.92,4
BCHM462,Fall 2024,3.0,2
BCHM462,Spring 2010,4.0,1
BCHM462,Spring 2011,2.85,2
BCHM462,Spring 2013,3.9,3
BCHM462,Spring 2022,2.85,2
BCHM462,Spring 2023,3.5,2
BCHM462,Spring 2024,4.0,2
BCHM463,Fall 2012,3.0,3
BCHM463,Fall 2013,3.0,2
BCHM463,Fall 2019,4.0,2
BCHM463,Fall 2020,3.0,2
BCHM463,Fall 2021,3.77,3
BCHM463,Fall 2022,3.5,4
BCHM463,Fall 2023,3.57,7
BCHM463,Fall 2024,3.57,3
BCHM463,Spring 2013,3.0,1
BCHM463,Spring 2021,3.0,1
BCHM463,Spring 2022,3.77,3
BCHM463,Spring 2023,3.8,8
BCHM463,Spring 2024,3.8,8
BCHM464,Spring 2023,4.0,1
BCHM464,Spring 2025,4.0,2
BCHM465,Fall 2021,3.0,1
BCHM465,Fall 2022,4.0,1
BCHM465,Fall 2023,3.15,2
BCHM465,Fall 2024,3.9,3
BCHM465,Spring 2014,3.5,2
BCHM465,Spring 2015,3.0,1
BCHM465,Spring 2016,4.0,1
BCHM465,Spring 2020,3.3,1
BCHM465,Spring 2022,3.67,3
BCHM465,Spring 2023,4.0,1
BCHM465,Spring 2024,1.7,1
BCHM485,Spring 2013,4.0,1
BCHM485,Spring 2024,4.0,2
BIOE120,Fall 2008,3.0,2
BIOE120,Fall 2010,4.0,1
BIOE120,Fall 2011,4.0,1
BIOE120,Fall 2012,4.0,1
BIOE120,Fall 2019,4.0,1
BIOE120,Fall 2020,3.35,2
BIOE120,Fall 2021,4.0,1
BIOE120,Fall 2022,3.67,3
BIOE120,Fall 2023,3.57,3
BIOE120,Fall 2024,3.76,7
BIOE120,Spring 2008,4.0,1
BIOE120,Spring 2009,4.0,1
BIOE120,Spring 2011,3.35,2
BIOE120,Spring 2012,4.0,1
BIOE120,Spring 2014,3.7,2
BIOE120,Spring 2019,4.0,1
BIOE120,Spring 2020,4.0,1
BIOE120,Spring 2022,3.77,3
BIOE120,Spring 2023,4.0,3
BIOE120,Spring 2024,3.33,3
BIOE121,Fall 2008,4.0,1
BIOE121,Fall 2011,4.0,1
BIOE121,Fall 2020,4.0,2
BIOE121,Fall 2023,4.0,2
BIOE121,Fall 2024,4.0,1
BIOE121,Spring 2023,3.65,2
BIOE121,Spring 2024,4.0,2
BIOE232,Fall 2017,4.0,1
BIOE232,Fall 2020,3.3,1
BIOE232,Fall 2021,3.5,2
BIOE232,Fall 2022,3.67,3
BIOE232,Fall 2023,3.15,2
BIOE232,Fall 2024,1.7,1
BIOE232,Spring 2011,3.33,3
BIOE232,Spring 2012,4.0,1
BIOE232,Spring 2021,3.85,2
BIOE232,Spring 2023,3.5,2
BIOE232,Spring 2024,4.0,1
BIOE241,Fall 2007,3.7,1
BIOE241,Fall 2010,4.0,1
BIOE241,Fall 2011,4.0,1
BIOE241,Fall 2022,3.95,6
BIOE241,Fall 2024,3.0,1
BIOE241,Spring 2008,4.0,1
BIOE241,Spring 2020,4.0,1
BIOE241,Spring 2021,4.0,1
BIOE241,Spring 2023,3.9,3
BIOE241,Spring 2024,4.0,1
BIOE241,Spring 2025,4.0,2
BIOE331,Fall 2016,3.15,2
BIOE331,Fall 2022,4.0,1
BIOE331,Fall 2023,3.33,4
BIOE331,Fall 2024,3.3,1
BIOE331,Spring 2020,3.7,1
BIOE331,Spring 2021,3.3,1
BIOE332,Fall 2007,3.33,3
BIOE332,Spring 2009,4.0,1
BIOE332,Spring 2010,3.0,1
BIOE332,Spring 2016,2.0,1
BIOE340,Fall 2009,3.0,1
BIOE340,Fall 2010,4.0,1
BIOE340,Fall 2011,3.0,2
BIOE340,Fall 2012,3.0,1
BIOE340,Fall 2015,2.0,2
BIOE340,Fall 2023,2.5,2
BIOE340,Fall 2024,3.67,3
BIOE340,Spring 2010,4.0,1
BIOE340,Spring 2012,4.0,1
BIOE340,Spring 2021,4.0,1
BIOE340,Spring 2022,4.0,1
BIOE340,Spring 2024,3.7,2
BIOE371,Fall 2016,3.7,1
BIOE371,Fall 2021,4.0,2
BIOE371,Fall 2022,4.0,1
BIOE371,Fall 2023,3.65,2
BIOE371,Fall 2024,4.0,2
BIOE371,Spring 2019,2.0,1
BIOE371,Spring 2023,2.78,5
BIOE371,Spring 2024,3.57,6
BIOE371,Spring 2025,3.23,3
BIOE372,Fall 2020,2.0,1
BIOE372,Fall 2022,3.15,2
BIOE372,Fall 2023,4.0,1
BIOE372,Fall 2024,4.0,1
BIOE372,Spring 2021,4.0,1
BIOE372,Spring 2022,4.0,1
BIOE372,Spring 2023,4.0,1
BIOE372,Spring 2024,3.65,2
BIOE386,Spring 2024,4.0,1
BIOE404,Fall 2010,4.0,1
BIOE404,Fall 2011,4.0,1
BIOE404,Fall 2012,3.3,1
BIOE404,Fall 2014,4.0,1
BIOE404,Fall 2024,3.3,1
BIOE404,Spring 2012,3.0,1
BIOE404,Spring 2014,4.0,1
BIOE404,Spring 2024,4.0,1
BIOE414,Spring 2022,3.7,1
BIOE420,Fall 2023,3.3,1
BIOE420,Fall 2024,4.0,1
BIOE437,Fall 2019,2.7,1
BIOE437,Fall 2021,3.7,1
BIOE437,Spring 2024,3.7,1
BIOE442,Fall 2022,4.0,1
BIOE442,Fall 2023,3.0,1
BIOE442,Spring 2021,4.0,1
BIOE447,Spring 2022,4.0,1
BIOE447,Spring 2025,4.0,2
BIOE453,Fall 2016,3.7,1
BIOE453,Fall 2022,4.0,2
BIOE453,Fall 2024,4.0,1
BIOE453,Spring 2022,3.3,1
BIOE457,Fall 2015,4.0,1
BIOE457,Fall 2022,3.7,1
BIOE457,Fall 2023,3.5,2
BIOE457,Fall 2024,4.0,2
BIOE457,Spring 2024,4.0,1
BIOE461,Spring 2021,4.0,1
BIOE461,Spring 2022,3.3,1
BIOE461,Spring 2023,4.0,1
BIOE461,Spring 2024,4.0,1
BIOE462,Fall 2021,4.0,1
BIOE485,Fall 2010,4.0,1
BIOE485,Fall 2022,4.0,1
BIOE485,Spring 2012,3.3,1
BIOE486,Spring 2023,4.0,1
BIOE489K,Fall 2023,3.7,1
BIOE489T,Spring 2023,4.0,1
BIOE601,Spring 2021,3.3,1
BIOE601,Spring 2022,4.0,1
BIOE658M,Spring 2022,4.0,1
BIOI604,Fall 2023,4.0,2
BIOM301,Fall 2008,4.0,2
BIOM301,Fall 2010,2.0,1
BIOM301,Fall 2011,4.0,1
BIOM301,Fall 2012,3.9,3
BIOM301,Fall 2013,4.0,1
BIOM301,Fall 2020,4.0,1
BIOM301,Fall 2022,4.0,2
BIOM301,Fall 2024,3.85,2
BIOM301,Spring 2008,4.0,1
BIOM301,Spring 2010,3.0,1
BIOM301,Spring 2011,4.0,1
BIOM301,Spring 2012,3.65,2
BIOM301,Spring 2013,4.0,2
BIOM301,Spring 2016,4.0,1
BIOM301,Spring 2021,4.0,1
BIOM301,Spring 2022,3.3,1
BIOM301,Spring 2023,3.83,4
BIOM301,Spring 2024,3.85,2
BMGT110,Fall 2008,4.0,1
BMGT110,Fall 2009,4.0,1
BMGT110,Fall 2011,2.7,1
BMGT110,Fall 2012,3.7,1
BMGT110,Fall 2013,3.3,1
BMGT110,Fall 2015,3.67,4
BMGT110,Fall 2020,4.0,1
BMGT110,Fall 2022,3.85,2
BMGT110,Fall 2023,3.67,6
BMGT110,Fall 2024,3.65,2
BMGT110,Spring 2008,3.75,4
BMGT110,Spring 2009,4.0,1
BMGT110,Spring 2014,3.7,1
BMGT110,Spring 2015,3.67,3
BMGT110,Spring 2018,3.3,1
BMGT110,Spring 2023,4.0,2
BMGT110,Spring 2024,4.0,4
BMGT110,Spring 2025,4.0,1
BMGT110F,Fall 2010,3.67,3
BMGT110F,Fall 2011,4.0,1
BMGT110F,Fall 2012,3.7,1
BMGT110F,Fall 2013,3.7,1
BMGT110F,Fall 2014,3.5,2
BMGT110F,Fall 2018,3.3,1
BMGT110F,Fall 2019,3.43,6
BMGT110F,Fall 2020,3.92,4
BMGT110F,Fall 2021,3.91,7
BMGT110F,Fall 2022,3.38,8
BMGT110F,Fall 2023,3.75,16
BMGT110F,Fall 2024,3.78,22
BMGT110F,Spring 2009,3.3,1
BMGT110F,Spring 2011,4.0,1
BMGT110F,Spring 2012,2.0,1
BMGT110F,Spring 2016,3.5,2
BMGT110F,Spring 2018,2.3,1
BMGT110F,Spring 2020,4.0,2
BMGT110F,Spring 2021,4.0,1
BMGT110F,Spring 2022,3.9,6
BMGT110F,Spring 2023,3.75,4
BMGT110F,Spring 2024,3.69,9
BMGT110L,Fall 2022,4.0,3
BMGT110S,Fall 2007,4.0,1
BMGT110S,Fall 2008,4.0,1
BMGT110S,Fall 2009,4.0,1
BMGT110S,Spring 2012,3.7,1
BMGT110S,Spring 2023,4.0,1
BMGT110S,Spring 2024,3.7,1
BMGT160,Fall 2021,4.0,1
BMGT160,Fall 2022,3.88,6
BMGT160,Fall 2023,4.0,3
BMGT160,Spring 2023,4.0,4
BMGT161,Fall 2023,3.3,1
BMGT161,Fall 2024,3.85,4
BMGT190H,Fall 2010,4.0,1
BMGT190H,Spring 2011,4.0,1
BMGT190H,Spring 2021,4.0,1
BMGT198C,Spring 2023,4.0,1
BMGT198D,Fall 2022,4.0,3
BMGT207,Fall 2023,2.0,1
BMGT207,Fall 2024,3.57,3
BMGT207,Spring 2021,3.7,1
BMGT207,Spring 2024,4.0,2
BMGT210,Fall 2021,4.0,2
BMGT210,Fall 2022,4.0,2
BMGT210,Spring 2019,3.7,1
BMGT210,Spring 2022,4.0,1
BMGT210,Spring 2023,3.65,2
BMGT220,Fall 2008,3.33,3
BMGT220,Fall 2010,3.4,6
BMGT220,Fall 2011,2.8,5
BMGT220,Fall 2012,3.0,3
BMGT220,Fall 2014,2.0,1
BMGT220,Fall 2015,3.0,1
BMGT220,Fall 2016,3.3,1
BMGT220,Fall 2019,2.0,1
BMGT220,Fall 2020,3.5,2
BMGT220,Fall 2021,2.2,5
BMGT220,Fall 2022,3.51,8
BMGT220,Fall 2023,3.55,8
BMGT220,Fall 2024,3.3,17
BMGT220,Spring 2008,3.9,3
BMGT220,Spring 2009,4.0,4
BMGT220,Spring 2010,3.86,7
BMGT220,Spring 2011,3.45,6
BMGT220,Spring 2012,2.85,2
BMGT220,Spring 2013,3.5,2
BMGT220,Spring 2014,3.7,1
BMGT220,Spring 2015,3.0,1
BMGT220,Spring 2018,2.0,1
BMGT220,Spring 2020,2.85,4
BMGT220,Spring 2021,2.0,1
BMGT220,Spring 2022,3.03,9
BMGT220,Spring 2023,3.86,7
BMGT220,Spring 2024,3.58,11
BMGT220H,Fall 2012,3.3,1
BMGT220H,Spring 2013,4.0,1
BMGT220H,Spring 2019,3.3,1
BMGT220H,Spring 2021,4.0,1
BMGT220L,Fall 2023,3.3,1
BMGT220L,Spring 2023,3.5,2
BMGT220L,Spring 2024,3.33,3
BMGT221,Fall 2020,2.7,1
BMGT221,Fall 2021,3.47,3
BMGT221,Fall 2022,3.85,2
BMGT221,Fall 2023,2.78,4
BMGT221,Fall 2024,3.02,10
BMGT221,Spring 2015,3.35,2
BMGT221,Spring 2019,3.3,1
BMGT221,Spring 2020,3.7,1
BMGT221,Spring 2021,2.7,1
BMGT221,Spring 2022,3.65,4
BMGT221,Spring 2023,3.53,7
BMGT221,Spring 2024,4.0,1
BMGT221,Spring 2025,2.5,2
BMGT221H,Fall 2010,3.3,1
BMGT221H,Spring 2012,3.0,1
BMGT221H,Spring 2013,4.0,2
BMGT221L,Fall 2024,2.67,3
BMGT230,Fall 2008,3.23,3
BMGT230,Fall 2009,4.0,1
BMGT230,Fall 2010,2.88,8
BMGT230,Fall 2011,2.52,9
BMGT230,Fall 2012,3.5,4
BMGT230,Fall 2013,4.0,1
BMGT230,Fall 2014,4.0,1
BMGT230,Fall 2017,2.7,1
BMGT230,Fall 2019,2.35,2
BMGT230,Fall 2020,2.7,1
BMGT230,Fall 2021,3.42,4
BMGT230,Fall 2022,3.6,4
BMGT230,Fall 2023,3.66,18
BMGT230,Fall 2024,3.45,31
BMGT230,Spring 2008,4.0,1
BMGT230,Spring 2009,3.7,1
BMGT230,Spring 2010,3.83,4
BMGT230,Spring 2011,3.63,7
BMGT230,Spring 2012,3.02,5
BMGT230,Spring 2015,3.15,2
BMGT230,Spring 2016,3.3,1
BMGT230,Spring 2018,1.7,1
BMGT230,Spring 2019,4.0,2
BMGT230,Spring 2020,4.0,3
BMGT230,Spring 2021,3.3,1
BMGT230,Spring 2022,3.1,3
BMGT230,Spring 2023,3.7,12
BMGT230,Spring 2024,3.41,8
BMGT230,Spring 2025,2.2,3
BMGT230B,Fall 2007,4.0,1
BMGT230B,Fall 2008,4.0,1
BMGT230B,Fall 2010,4.0,1
BMGT230B,Fall 2011,2.0,1
BMGT230B,Fall 2014,4.0,1
BMGT230B,Fall 2016,3.0,1
BMGT230B,Fall 2018,4.0,1
BMGT230B,Fall 2020,3.0,1
BMGT230B,Fall 2021,3.7,2
BMGT230B,Fall 2022,3.83,4
BMGT230B,Fall 2023,3.6,4
BMGT230B,Spring 2008,4.0,1
BMGT230B,Spring 2009,3.7,1
BMGT230B,Spring 2010,3.0,1
BMGT230B,Spring 2011,2.15,2
BMGT230B,Spring 2016,3.0,1
BMGT230B,Spring 2018,3.7,1
BMGT230B,Spring 2020,3.7,1
BMGT230B,Spring 2021,4.0,2
BMGT230B,Spring 2022,3.85,2
BMGT230B,Spring 2023,4.0,1
BMGT230H,Fall 2008,2.7,1
BMGT230H,Fall 2010,4.0,1
BMGT230H,Fall 2012,2.3,1
BMGT230H,Fall 2019,4.0,2
BMGT230H,Spring 2009,3.65,2
BMGT230H,Spring 2010,4.0,1
BMGT230H,Spring 2011,4.0,1
BMGT230H,Spring 2013,4.0,1
BMGT230L,Spring 2024,4.0,1
BMGT262,Fall 2024,4.0,1
BMGT263,Fall 2024,4.0,1
BMGT289A,Fall 2021,3.35,2
BMGT289A,Fall 2022,4.0,2
BMGT289A,Fall 2023,3.3,1
BMGT289A,Spring 2018,4.0,2
BMGT289A,Spring 2019,4.0,1
BMGT289A,Spring 2020,4.0,1
BMGT289A,Spring 2022,3.5,2
BMGT289A,Spring 2023,3.13,3
BMGT289A,Spring 2024,3.31,7
BMGT289B,Fall 2015,4.0,1
BMGT289B,Fall 2016,4.0,1
BMGT289B,Fall 2018,4.0,1
BMGT289B,Fall 2020,4.0,1
BMGT289B,Fall 2021,4.0,1
BMGT289B,Fall 2024,4.0,1
BMGT289B,Spring 2019,4.0,1
BMGT289B,Spring 2021,3.85,2
BMGT289B,Spring 2022,4.0,1
BMGT289B,Spring 2024,4.0,1
BMGT289D,Fall 2018,3.0,1
BMGT289D,Fall 2019,4.0,1
BMGT289D,Fall 2020,4.0,2
BMGT289D,Fall 2021,4.0,1
BMGT289D,Fall 2022,4.0,3
BMGT289D,Fall 2023,4.0,3
BMGT289D,Fall 2024,3.86,5
BMGT289D,Spring 2022,4.0,2
BMGT289D,Spring 2023,3.94,5
BMGT289D,Spring 2024,4.0,7
BMGT289E,Fall 2019,3.0,1
BMGT289E,Fall 2021,4.0,1
BMGT289E,Fall 2022,3.75,4
BMGT289E,Fall 2023,3.62,5
BMGT289E,Fall 2024,3.15,2
BMGT289E,Spring 2013,3.7,1
BMGT289E,Spring 2021,4.0,1
BMGT289E,Spring 2022,3.65,2
BMGT289E,Spring 2023,3.85,2
BMGT289E,Spring 2024,3.5,2
BMGT289F,Fall 2015,3.7,1
BMGT289I,Fall 2011,4.0,3
BMGT289I,Fall 2020,4.0,3
BMGT289I,Fall 2021,4.0,1
BMGT289I,Fall 2022,3.86,5
BMGT289I,Fall 2023,4.0,5
BMGT289I,Fall 2024,3.98,15
BMGT289I,Spring 2011,3.7,1
BMGT289I,Spring 2012,4.0,1
BMGT289I,Spring 2020,3.5,2
BMGT289I,Spring 2022,4.0,5
BMGT289I,Spring 2023,4.0,6
BMGT289I,Spring 2024,4.0,7
BMGT289I,Spring 2025,4.0,1
BMGT289J,Fall 2020,4.0,1
BMGT289J,Fall 2021,3.3,1
BMGT289J,Fall 2022,3.3,1
BMGT289J,Spring 2023,4.0,1
BMGT289L,Spring 2013,3.0,1
BMGT289M,Spring 2014,3.0,1
BMGT289M,Spring 2020,4.0,1
BMGT298A,Spring 2024,3.3,1
BMGT298F,Fall 2008,4.0,1
BMGT298F,Fall 2011,4.0,1
BMGT298F,Spring 2009,4.0,2
BMGT298J,Fall 2024,3.3,1
BMGT298J,Spring 2023,3.7,1
BMGT298K,Spring 2023,4.0,2
BMGT301,Fall 2009,3.85,2
BMGT301,Fall 2010,4.0,1
BMGT301,Fall 2012,4.0,1
BMGT301,Fall 2013,3.5,2
BMGT301,Fall 2014,3.0,1
BMGT301,Fall 2018,3.0,1
BMGT301,Fall 2019,3.7,1
BMGT301,Fall 2021,3.94,5
BMGT301,Fall 2022,3.77,7
BMGT301,Fall 2023,3.58,13
BMGT301,Fall 2024,3.36,25
BMGT301,Spring 2008,3.0,1
BMGT301,Spring 2009,4.0,3
BMGT301,Spring 2010,3.7,1
BMGT301,Spring 2011,2.8,3
BMGT301,Spring 2012,3.7,1
BMGT301,Spring 2013,4.0,3
BMGT301,Spring 2020,3.3,1
BMGT301,Spring 2021,4.0,1
BMGT301,Spring 2022,3.7,1
BMGT301,Spring 2023,3.57,7
BMGT301,Spring 2024,3.57,10
BMGT301,Spring 2025,3.9,3
BMGT301F,Fall 2020,3.7,1
BMGT301F,Fall 2021,3.0,1
BMGT301F,Fall 2022,3.5,4
BMGT301F,Fall 2023,3.85,2
BMGT301F,Fall 2024,3.66,5
BMGT301F,Spring 2019,3.7,1
BMGT301F,Spring 2020,4.0,1
BMGT301F,Spring 2023,3.57,3
BMGT301F,Spring 2024,4.0,1
BMGT301F,Spring 2025,2.3,1
BMGT302,Fall 2012,3.5,2
BMGT302,Fall 2019,3.9,3
BMGT302,Fall 2020,4.0,2
BMGT302,Fall 2022,3.2,2
BMGT302,Fall 2023,4.0,2
BMGT302,Fall 2024,3.8,5
BMGT302,Spring 2018,4.0,1
BMGT302,Spring 2020,3.7,1
BMGT302,Spring 2021,4.0,1
BMGT302,Spring 2022,4.0,2
BMGT302,Spring 2023,3.42,4
BMGT302,Spring 2024,3.78,9
BMGT302,Spring 2025,2.5,2
BMGT302F,Fall 2022,3.5,4
BMGT302F,Spring 2023,3.0,1
BMGT310,Fall 2008,4.0,2
BMGT310,Fall 2009,4.0,1
BMGT310,Fall 2010,4.0,1
BMGT310,Fall 2011,3.85,2
BMGT310,Fall 2012,4.0,1
BMGT310,Fall 2014,4.0,1
BMGT310,Fall 2019,3.3,1
BMGT310,Fall 2021,4.0,2
BMGT310,Fall 2022,3.0,1
BMGT310,Fall 2023,3.67,4
BMGT310,Fall 2024,3.62,6
BMGT310,Spring 2015,4.0,1
BMGT310,Spring 2023,4.0,2
BMGT310,Spring 2024,3.67,3
BMGT310,Spring 2025,3.7,2
BMGT311,Fall 2007,3.7,1
BMGT311,Fall 2010,4.0,1
BMGT311,Fall 2011,3.85,2
BMGT311,Fall 2013,4.0,1
BMGT311,Fall 2014,3.35,2
BMGT311,Fall 2021,4.0,1
BMGT311,Fall 2022,4.0,1
BMGT311,Fall 2023,4.0,2
BMGT311,Fall 2024,3.3,1
BMGT311,Spring 2009,3.67,3
BMGT311,Spring 2011,4.0,1
BMGT311,Spring 2012,3.3,1
BMGT311,Spring 2013,4.0,2
BMGT311,Spring 2014,2.57,3
BMGT311,Spring 2015,4.0,1
BMGT311,Spring 2019,3.0,2
BMGT311,Spring 2022,4.0,1
BMGT311,Spring 2023,4.0,1
BMGT311,Spring 2024,4.0,2
BMGT313,Fall 2014,3.0,1
BMGT313,Fall 2023,3.0,1
BMGT313,Fall 2024,4.0,1
BMGT313,Spring 2009,4.0,1
BMGT313,Spring 2014,4.0,1
BMGT313,Spring 2019,3.85,2
BMGT313,Spring 2023,4.0,1
BMGT313F,Fall 2011,4.0,1
BMGT313F,Fall 2021,2.3,1
BMGT313F,Spring 2015,4.0,1
BMGT313F,Spring 2021,3.7,1
BMGT321,Fall 2008,3.0,1
BMGT321,Fall 2009,4.0,1
BMGT321,Fall 2014,4.0,1
BMGT321,Fall 2019,2.3,1
BMGT321,Fall 2021,4.0,1
BMGT321,Fall 2022,4.0,1
BMGT321,Fall 2023,3.67,3
BMGT321,Fall 2024,4.0,1
BMGT321,Spring 2009,4.0,1
BMGT321,Spring 2010,4.0,1
BMGT321,Spring 2011,3.0,3
BMGT321,Spring 2012,3.67,4
BMGT321,Spring 2014,3.7,1
BMGT321,Spring 2015,4.0,1
BMGT321,Spring 2021,3.3,1
BMGT321,Spring 2022,4.0,1
BMGT321,Spring 2023,3.7,2
BMGT321,Spring 2024,4.0,1
BMGT321,Spring 2025,3.5,2
BMGT323,Fall 2011,4.0,1
BMGT323,Fall 2022,4.0,1
BMGT323,Fall 2023,4.0,1
BMGT323,Fall 2024,3.85,2
BMGT323,Spring 2010,4.0,1
BMGT323,Spring 2012,4.0,1
BMGT323,Spring 2014,4.0,1
BMGT323,Spring 2015,4.0,1
BMGT323,Spring 2022,4.0,1
BMGT323,Spring 2024,3.67,3
BMGT323,Spring 2025,4.0,1
BMGT326,Fall 2022,3.7,1
BMGT326,Fall 2024,3.3,1
BMGT326,Spring 2022,3.3,2
BMGT326,Spring 2023,3.85,2
BMGT332,Fall 2011,2.5,2
BMGT332,Fall 2019,3.7,1
BMGT332,Fall 2021,4.0,1
BMGT332,Fall 2022,4.0,1
BMGT332,Fall 2023,2.7,1
BMGT332,Fall 2024,3.71,7
BMGT332,Spring 2012,3.0,1
BMGT332,Spring 2014,2.3,1
BMGT332,Spring 2023,3.35,2
BMGT332,Spring 2024,4.0,1
BMGT332,Spring 2025,3.2,3
BMGT340,Fall 2007,4.0,2
BMGT340,Fall 2008,4.0,4
BMGT340,Fall 2009,3.3,1
BMGT340,Fall 2010,3.33,3
BMGT340,Fall 2011,3.5,4
BMGT340,Fall 2012,4.0,2
BMGT340,Fall 2013,4.0,1
BMGT340,Fall 2020,3.0,1
BMGT340,Fall 2021,4.0,2
BMGT340,Fall 2022,3.1,3
BMGT340,Fall 2023,3.88,8
BMGT340,Fall 2024,3.82,11
BMGT340,Spring 2009,3.4,4
BMGT340,Spring 2010,4.0,1
BMGT340,Spring 2011,3.6,5
BMGT340,Spring 2012,3.85,2
BMGT340,Spring 2013,3.0,1
BMGT340,Spring 2014,3.23,3
BMGT340,Spring 2020,3.23,3
BMGT340,Spring 2021,3.95,6
BMGT340,Spring 2022,3.2,3
BMGT340,Spring 2023,3.89,9
BMGT340,Spring 2024,3.46,8
BMGT340F,Fall 2022,3.5,2
BMGT340F,Fall 2024,3.46,5
BMGT340F,Spring 2018,3.3,1
BMGT340F,Spring 2022,4.0,1
BMGT340F,Spring 2023,4.0,1
BMGT341,Fall 2021,3.0,1
BMGT341,Fall 2023,3.3,1
BMGT341,Fall 2024,2.67,3
BMGT341,Spring 2018,4.0,1
BMGT341,Spring 2019,3.5,2
BMGT341,Spring 2023,4.0,1
BMGT341F,Fall 2023,4.0,1
BMGT341F,Spring 2021,3.7,1
BMGT341F,Spring 2023,4.0,2
BMGT343,Fall 2010,4.0,1
BMGT343,Fall 2018,4.0,1
BMGT343,Fall 2020,3.3,1
BMGT343,Fall 2021,3.7,1
BMGT343,Fall 2022,4.0,4
BMGT343,Fall 2023,3.95,6
BMGT343,Fall 2024,3.16,7
BMGT343,Spring 2011,3.0,1
BMGT343,Spring 2019,3.7,1
BMGT343,Spring 2021,3.85,2
BMGT343,Spring 2022,4.0,1
BMGT343,Spring 2023,4.0,2
BMGT343,Spring 2024,3.92,4
BMGT343,Spring 2025,4.0,2
BMGT345,Spring 2021,4.0,1
BMGT345,Spring 2023,4.0,1
BMGT347,Spring 2023,4.0,1
BMGT347F,Spring 2022,4.0,1
BMGT350,Fall 2007,4.0,1
BMGT350,Fall 2008,3.5,4
BMGT350,Fall 2009,4.0,3
BMGT350,Fall 2010,3.67,3
BMGT350,Fall 2011,3.92,4
BMGT350,Fall 2012,3.67,3
BMGT350,Fall 2013,3.7,1
BMGT350,Fall 2014,4.0,2
BMGT350,Fall 2019,4.0,1
BMGT350,Fall 2020,4.0,1
BMGT350,Fall 2021,3.9,3
BMGT350,Fall 2022,3.53,6
BMGT350,Fall 2023,3.9,3
BMGT350,Fall 2024,3.78,6
BMGT350,Spring 2009,3.15,2
BMGT350,Spring 2011,3.35,4
BMGT350,Spring 2012,3.22,6
BMGT350,Spring 2013,3.35,2
BMGT350,Spring 2014,3.35,4
BMGT350,Spring 2020,3.65,2
BMGT350,Spring 2021,4.0,1
BMGT350,Spring 2022,3.34,5
BMGT350,Spring 2023,3.51,7
BMGT350,Spring 2024,3.54,5
BMGT350H,Fall 2007,4.0,1
BMGT350H,Fall 2012,4.0,1
BMGT350M,Spring 2021,3.35,2
BMGT351,Fall 2023,3.9,3
BMGT351,Fall 2024,3.9,6
BMGT351,Spring 2024,4.0,2
BMGT353,Fall 2010,4.0,2
BMGT353,Fall 2011,3.5,2
BMGT353,Fall 2012,2.3,1
BMGT353,Fall 2016,4.0,1
BMGT353,Fall 2020,3.3,1
BMGT353,Fall 2022,4.0,1
BMGT353,Fall 2024,4.0,1
BMGT353,Spring 2012,4.0,1
BMGT354,Fall 2023,4.0,1
BMGT354,Fall 2024,3.8,3
BMGT354,Spring 2024,3.7,1
BMGT355,Fall 2022,4.0,1
BMGT355,Fall 2023,3.7,1
BMGT357,Fall 2024,4.0,1
BMGT360,Fall 2009,4.0,2
BMGT360,Fall 2011,3.33,3
BMGT360,Fall 2012,3.0,1
BMGT360,Fall 2019,3.7,1
BMGT360,Fall 2020,4.0,1
BMGT360,Fall 2022,3.0,1
BMGT360,Fall 2024,3.2,2
BMGT360,Spring 2008,3.0,1
BMGT360,Spring 2009,3.0,1
BMGT360,Spring 2011,3.0,1
BMGT360,Spring 2018,3.7,1
BMGT360,Spring 2021,4.0,1
BMGT360,Spring 2022,4.0,1
BMGT360,Spring 2023,3.9,3
BMGT360,Spring 2024,3.74,5
BMGT362,Fall 2020,4.0,1
BMGT362,Fall 2022,3.03,3
BMGT362,Fall 2023,3.57,3
BMGT362,Fall 2024,3.3,1
BMGT362,Spring 2022,3.7,1
BMGT362,Spring 2023,3.67,3
BMGT362,Spring 2024,3.8,3
BMGT363,Fall 2013,4.0,3
BMGT363,Fall 2022,3.3,1
BMGT363,Fall 2023,3.85,2
BMGT363,Fall 2024,3.5,2
BMGT363,Spring 2013,4.0,1
BMGT363,Spring 2024,3.7,1
BMGT364,Fall 2008,4.0,3
BMGT364,Fall 2009,3.94,5
BMGT364,Fall 2010,4.0,1
BMGT364,Fall 2011,3.0,1
BMGT364,Fall 2012,3.3,1
BMGT364,Fall 2015,4.0,1
BMGT364,Fall 2018,3.0,1
BMGT364,Fall 2020,4.0,2
BMGT364,Fall 2021,3.7,1
BMGT364,Fall 2022,3.96,7
BMGT364,Fall 2023,3.77,7
BMGT364,Fall 2024,3.73,19
BMGT364,Spring 2008,4.0,4
BMGT364,Spring 2009,3.9,3
BMGT364,Spring 2010,3.85,2
BMGT364,Spring 2011,3.5,2
BMGT364,Spring 2012,3.25,4
BMGT364,Spring 2013,3.0,1
BMGT364,Spring 2014,3.3,1
BMGT364,Spring 2018,4.0,1
BMGT364,Spring 2019,4.0,1
BMGT364,Spring 2021,4.0,3
BMGT364,Spring 2022,3.95,6
BMGT364,Spring 2023,3.93,17
BMGT364,Spring 2024,3.9,6
BMGT364,Spring 2025,3.77,3
BMGT364M,Fall 2018,2.15,2
BMGT364M,Fall 2021,4.0,1
BMGT364M,Spring 2019,3.3,1
BMGT364M,Spring 2021,4.0,1
BMGT364N,Spring 2010,4.0,1
BMGT365,Fall 2019,4.0,1
BMGT365,Fall 2023,3.0,2
BMGT365,Spring 2023,4.0,1
BMGT367,Fall 2021,4.0,1
BMGT367,Fall 2024,3.75,4
BMGT367,Spring 2023,4.0,1
BMGT367,Spring 2024,4.0,7
BMGT367,Spring 2025,4.0,1
BMGT367F,Fall 2024,4.0,1
BMGT367F,Spring 2019,2.3,1
BMGT367F,Spring 2020,4.0,1
BMGT367F,Spring 2021,4.0,1
BMGT367F,Spring 2022,4.0,2
BMGT367F,Spring 2023,4.0,1
BMGT367F,Spring 2024,4.0,2
BMGT370,Fall 2012,4.0,1
BMGT370,Fall 2020,3.0,1
BMGT370,Fall 2021,4.0,1
BMGT370,Fall 2023,3.7,2
BMGT370,Fall 2024,4.0,1
BMGT370,Spring 2011,4.0,1
BMGT370,Spring 2013,3.65,2
BMGT370,Spring 2022,4.0,1
BMGT370,Spring 2023,4.0,1
BMGT372,Fall 2008,3.0,1
BMGT372,Fall 2009,4.0,1
BMGT372,Fall 2011,4.0,2
BMGT372,Fall 2012,4.0,1
BMGT372,Fall 2018,3.3,1
BMGT372,Fall 2019,3.0,1
BMGT372,Fall 2021,3.0,1
BMGT372,Fall 2022,4.0,1
BMGT372,Fall 2024,3.7,2
BMGT372,Spring 2008,4.0,1
BMGT372,Spring 2009,3.3,1
BMGT372,Spring 2012,3.3,1
BMGT372,Spring 2013,4.0,2
BMGT372,Spring 2022,2.7,2
BMGT372,Spring 2023,3.25,4
BMGT372,Spring 2024,3.5,2
BMGT372,Spring 2025,4.0,2
BMGT372M,Spring 2021,4.0,1
BMGT373,Fall 2023,4.0,1
BMGT375,Spring 2024,3.5,2
BMGT380,Fall 2008,2.7,1
BMGT380,Fall 2010,4.0,1
BMGT380,Fall 2011,3.88,6
BMGT380,Fall 2012,3.9,3
BMGT380,Fall 2014,4.0,1
BMGT380,Fall 2015,4.0,1
BMGT380,Fall 2018,4.0,1
BMGT380,Fall 2019,3.7,1
BMGT380,Fall 2020,2.85,2
BMGT380,Fall 2021,3.38,6
BMGT380,Fall 2022,3.67,6
BMGT380,Fall 2023,3.65,2
BMGT380,Fall 2024,3.39,16
BMGT380,Spring 2008,4.0,1
BMGT380,Spring 2009,4.0,1
BMGT380,Spring 2011,3.75,4
BMGT380,Spring 2012,3.85,2
BMGT380,Spring 2013,3.13,3
BMGT380,Spring 2014,4.0,2
BMGT380,Spring 2015,4.0,1
BMGT380,Spring 2018,2.7,1
BMGT380,Spring 2019,4.0,1
BMGT380,Spring 2021,2.87,3
BMGT380,Spring 2022,3.7,1
BMGT380,Spring 2023,3.45,6
BMGT380,Spring 2024,3.71,14
BMGT380H,Fall 2007,4.0,1
BMGT380H,Spring 2012,4.0,1
BMGT380H,Spring 2013,4.0,1
BMGT381,Fall 2014,4.0,1
BMGT381,Spring 2013,3.0,1
BMGT381,Spring 2014,3.9,3
BMGT382,Fall 2022,4.0,1
BMGT385,Fall 2011,2.0,1
BMGT385,Fall 2013,3.0,1
BMGT385,Fall 2016,3.0,1
BMGT385,Fall 2022,3.3,1
BMGT385,Fall 2023,3.5,2
BMGT385,Fall 2024,3.67,6
BMGT385,Spring 2012,4.0,1
BMGT385,Spring 2014,3.7,1
BMGT385,Spring 2022,3.0,1
BMGT385,Spring 2023,4.0,1
BMGT390H,Fall 2011,4.0,2
BMGT390H,Fall 2013,4.0,1
BMGT390H,Fall 2021,4.0,1
BMGT390H,Fall 2024,4.0,2
BMGT392,Fall 2009,4.0,1
BMGT392,Fall 2019,4.0,1
BMGT392,Fall 2020,4.0,1
BMGT392,Fall 2021,3.7,1
BMGT392,Fall 2023,4.0,1
BMGT392,Spring 2009,4.0,1
BMGT392,Spring 2019,4.0,2
BMGT395,Fall 2023,4.0,1
BMGT395,Fall 2024,4.0,1
BMGT395,Spring 2023,4.0,2
BMGT395,Spring 2024,4.0,1
BMGT398A,Spring 2024,4.0,1
BMGT398I,Fall 2024,4.0,1
BMGT402,Fall 2020,3.0,1
BMGT402,Fall 2022,3.67,8
BMGT402,Fall 2023,4.0,4
BMGT402,Fall 2024,4.0,1
BMGT402,Spring 2021,4.0,1
BMGT402,Spring 2022,3.43,3
BMGT402,Spring 2023,3.8,5
BMGT402,Spring 2024,3.92,4
BMGT402,Spring 2025,4.0,2
BMGT402F,Spring 2022,3.0,1
BMGT402F,Spring 2023,3.65,2
BMGT403,Fall 2014,3.7,1
BMGT403,Fall 2020,4.0,1
BMGT403,Fall 2021,4.0,1
BMGT403,Fall 2023,3.65,2
BMGT403,Spring 2023,4.0,1
BMGT403,Spring 2025,3.7,2
BMGT404,Fall 2020,4.0,1
BMGT404,Spring 2024,4.0,1
BMGT406,Fall 2011,3.0,1
BMGT406,Fall 2016,3.7,1
BMGT406,Fall 2022,4.0,1
BMGT406,Spring 2009,4.0,1
BMGT406,Spring 2012,4.0,4
BMGT406,Spring 2013,4.0,1
BMGT406,Spring 2015,4.0,1
BMGT407,Fall 2019,4.0,1
BMGT407,Fall 2023,3.7,1
BMGT407,Spring 2014,4.0,1
BMGT407,Spring 2024,3.67,3
BMGT408C,Fall 2021,4.0,1
BMGT408E,Spring 2025,4.0,1
BMGT408V,Spring 2021,3.7,1
BMGT408V,Spring 2023,4.0,1
BMGT408V,Spring 2024,3.5,2
BMGT410,Spring 2012,3.7,1
BMGT410,Spring 2015,4.0,1
BMGT411,Fall 2010,3.7,1
BMGT411,Fall 2014,4.0,1
BMGT411,Fall 2022,4.0,1
BMGT411,Fall 2024,3.75,4
BMGT411,Spring 2009,4.0,1
BMGT411,Spring 2012,4.0,1
BMGT411,Spring 2023,3.7,1
BMGT411,Spring 2024,4.0,3
BMGT417,Fall 2009,4.0,1
BMGT417,Fall 2011,4.0,1
BMGT417,Fall 2019,3.7,1
BMGT417,Fall 2022,4.0,1
BMGT417,Fall 2024,3.85,2
BMGT417,Spring 2014,3.43,3
BMGT422,Fall 2011,4.0,3
BMGT422,Fall 2012,4.0,3
BMGT422,Fall 2014,3.0,1
BMGT422,Fall 2019,3.0,1
BMGT422,Fall 2023,4.0,1
BMGT422,Fall 2024,4.0,1
BMGT422,Spring 2009,4.0,1
BMGT422,Spring 2010,3.43,3
BMGT422,Spring 2011,3.67,3
BMGT422,Spring 2012,4.0,1
BMGT422,Spring 2013,4.0,1
BMGT422,Spring 2015,3.0,1
BMGT422,Spring 2020,3.3,1
BMGT422,Spring 2023,4.0,1
BMGT422,Spring 2024,4.0,2
BMGT423,Spring 2015,4.0,1
BMGT424,Spring 2023,4.0,1
BMGT428C,Fall 2011,3.3,1
BMGT430,Fall 2011,3.0,1
BMGT430,Fall 2021,3.67,3
BMGT430,Fall 2023,2.5,2
BMGT430,Fall 2024,2.15,2
BMGT430,Spring 2013,4.0,1
BMGT430,Spring 2019,3.7,1
BMGT430,Spring 2022,2.3,1
BMGT430,Spring 2023,2.86,5
BMGT430,Spring 2024,3.3,1
BMGT430,Spring 2025,3.35,2
BMGT431,Fall 2024,2.0,1
BMGT431,Spring 2021,3.15,2
BMGT431,Spring 2022,4.0,1
BMGT431,Spring 2023,3.3,1
BMGT434,Fall 2016,2.0,1
BMGT434,Spring 2011,3.7,1
BMGT434,Spring 2020,3.7,1
BMGT434,Spring 2021,3.33,3
BMGT434,Spring 2024,4.0,2
BMGT435,Fall 2008,3.7,1
BMGT435,Fall 2021,4.0,1
BMGT435,Fall 2022,4.0,1
BMGT435,Fall 2024,3.7,1
BMGT438A,Fall 2021,4.0,1
BMGT438A,Spring 2024,3.9,3
BMGT440,Fall 2010,4.0,1
BMGT440,Fall 2012,4.0,1
BMGT440,Fall 2020,4.0,1
BMGT440,Fall 2023,4.0,1
BMGT440,Fall 2024,3.4,4
BMGT440,Spring 2010,4.0,1
BMGT440,Spring 2013,4.0,1
BMGT440,Spring 2015,3.85,2
BMGT440,Spring 2019,4.0,1
BMGT440,Spring 2021,4.0,2
BMGT440,Spring 2023,3.3,1
BMGT440,Spring 2024,3.8,5
BMGT441,Fall 2020,4.0,1
BMGT441,Fall 2021,3.5,2
BMGT441,Fall 2023,3.5,2
BMGT441,Fall 2024,3.5,2
BMGT441,Spring 2019,4.0,1
BMGT441,Spring 2023,2.7,1
BMGT443,Fall 2012,4.0,1
BMGT443,Fall 2014,4.0,1
BMGT443,Fall 2023,4.0,2
BMGT443,Fall 2024,3.33,4
BMGT443,Spring 2009,4.0,1
BMGT443,Spring 2011,3.0,1
BMGT443,Spring 2013,4.0,1
BMGT443,Spring 2014,3.0,1
BMGT443,Spring 2015,4.0,1
BMGT443,Spring 2019,4.0,1
BMGT443,Spring 2021,4.0,1
BMGT443,Spring 2022,4.0,1
BMGT443,Spring 2023,4.0,3
BMGT443,Spring 2024,3.53,3
BMGT444,Fall 2019,4.0,1
BMGT444,Fall 2023,3.33,3
BMGT444,Spring 2015,3.7,1
BMGT444,Spring 2023,3.3,1
BMGT444,Spring 2025,4.0,1
BMGT445,Fall 2008,4.0,1
BMGT445,Fall 2011,4.0,1
BMGT445,Fall 2014,4.0,1
BMGT445,Fall 2016,3.0,1
BMGT445,Fall 2021,4.0,1
BMGT445,Spring 2010,4.0,1
BMGT445,Spring 2013,4.0,1
BMGT445,Spring 2015,4.0,1
BMGT445,Spring 2019,4.0,2
BMGT445,Spring 2022,4.0,1
BMGT445,Spring 2024,3.85,2
BMGT446,Fall 2008,3.0,1
BMGT446,Fall 2019,3.0,1
BMGT446,Fall 2023,2.3,1
BMGT446,Fall 2024,3.0,2
BMGT446,Spring 2021,3.7,1
BMGT446,Spring 2024,1.7,1
BMGT448E,Spring 2013,4.0,1
BMGT448G,Fall 2018,4.0,1
BMGT448L,Spring 2024,4.0,1
BMGT448X,Fall 2023,3.7,1
BMGT448X,Fall 2024,3.3,1
BMGT448X,Spring 2024,4.0,2
BMGT448X,Spring 2025,4.0,1
BMGT448Y,Fall 2023,3.7,1
BMGT448Y,Spring 2024,4.0,1
BMGT450,Fall 2010,4.0,1
BMGT450,Spring 2011,4.0,1
BMGT451,Fall 2007,4.0,1
BMGT451,Fall 2011,4.0,1
BMGT451,Fall 2013,3.3,1
BMGT451,Fall 2014,4.0,1
BMGT451,Fall 2017,4.0,1
BMGT451,Spring 2010,3.5,2
BMGT451,Spring 2018,4.0,1
BMGT451,Spring 2022,3.3,1
BMGT451,Spring 2023,4.0,1
BMGT452,Fall 2021,4.0,1
BMGT452,Fall 2022,4.0,1
BMGT452,Spring 2022,3.5,2
BMGT452,Spring 2023,4.0,1
BMGT453,Fall 2024,4.0,1
BMGT454,Spring 2022,4.0,1
BMGT454,Spring 2023,3.3,1
BMGT454,Spring 2024,3.3,1
BMGT456,Fall 2024,4.0,1
BMGT457,Fall 2022,3.0,1
BMGT457,Fall 2024,4.0,2
BMGT457,Spring 2012,3.0,2
BMGT457,Spring 2023,3.0,1
BMGT457,Spring 2024,3.85,2
BMGT458R,Fall 2024,4.0,1
BMGT458T,Spring 2024,4.0,1
BMGT461,Fall 2018,3.0,1
BMGT461,Spring 2022,3.65,2
BMGT461,Spring 2023,3.5,2
BMGT461,Spring 2024,3.3,1
BMGT461M,Fall 2022,4.0,2
BMGT461M,Fall 2023,3.3,1
BMGT461M,Fall 2024,4.0,2
BMGT461M,Spring 2023,3.7,1
BMGT461M,Spring 2024,3.0,1
BMGT461M,Spring 2025,4.0,1
BMGT461N,Fall 2014,4.0,1
BMGT461N,Fall 2018,2.0,1
BMGT463,Fall 2010,4.0,1
BMGT463,Fall 2018,4.0,1
BMGT463,Fall 2022,2.67,4
BMGT463,Fall 2023,3.0,1
BMGT463,Fall 2024,4.0,1
BMGT463,Spring 2022,3.0,2
BMGT463,Spring 2024,2.6,4
BMGT466,Fall 2010,4.0,1
BMGT466,Fall 2023,3.0,1
BMGT466,Fall 2024,3.7,1
BMGT466,Spring 2011,4.0,1
BMGT466,Spring 2020,4.0,1
BMGT466,Spring 2024,3.65,2
BMGT467,Spring 2022,3.7,1
BMGT468A,Fall 2024,4.0,2
BMGT468B,Spring 2024,4.0,2
BMGT468R,Fall 2024,3.7,1
BMGT468V,Fall 2024,4.0,2
BMGT468X,Fall 2024,4.0,1
BMGT468Y,Fall 2024,2.0,1
BMGT468Z,Fall 2023,4.0,2
BMGT468Z,Fall 2024,4.0,1
BMGT470,Fall 2009,4.0,1
BMGT472,Fall 2022,3.5,2
BMGT472,Fall 2023,4.0,1
BMGT472,Fall 2024,4.0,3
BMGT475,Fall 2023,4.0,1
BMGT475,Spring 2021,4.0,1
BMGT476,Fall 2023,4.0,1
BMGT476,Spring 2019,4.0,1
BMGT476,Spring 2023,4.0,1
BMGT476,Spring 2024,4.0,1
BMGT477,Fall 2008,3.7,1
BMGT477,Fall 2012,4.0,1
BMGT477,Fall 2013,4.0,1
BMGT477,Fall 2019,4.0,1
BMGT477,Fall 2022,3.7,1
BMGT477,Spring 2012,4.0,1
BMGT477,Spring 2023,3.7,1
BMGT477,Spring 2024,4.0,3
BMGT478G,Fall 2023,4.0,1
BMGT478G,Fall 2024,4.0,1
BMGT478G,Spring 2024,4.0,1
BMGT478I,Spring 2024,4.0,1
BMGT484,Fall 2009,4.0,1
BMGT484,Fall 2019,4.0,1
BMGT484,Fall 2023,4.0,1
BMGT484,Fall 2024,4.0,1
BMGT484,Spring 2012,4.0,1
BMGT484,Spring 2013,4.0,1
BMGT484,Spring 2024,4.0,1
BMGT484,Spring 2025,4.0,1
BMGT485,Fall 2011,3.0,1
BMGT485,Fall 2021,4.0,1
BMGT485,Fall 2024,4.0,1
BMGT485,Spring 2019,4.0,1
BMGT485,Spring 2023,3.3,1
BMGT485,Spring 2024,3.85,4
BMGT487,Fall 2011,3.3,1
BMGT488A,Fall 2008,4.0,1
BMGT490H,Fall 2012,4.0,1
BMGT491,Fall 2022,4.0,1
BMGT495,Fall 2010,3.0,1
BMGT495,Fall 2011,4.0,1
BMGT495,Fall 2012,4.0,1
BMGT495,Fall 2014,4.0,1
BMGT495,Fall 2019,1.85,2
BMGT495,Fall 2020,3.65,2
BMGT495,Fall 2021,4.0,1
BMGT495,Fall 2022,3.64,8
BMGT495,Fall 2023,3.5,4
BMGT495,Fall 2024,3.48,9
BMGT495,Spring 2011,3.5,2
BMGT495,Spring 2018,4.0,1
BMGT495,Spring 2019,3.7,1
BMGT495,Spring 2020,4.0,1
BMGT495,Spring 2022,3.77,6
BMGT495,Spring 2023,3.83,15
BMGT495,Spring 2024,3.62,8
BMGT495,Spring 2025,3.48,5
BMGT496,Spring 2012,4.0,1
BMGT498A,Fall 2007,4.0,1
BMGT602,Fall 2022,4.0,1
BMGT606,Fall 2024,4.0,1
BMGT610,Fall 2022,3.7,1
BMGT610,Spring 2023,4.0,1
BMGT612,Fall 2024,4.0,1
BMGT758O,Spring 2023,4.0,1
BMGT758Z,Fall 2024,4.0,1
BMGT818T,Fall 2022,3.3,1
BMGT831,Fall 2022,4.0,1
BMSO602,Spring 2022,4.0,1
BSCI103,Fall 2008,4.0,1
BSCI103,Fall 2009,3.0,1
BSCI103,Fall 2010,4.0,1
BSCI103,Fall 2014,3.0,1
BSCI103,Fall 2023,4.0,2
BSCI103,Spring 2010,4.0,2
BSCI103,Spring 2011,2.0,1
BSCI103,Spring 2020,3.5,2
BSCI103,Spring 2022,3.7,1
BSCI103,Spring 2023,3.92,4
BSCI103,Spring 2024,3.9,3
BSCI105,Fall 2007,3.5,2
BSCI105,Fall 2009,3.0,4
BSCI105,Fall 2010,3.21,14
BSCI105,Fall 2011,3.9,3
BSCI105,Fall 2012,4.0,2
BSCI105,Fall 2013,3.85,2
BSCI105,Fall 2014,4.0,1
BSCI105,Spring 2008,2.0,1
BSCI105,Spring 2009,3.5,6
BSCI105,Spring 2010,3.52,9
BSCI105,Spring 2011,3.26,14
BSCI105,Spring 2012,3.26,5
BSCI105,Spring 2014,3.0,1
BSCI105,Spring 2015,3.34,5
BSCI105,Spring 2016,3.3,1
BSCI105C,Fall 2012,3.5,2
BSCI105C,Fall 2013,3.0,1
BSCI105C,Fall 2014,4.0,1
BSCI105C,Spring 2013,3.3,1
BSCI105C,Spring 2016,4.0,2
BSCI105S,Fall 2008,4.0,1
BSCI105S,Spring 2011,3.0,1
BSCI105S,Spring 2014,4.0,2
BSCI106,Fall 2007,3.0,2
BSCI106,Fall 2008,2.92,4
BSCI106,Fall 2009,3.46,5
BSCI106,Fall 2010,3.39,12
BSCI106,Fall 2011,2.43,3
BSCI106,Fall 2012,3.33,3
BSCI106,Fall 2013,4.0,1
BSCI106,Fall 2014,4.0,1
BSCI106,Fall 2015,4.0,1
BSCI106,Fall 2016,3.0,1
BSCI106,Spring 2009,3.0,6
BSCI106,Spring 2010,3.68,6
BSCI106,Spring 2011,3.03,11
BSCI106,Spring 2012,3.67,3
BSCI106,Spring 2015,3.15,2
BSCI106,Spring 2016,4.0,1
BSCI106C,Spring 2008,4.0,1
BSCI106C,Spring 2010,3.0,1
BSCI106H,Fall 2008,4.0,1
BSCI106H,Fall 2009,4.0,1
BSCI106H,Fall 2013,3.7,1
BSCI106H,Spring 2009,4.0,1
BSCI106H,Spring 2012,3.7,1
BSCI106H,Spring 2015,4.0,1
BSCI106S,Fall 2010,4.0,1
BSCI106S,Fall 2013,2.0,1
BSCI120,Fall 2008,3.3,1
BSCI120,Spring 2024,4.0,3
BSCI124,Fall 2010,3.33,3
BSCI124,Fall 2011,4.0,2
BSCI124,Spring 2011,3.85,2
BSCI124,Spring 2016,4.0,1
BSCI124,Spring 2020,3.35,2
BSCI124,Spring 2021,4.0,1
BSCI125,Spring 2011,4.0,1
BSCI125,Spring 2024,3.7,1
BSCI126,Fall 2012,3.0,1
BSCI126,Fall 2021,4.0,1
BSCI126,Fall 2022,4.0,1
BSCI126,Fall 2023,4.0,1
BSCI126,Spring 2012,4.0,1
BSCI126,Spring 2015,4.0,1
BSCI126,Spring 2016,4.0,1
BSCI126,Spring 2018,4.0,1
BSCI126,Spring 2020,4.0,1
BSCI126,Spring 2025,4.0,1
BSCI135,Fall 2013,3.0,1
BSCI135,Fall 2016,4.0,1
BSCI135,Fall 2022,4.0,2
BSCI135,Fall 2023,3.33,4
BSCI135,Fall 2024,3.6,4
BSCI135,Spring 2015,4.0,1
BSCI135,Spring 2019,4.0,1
BSCI135,Spring 2022,3.5,2
BSCI135,Spring 2023,3.85,6
BSCI135,Spring 2024,3.14,5
BSCI150,Fall 2021,4.0,3
BSCI150,Fall 2022,3.86,9
BSCI150,Fall 2023,3.0,1
BSCI151,Fall 2024,4.0,2
BSCI151,Spring 2024,3.0,1
BSCI160,Fall 2020,3.85,2
BSCI160,Fall 2021,3.77,3
BSCI160,Fall 2022,3.56,107
BSCI160,Fall 2023,3.76,162
BSCI160,Fall 2024,3.26,51
BSCI160,Spring 2020,2.3,1
BSCI160,Spring 2021,3.35,4
BSCI160,Spring 2022,3.47,23
BSCI160,Spring 2023,3.29,16
BSCI160,Spring 2024,3.65,90
BSCI160,Spring 2025,3.85,2
BSCI161,Fall 2020,3.7,2
BSCI161,Fall 2021,4.0,1
BSCI161,Fall 2022,3.65,4
BSCI161,Fall 2023,4.0,3
BSCI161,Fall 2024,3.76,9
BSCI161,Spring 2022,4.0,2
BSCI161,Spring 2023,4.0,1
BSCI161,Spring 2024,4.0,1
BSCI161C,Fall 2024,4.0,1
BSCI161S,Fall 2023,3.7,1
BSCI170,Fall 2018,2.0,1
BSCI170,Fall 2019,2.92,4
BSCI170,Fall 2020,3.5,2
BSCI170,Fall 2021,3.69,15
BSCI170,Fall 2022,3.52,14
BSCI170,Fall 2023,3.5,21
BSCI170,Fall 2024,3.67,41
BSCI170,Spring 2021,3.92,8
BSCI170,Spring 2022,3.62,13
BSCI170,Spring 2023,3.39,35
BSCI170,Spring 2024,3.39,34
BSCI170,Spring 2025,3.43,3
BSCI170C,Fall 2022,3.7,1
BSCI170C,Spring 2020,4.0,1
BSCI170C,Spring 2022,2.68,5
BSCI171,Fall 2020,4.0,4
BSCI171,Fall 2021,4.0,1
BSCI171,Fall 2022,3.83,4
BSCI171,Fall 2023,4.0,3
BSCI171,Fall 2024,3.84,10
BSCI171,Spring 2020,3.65,2
BSCI171,Spring 2021,3.86,5
BSCI171,Spring 2022,4.0,2
BSCI171,Spring 2023,3.6,9
BSCI171,Spring 2024,3.74,5
BSCI171,Spring 2025,4.0,1
BSCI189I,Fall 2010,3.0,1
BSCI189I,Fall 2019,4.0,1
BSCI189I,Spring 2011,4.0,1
BSCI189I,Spring 2015,4.0,1
BSCI189I,Spring 2019,3.0,1
BSCI189I,Spring 2021,4.0,1
BSCI201,Fall 2009,4.0,1
BSCI201,Fall 2010,3.5,4
BSCI201,Fall 2011,4.0,2
BSCI201,Fall 2014,3.0,1
BSCI201,Fall 2015,3.7,1
BSCI201,Fall 2017,3.7,1
BSCI201,Fall 2019,3.0,1
BSCI201,Fall 2021,4.0,1
BSCI201,Fall 2022,3.78,6
BSCI201,Fall 2023,3.43,7
BSCI201,Fall 2024,3.73,13
BSCI201,Spring 2008,4.0,1
BSCI201,Spring 2009,4.0,1
BSCI201,Spring 2011,4.0,1
BSCI201,Spring 2012,3.3,1
BSCI201,Spring 2014,3.0,1
BSCI201,Spring 2015,4.0,2
BSCI201,Spring 2020,3.35,2
BSCI201,Spring 2023,3.55,8
BSCI201,Spring 2024,3.45,6
BSCI201,Spring 2025,3.67,4
BSCI202,Fall 2020,3.0,1
BSCI202,Fall 2022,3.0,2
BSCI202,Fall 2023,3.58,4
BSCI202,Fall 2024,2.23,3
BSCI202,Spring 2009,3.0,1
BSCI202,Spring 2021,4.0,2
BSCI202,Spring 2022,3.7,1
BSCI202,Spring 2023,3.72,6
BSCI202,Spring 2024,3.65,2
BSCI207,Fall 2007,4.0,2
BSCI207,Fall 2008,2.57,7
BSCI207,Fall 2009,3.5,4
BSCI207,Fall 2010,4.0,2
BSCI207,Fall 2011,3.8,5
BSCI207,Fall 2012,4.0,3
BSCI207,Fall 2013,4.0,1
BSCI207,Fall 2016,4.0,1
BSCI207,Fall 2020,3.9,3
BSCI207,Fall 2021,3.78,6
BSCI207,Fall 2022,3.93,10
BSCI207,Fall 2023,3.79,11
BSCI207,Fall 2024,3.69,19
BSCI207,Spring 2008,4.0,3
BSCI207,Spring 2009,3.23,7
BSCI207,Spring 2010,2.7,7
BSCI207,Spring 2011,3.4,5
BSCI207,Spring 2012,3.23,7
BSCI207,Spring 2013,3.5,2
BSCI207,Spring 2014,3.17,4
BSCI207,Spring 2016,3.9,3
BSCI207,Spring 2021,4.0,1
BSCI207,Spring 2022,3.68,5
BSCI207,Spring 2023,3.56,9
BSCI207,Spring 2024,3.95,6
BSCI207,Spring 2025,3.77,3
BSCI215,Fall 2012,4.0,1
BSCI222,Fall 2007,4.0,2
BSCI222,Fall 2008,3.25,4
BSCI222,Fall 2009,3.5,4
BSCI222,Fall 2010,3.52,9
BSCI222,Fall 2011,3.41,9
BSCI222,Fall 2012,3.62,6
BSCI222,Fall 2013,3.67,3
BSCI222,Fall 2014,3.5,2
BSCI222,Fall 2016,4.0,1
BSCI222,Fall 2018,3.0,2
BSCI222,Fall 2019,3.7,1
BSCI222,Fall 2020,3.85,2
BSCI222,Fall 2021,2.5,2
BSCI222,Fall 2022,3.92,4
BSCI222,Fall 2023,3.67,10
BSCI222,Fall 2024,3.48,23
BSCI222,Spring 2008,3.57,3
BSCI222,Spring 2009,3.8,5
BSCI222,Spring 2010,3.71,7
BSCI222,Spring 2011,3.6,5
BSCI222,Spring 2012,3.72,6
BSCI222,Spring 2013,3.0,1
BSCI222,Spring 2015,4.0,1
BSCI222,Spring 2019,4.0,1
BSCI222,Spring 2020,3.3,1
BSCI222,Spring 2021,4.0,3
BSCI222,Spring 2022,3.49,9
BSCI222,Spring 2023,3.24,20
BSCI222,Spring 2024,3.72,12
BSCI223,Fall 2007,3.5,2
BSCI223,Fall 2010,4.0,3
BSCI223,Fall 2011,4.0,1
BSCI223,Fall 2021,4.0,1
BSCI223,Fall 2022,4.0,3
BSCI223,Fall 2023,3.86,5
BSCI223,Fall 2024,3.68,11
BSCI223,Spring 2009,3.33,3
BSCI223,Spring 2010,4.0,3
BSCI223,Spring 2019,3.85,2
BSCI223,Spring 2020,3.7,1
BSCI223,Spring 2021,3.9,3
BSCI223,Spring 2022,4.0,1
BSCI223,Spring 2023,3.7,1
BSCI223,Spring 2024,3.97,9
BSCI223,Spring 2025,3.7,1
BSCI238D,Fall 2020,4.0,7
BSCI238D,Spring 2021,4.0,6
BSCI238G,Fall 2022,4.0,1
BSCI258,Spring 2023,3.0,1
BSCI279C,Spring 2010,3.5,2
BSCI279C,Spring 2019,4.0,1
BSCI279H,Spring 2011,4.0,1
BSCI279H,Spring 2021,4.0,1
BSCI283,Fall 2022,4.0,3
BSCI283,Spring 2024,4.0,1
BSCI330,Fall 2007,3.77,3
BSCI330,Fall 2008,4.0,1
BSCI330,Fall 2009,4.0,4
BSCI330,Fall 2010,3.67,4
BSCI330,Fall 2011,3.5,2
BSCI330,Fall 2012,3.9,3
BSCI330,Fall 2013,2.0,1
BSCI330,Fall 2014,3.3,1
BSCI330,Fall 2016,2.0,1
BSCI330,Fall 2019,3.7,1
BSCI330,Fall 2020,4.0,2
BSCI330,Fall 2021,3.35,4
BSCI330,Fall 2022,3.35,15
BSCI330,Fall 2023,3.77,10
BSCI330,Fall 2024,3.74,14
BSCI330,Spring 2008,4.0,1
BSCI330,Spring 2009,4.0,2
BSCI330,Spring 2010,3.74,5
BSCI330,Spring 2011,4.0,1
BSCI330,Spring 2012,3.29,8
BSCI330,Spring 2013,3.83,4
BSCI330,Spring 2014,4.0,1
BSCI330,Spring 2015,3.85,2
BSCI330,Spring 2016,4.0,1
BSCI330,Spring 2022,3.0,4
BSCI330,Spring 2023,3.93,10
BSCI330,Spring 2024,3.51,11
BSCI330,Spring 2025,4.0,1
BSCI330H,Fall 2021,3.7,1
BSCI330H,Fall 2022,4.0,2
BSCI330H,Fall 2023,3.9,3
BSCI330H,Fall 2024,3.67,4
BSCI330H,Spring 2021,4.0,2
BSCI330H,Spring 2024,4.0,1
BSCI330H,Spring 2025,4.0,1
BSCI334,Fall 2012,4.0,1
BSCI334,Spring 2022,4.0,1
BSCI334,Spring 2023,4.0,1
BSCI337,Fall 2021,3.7,1
BSCI337,Spring 2020,3.3,1
BSCI337,Spring 2023,1.7,1
BSCI337,Spring 2024,3.0,1
BSCI338B,Fall 2022,2.7,1
BSCI338B,Fall 2023,4.0,1
BSCI338N,Fall 2022,3.3,1
BSCI338X,Fall 2018,4.0,1
BSCI339P,Fall 2024,4.0,1
BSCI342,Spring 2024,3.7,1
BSCI342,Spring 2025,3.7,1
BSCI343,Fall 2024,4.0,1
BSCI343,Spring 2025,4.0,1
BSCI348M,Spring 2021,4.0,1
BSCI353,Fall 2013,4.0,1
BSCI353,Fall 2014,3.85,2
BSCI353,Fall 2021,3.63,7
BSCI353,Spring 2020,4.0,1
BSCI353,Spring 2022,2.8,3
BSCI353,Spring 2023,3.54,5
BSCI353,Spring 2025,3.85,2
BSCI360,Fall 2010,3.0,1
BSCI360,Fall 2012,4.0,1
BSCI360,Fall 2019,2.7,1
BSCI360,Fall 2022,2.7,1
BSCI360,Fall 2024,4.0,3
BSCI361,Fall 2011,4.0,1
BSCI361,Fall 2022,3.7,1
BSCI361,Fall 2024,3.67,4
BSCI361,Spring 2011,3.3,1
BSCI361,Spring 2021,4.0,1
BSCI361,Spring 2023,3.7,1
BSCI361,Spring 2024,3.85,2
BSCI363,Fall 2013,3.0,1
BSCI363,Spring 2009,3.3,1
BSCI363,Spring 2013,4.0,1
BSCI366,Fall 2024,4.0,2
BSCI370,Fall 2008,2.3,1
BSCI370,Fall 2009,4.0,1
BSCI370,Fall 2011,3.0,1
BSCI370,Fall 2012,4.0,1
BSCI370,Fall 2014,1.5,2
BSCI370,Fall 2018,3.7,1
BSCI370,Fall 2024,3.53,3
BSCI370,Spring 2011,4.0,1
BSCI370,Spring 2012,3.0,1
BSCI370,Spring 2015,2.0,1
BSCI370,Spring 2016,3.0,1
BSCI370,Spring 2023,4.0,3
BSCI370,Spring 2024,3.2,2
BSCI370,Spring 2025,4.0,1
BSCI373,Spring 2013,4.0,1
BSCI373,Spring 2015,4.0,1
BSCI374,Fall 2024,4.0,1
BSCI381,Fall 2023,4.0,1
BSCI381,Fall 2024,4.0,1
BSCI392,Fall 2010,4.0,1
BSCI392,Fall 2018,4.0,1
BSCI392,Fall 2024,4.0,1
BSCI392,Spring 2024,4.0,1
BSCI393,Spring 2020,4.0,1
BSCI400,Fall 2023,4.0,1
BSCI400,Fall 2024,4.0,1
BSCI400,Spring 2022,4.0,1
BSCI400,Spring 2024,4.0,1
BSCI403,Fall 2022,4.0,1
BSCI403,Spring 2024,4.0,1
BSCI404,Fall 2023,2.3,1
BSCI405,Fall 2022,3.7,1
BSCI410,Fall 2007,4.0,1
BSCI410,Fall 2009,3.57,3
BSCI410,Fall 2010,3.7,3
BSCI410,Fall 2019,4.0,1
BSCI410,Fall 2020,4.0,2
BSCI410,Fall 2021,2.3,1
BSCI410,Fall 2022,3.0,2
BSCI410,Fall 2023,3.76,7
BSCI410,Fall 2024,4.0,4
BSCI410,Spring 2008,3.0,2
BSCI410,Spring 2011,4.0,1
BSCI410,Spring 2012,3.0,1
BSCI410,Spring 2013,4.0,2
BSCI410,Spring 2014,4.0,1
BSCI410,Spring 2015,4.0,1
BSCI410,Spring 2016,3.7,1
BSCI410,Spring 2020,4.0,3
BSCI410,Spring 2021,3.75,11
BSCI410,Spring 2022,3.92,8
BSCI410,Spring 2023,3.94,5
BSCI410,Spring 2024,3.85,17
BSCI411,Fall 2022,3.85,2
BSCI411,Fall 2023,4.0,1
BSCI411,Fall 2024,4.0,3
BSCI412,Fall 2021,3.0,1
BSCI412,Spring 2021,4.0,1
BSCI412,Spring 2023,4.0,2
BSCI415,Fall 2008,4.0,1
BSCI415,Fall 2013,4.0,1
BSCI415,Fall 2023,4.0,1
BSCI415,Fall 2024,4.0,1
BSCI415,Spring 2009,4.0,1
BSCI415,Spring 2010,4.0,1
BSCI415,Spring 2011,4.0,2
BSCI420,Fall 2013,4.0,1
BSCI420,Fall 2021,4.0,1
BSCI420,Fall 2022,4.0,2
BSCI420,Fall 2023,4.0,2
BSCI420,Spring 2022,4.0,1
BSCI420,Spring 2024,4.0,2
BSCI421,Fall 2011,2.7,1
BSCI422,Fall 2013,3.0,2
BSCI422,Fall 2016,3.7,1
BSCI422,Fall 2021,2.0,1
BSCI422,Spring 2024,3.65,2
BSCI424,Fall 2007,2.0,1
BSCI424,Fall 2009,4.0,1
BSCI424,Fall 2010,4.0,2
BSCI424,Fall 2011,3.3,1
BSCI424,Fall 2012,3.0,1
BSCI424,Fall 2013,4.0,1
BSCI424,Fall 2018,4.0,1
BSCI424,Spring 2008,4.0,1
BSCI424,Spring 2024,3.7,1
BSCI430,Fall 2014,3.0,1
BSCI430,Fall 2024,4.0,1
BSCI430,Spring 2009,2.0,1
BSCI430,Spring 2013,4.0,1
BSCI430,Spring 2022,4.0,1
BSCI430,Spring 2023,3.7,1
BSCI430,Spring 2025,3.85,2
BSCI432,Fall 2021,4.0,1
BSCI432,Fall 2023,4.0,3
BSCI433,Fall 2008,4.0,1
BSCI433,Fall 2022,4.0,1
BSCI433,Fall 2023,3.85,2
BSCI433,Spring 2010,4.0,1
BSCI433,Spring 2011,3.0,2
BSCI433,Spring 2014,3.0,1
BSCI433,Spring 2022,3.65,2
BSCI433,Spring 2023,4.0,2
BSCI433,Spring 2024,4.0,2
BSCI436,Fall 2023,4.0,2
BSCI436,Spring 2023,4.0,1
BSCI437,Fall 2008,4.0,1
BSCI437,Fall 2013,4.0,2
BSCI437,Fall 2019,4.0,1
BSCI437,Fall 2023,3.57,3
BSCI437,Fall 2024,3.85,2
BSCI437,Spring 2013,4.0,1
BSCI437,Spring 2015,4.0,1
BSCI437,Spring 2025,4.0,1
BSCI439A,Fall 2024,4.0,2
BSCI440,Fall 2007,3.5,2
BSCI440,Fall 2008,4.0,2
BSCI440,Fall 2011,4.0,1
BSCI440,Fall 2013,4.0,1
BSCI440,Fall 2016,4.0,1
BSCI440,Fall 2020,3.33,3
BSCI440,Fall 2021,3.85,2
BSCI440,Fall 2023,3.5,2
BSCI440,Fall 2024,3.3,1
BSCI440,Spring 2009,4.0,1
BSCI440,Spring 2010,3.5,4
BSCI440,Spring 2013,4.0,2
BSCI440,Spring 2015,3.67,3
BSCI440,Spring 2016,4.0,1
BSCI440,Spring 2018,2.7,1
BSCI440,Spring 2019,4.0,2
BSCI440,Spring 2020,3.7,1
BSCI440,Spring 2021,3.15,2
BSCI440,Spring 2022,3.0,4
BSCI440,Spring 2023,3.7,1
BSCI441,Fall 2021,4.0,1
BSCI442,Fall 2011,2.0,1
BSCI442,Spring 2015,3.3,1
BSCI442,Spring 2022,3.7,1
BSCI442,Spring 2023,2.65,2
BSCI443,Fall 2013,4.0,1
BSCI443,Fall 2023,4.0,1
BSCI443,Fall 2024,4.0,1
BSCI446,Fall 2016,4.0,1
BSCI446,Fall 2019,4.0,1
BSCI447,Fall 2009,4.0,2
BSCI447,Fall 2012,4.0,1
BSCI447,Fall 2019,3.0,1
BSCI447,Fall 2022,3.7,1
BSCI447,Fall 2024,3.5,2
BSCI447,Spring 2010,3.7,1
BSCI447,Spring 2011,4.0,1
BSCI447,Spring 2012,3.5,2
BSCI447,Spring 2014,2.7,1
BSCI447,Spring 2020,4.0,1
BSCI447,Spring 2022,3.92,4
BSCI450,Fall 2022,3.7,1
BSCI450,Fall 2023,3.69,16
BSCI450,Fall 2024,3.0,2
BSCI450,Spring 2023,4.0,6
BSCI450,Spring 2024,3.57,3
BSCI451,Fall 2023,4.0,1
BSCI451,Spring 2023,4.0,2
BSCI452,Fall 2021,3.7,1
BSCI452,Spring 2020,3.85,2
BSCI453,Spring 2024,4.0,1
BSCI454,Spring 2010,4.0,1
BSCI455,Fall 2023,3.5,2
BSCI455,Spring 2023,4.0,1
BSCI462,Fall 2012,3.0,1
BSCI462,Spring 2011,2.0,1
BSCI462,Spring 2019,3.3,1
BSCI464,Fall 2024,4.0,1
BSCI467,Fall 2014,4.0,1
BSCI467,Fall 2024,4.0,4
BSCI467,Spring 2020,4.0,1
BSCI471,Fall 2018,3.7,1
BSCI471,Fall 2022,3.3,1
BSCI471,Spring 2022,4.0,1
BSCI473,Spring 2023,2.98,8
BSCI473,Spring 2024,4.0,2
BSCI476,Spring 2021,3.0,1
BSCI477,Spring 2022,4.0,1
BSCI477,Spring 2024,4.0,1
BSCI483,Fall 2021,4.0,1
BSCI483,Fall 2023,4.0,1
BSCI483,Fall 2024,3.57,3
BSCI483,Spring 2025,3.67,3
BSCI493,Fall 2010,3.7,1
BSCI493,Spring 2014,4.0,1
BSCV181,Fall 2020,4.0,1
BSCV181,Fall 2022,3.7,1
BSCV191,Fall 2020,4.0,1
BSCV191,Fall 2022,4.0,1
BSCV191,Spring 2024,4.0,1
BSCV301,Fall 2020,4.0,1
BSGC100,Fall 2021,4.0,1
BSGC101,Fall 2021,4.0,1
BSGC101,Spring 2019,4.0,1
BSOS201,Fall 2021,4.0,1
BSOS201,Fall 2022,3.41,9
BSOS201,Fall 2023,3.5,2
BSOS201,Fall 2024,3.8,3
BSOS201,Spring 2022,4.0,3
BSOS201,Spring 2023,4.0,1
BSOS201,Spring 2024,4.0,5
BSOS201,Spring 2025,4.0,2
BSOS233,Fall 2022,4.0,1
BSOS233,Fall 2024,4.0,2
BSOS233,Spring 2024,4.0,1
BSOS289I,Fall 2015,4.0,1
BSOS361,Fall 2022,4.0,1
BSOS388B,Fall 2021,3.85,2
BSST200,Fall 2024,3.83,4
BSST240,Fall 2022,4.0,3
BSST240,Fall 2023,4.0,1
BSST241,Fall 2022,4.0,1
BSST241,Fall 2024,4.0,2
BSST330,Fall 2021,4.0,1
BSST330,Fall 2022,3.7,1
BSST330,Fall 2023,4.0,1
BSST334,Fall 2023,4.0,2
BSST334,Fall 2024,4.0,1
BSST335,Fall 2021,3.0,1
BSST335,Fall 2023,4.0,1
BSST335,Fall 2024,3.85,2
BSST338O,Fall 2024,4.0,1
BSST338P,Spring 2020,4.0,1
BSST338R,Spring 2022,4.0,1
BSST338R,Spring 2024,4.0,1
BSST338V,Spring 2023,3.85,2
BSST340,Fall 2023,3.33,3
BSST340,Fall 2024,4.0,3
BSST340,Spring 2023,3.0,1
BSST340,Spring 2024,4.0,1
BUAC710,Spring 2023,4.0,1
BUAC712,Fall 2020,3.7,1
BUAC762,Fall 2024,3.7,1
BUDT702,Spring 2024,3.7,1
BUDT704,Fall 2021,4.0,1
BUDT704,Spring 2022,3.7,1
BUDT704,Spring 2024,4.0,1
BUDT722,Fall 2021,4.0,1
BUDT722,Fall 2024,2.7,1
BUDT724,Spring 2022,4.0,1
BUDT730,Fall 2022,3.35,2
BUDT730,Fall 2024,4.0,1
BUDT730,Spring 2022,3.7,1
BUDT731,Spring 2024,3.3,1
BUDT732,Fall 2024,3.7,1
BUDT737,Fall 2024,3.85,2
BUDT737,Spring 2023,4.0,1
BUFN400,Fall 2022,3.3,1
BUFN403,Spring 2024,3.8,5
BUFN610,Fall 2022,4.0,1
BUFN610,Spring 2023,3.5,2
BUFN610,Spring 2024,3.0,1
BUFN620,Spring 2023,4.0,1
BUFN620,Spring 2024,4.0,1
BUFN630,Spring 2023,3.5,2
BUFN640,Spring 2023,4.0,1
BUFN650,Spring 2023,3.7,1
BUFN660,Fall 2024,3.7,1
BUFN660,Spring 2023,4.0,1
BUFN710,Fall 2021,3.0,1
BUFN712,Spring 2023,4.0,1
BUFN712,Spring 2024,3.3,1
BUFN726,Spring 2022,4.0,1
BUFN730,Spring 2023,4.0,1
BUFN730,Spring 2024,3.3,1
BUFN732,Spring 2023,3.35,2
BUFN745,Spring 2023,3.35,2
BULM711,Spring 2024,2.7,1
BUMK720,Spring 2023,3.3,1
BUMK726,Fall 2021,3.0,1
BUMK742,Fall 2021,3.3,1
BUSI602,Fall 2023,4.0,1
BUSI602,Fall 2024,3.7,1
BUSI622,Fall 2011,3.0,1
BUSI630,Fall 2018,4.0,1
BUSI650,Spring 2025,4.0,1
BUSI683,Fall 2012,4.0,1
BUSI718C,Spring 2023,3.7,1
BUSO603,Fall 2022,3.7,1
BUSO614,Spring 2024,3.3,1
BUSO703,Fall 2020,3.7,1
BUSO703,Fall 2021,4.0,1
BUSO703,Fall 2024,4.0,1
BUSO703,Spring 2021,3.3,1
BUSO706,Fall 2024,3.0,1
BUSO706,Spring 2024,4.0,1
BUSO712,Fall 2024,4.0,1
BUSO731,Fall 2024,3.0,2
CBMG613,Spring 2024,4.0,1
CBMG688G,Spring 2024,4.0,1
CCJS100,Fall 2018,4.0,1
CCJS100,Fall 2019,3.7,1
CCJS100,Fall 2020,4.0,1
CCJS100,Fall 2021,4.0,6
CCJS100,Fall 2022,3.83,15
CCJS100,Fall 2023,3.64,10
CCJS100,Fall 2024,3.84,10
CCJS100,Spring 2019,3.85,2
CCJS100,Spring 2020,3.9,3
CCJS100,Spring 2021,4.0,3
CCJS100,Spring 2022,4.0,5
CCJS100,Spring 2023,3.92,13
CCJS100,Spring 2024,3.81,11
CCJS100,Spring 2025,3.25,4
CCJS105,Fall 2010,2.0,1
CCJS105,Fall 2014,3.7,1
CCJS105,Fall 2019,3.35,4
CCJS105,Fall 2020,3.85,2
CCJS105,Fall 2021,3.43,7
CCJS105,Fall 2022,3.04,11
CCJS105,Fall 2023,3.76,11
CCJS105,Fall 2024,3.62,21
CCJS105,Spring 2008,4.0,2
CCJS105,Spring 2010,3.7,1
CCJS105,Spring 2011,3.0,1
CCJS105,Spring 2020,4.0,1
CCJS105,Spring 2022,2.67,3
CCJS105,Spring 2023,3.74,5
CCJS105,Spring 2024,3.54,5
CCJS105,Spring 2025,3.5,2
CCJS200,Fall 2008,4.0,1
CCJS200,Fall 2009,3.85,2
CCJS200,Fall 2011,3.67,3
CCJS200,Fall 2012,4.0,2
CCJS200,Fall 2021,3.23,3
CCJS200,Fall 2022,4.0,1
CCJS200,Fall 2023,3.33,4
CCJS200,Fall 2024,3.42,4
CCJS200,Spring 2008,3.0,1
CCJS200,Spring 2010,3.7,1
CCJS200,Spring 2012,4.0,1
CCJS200,Spring 2016,3.7,1
CCJS200,Spring 2021,4.0,1
CCJS200,Spring 2022,2.78,4
CCJS200,Spring 2023,3.9,3
CCJS200,Spring 2024,3.5,4
CCJS200,Spring 2025,4.0,1
CCJS225,Fall 2019,4.0,2
CCJS225,Fall 2020,4.0,1
CCJS225,Fall 2021,4.0,1
CCJS225,Fall 2022,3.7,1
CCJS225,Fall 2023,3.35,2
CCJS225,Fall 2024,3.13,3
CCJS225,Spring 2022,4.0,1
CCJS225,Spring 2023,4.0,1
CCJS225,Spring 2024,4.0,1
CCJS230,Fall 2009,3.5,2
CCJS230,Fall 2010,4.0,1
CCJS230,Fall 2011,4.0,1
CCJS230,Fall 2012,3.7,1
CCJS230,Fall 2014,4.0,1
CCJS230,Fall 2019,3.3,1
CCJS230,Fall 2020,3.3,1
CCJS230,Fall 2022,4.0,1
CCJS230,Fall 2023,3.8,5
CCJS230,Fall 2024,3.28,5
CCJS230,Spring 2008,4.0,1
CCJS230,Spring 2010,3.5,2
CCJS230,Spring 2011,3.5,2
CCJS230,Spring 2012,3.85,2
CCJS230,Spring 2014,3.0,1
CCJS230,Spring 2016,3.3,1
CCJS230,Spring 2021,3.3,1
CCJS230,Spring 2023,3.65,2
CCJS230,Spring 2024,3.83,4
CCJS230,Spring 2025,4.0,3
CCJS234,Fall 2009,4.0,1
CCJS234,Fall 2020,2.7,1
CCJS300,Fall 2009,3.0,2
CCJS300,Fall 2010,4.0,1
CCJS300,Fall 2011,4.0,2
CCJS300,Fall 2012,3.7,1
CCJS300,Fall 2014,4.0,1
CCJS300,Fall 2020,4.0,1
CCJS300,Fall 2021,3.47,3
CCJS300,Fall 2022,3.85,2
CCJS300,Fall 2023,3.75,4
CCJS300,Fall 2024,3.35,2
CCJS300,Spring 2011,4.0,2
CCJS300,Spring 2012,3.7,1
CCJS300,Spring 2013,3.0,1
CCJS300,Spring 2016,4.0,1
CCJS300,Spring 2018,4.0,1
CCJS300,Spring 2021,4.0,1
CCJS300,Spring 2022,3.85,2
CCJS300,Spring 2023,4.0,1
CCJS300,Spring 2024,3.92,4
CCJS301,Fall 2024,2.7,1
CCJS318C,Fall 2023,4.0,1
CCJS318C,Spring 2024,4.0,1
CCJS320,Fall 2008,4.0,1
CCJS320,Fall 2011,4.0,2
CCJS320,Fall 2012,4.0,1
CCJS320,Fall 2021,3.7,1
CCJS320,Fall 2024,4.0,3
CCJS320,Spring 2022,3.3,1
CCJS320,Spring 2023,3.3,1
CCJS325,Fall 2020,4.0,1
CCJS325,Fall 2021,4.0,2
CCJS325,Fall 2023,4.0,1
CCJS325,Fall 2024,3.33,3
CCJS325,Spring 2018,4.0,1
CCJS325,Spring 2022,4.0,1
CCJS325,Spring 2023,2.7,1
CCJS325,Spring 2024,3.8,3
CCJS340,Fall 2010,3.65,2
CCJS340,Fall 2020,4.0,1
CCJS340,Fall 2022,4.0,3
CCJS340,Fall 2023,4.0,1
CCJS340,Fall 2024,4.0,3
CCJS340,Spring 2010,4.0,1
CCJS340,Spring 2011,4.0,1
CCJS340,Spring 2015,3.0,1
CCJS340,Spring 2023,3.3,1
CCJS340,Spring 2024,4.0,3
CCJS342,Fall 2021,4.0,1
CCJS342,Fall 2022,3.67,3
CCJS342,Fall 2023,3.7,1
CCJS342,Fall 2024,3.92,4
CCJS342,Spring 2018,4.0,1
CCJS342,Spring 2021,4.0,2
CCJS342,Spring 2023,4.0,1
CCJS342,Spring 2024,3.23,3
CCJS342,Spring 2025,4.0,1
CCJS345,Fall 2021,4.0,1
CCJS345,Fall 2022,4.0,1
CCJS345,Fall 2023,3.7,1
CCJS345,Spring 2023,4.0,1
CCJS345,Spring 2024,3.9,3
CCJS346,Spring 2025,4.0,1
CCJS352,Fall 2014,2.0,1
CCJS352,Fall 2022,4.0,1
CCJS352,Fall 2024,4.0,1
CCJS352,Spring 2019,4.0,1
CCJS352,Spring 2023,4.0,2
CCJS360,Fall 2007,4.0,1
CCJS360,Fall 2009,3.0,2
CCJS360,Fall 2010,4.0,1
CCJS360,Fall 2013,4.0,1
CCJS360,Fall 2019,2.7,1
CCJS360,Spring 2021,4.0,2
CCJS360,Spring 2023,3.0,1
CCJS360,Spring 2024,4.0,1
CCJS370,Fall 2023,4.0,1
CCJS370,Fall 2024,3.85,2
CCJS370,Spring 2023,3.0,1
CCJS370,Spring 2024,4.0,4
CCJS388H,Fall 2013,3.3,1
CCJS418E,Spring 2025,4.0,1
CCJS418K,Spring 2023,3.0,1
CCJS418P,Fall 2024,4.0,1
CCJS418P,Spring 2023,3.7,1
CCJS418P,Spring 2024,3.7,1
CCJS418U,Fall 2024,2.85,2
CCJS450,Fall 2021,3.77,3
CCJS450,Fall 2023,3.66,5
CCJS450,Fall 2024,3.5,2
CCJS451,Fall 2009,3.0,1
CCJS451,Fall 2024,2.83,6
CCJS451,Spring 2022,3.7,1
CCJS451,Spring 2023,3.65,2
CCJS451,Spring 2024,4.0,1
CCJS451,Spring 2025,3.7,1
CCJS454,Spring 2023,3.85,2
CCJS498B,Spring 2013,3.7,1
CCJS498E,Spring 2025,4.0,1
CCJS498R,Fall 2023,2.7,1
CCJS661,Fall 2022,3.0,1
CHBE101,Fall 2024,4.0,1
CHBE101,Spring 2019,1.7,1
CHBE101,Spring 2022,4.0,1
CHBE301,Fall 2024,3.0,3
CHBE333,Spring 2021,3.7,1
CHBE444,Fall 2020,3.0,1
CHBE444,Spring 2020,4.0,1
CHBE457,Spring 2022,4.0,1
CHBE473,Fall 2024,3.0,1
CHBE497,Fall 2020,4.0,1
CHBE610,Spring 2025,3.0,1
CHEM131,Fall 2007,3.67,3
CHEM131,Fall 2008,3.21,8
CHEM131,Fall 2009,3.31,15
CHEM131,Fall 2010,3.67,7
CHEM131,Fall 2011,2.75,4
CHEM131,Fall 2012,4.0,2
CHEM131,Fall 2013,3.7,1
CHEM131,Fall 2014,3.0,1
CHEM131,Fall 2015,2.85,2
CHEM131,Fall 2016,3.0,2
CHEM131,Fall 2017,4.0,1
CHEM131,Fall 2018,3.28,5
CHEM131,Fall 2019,3.12,6
CHEM131,Fall 2020,3.43,7
CHEM131,Fall 2021,2.79,11
CHEM131,Fall 2022,3.47,42
CHEM131,Fall 2023,3.25,29
CHEM131,Fall 2024,3.03,67
CHEM131,Spring 2008,4.0,1
CHEM131,Spring 2009,3.2,5
CHEM131,Spring 2010,3.4,5
CHEM131,Spring 2011,2.0,3
CHEM131,Spring 2012,2.78,6
CHEM131,Spring 2015,3.75,4
CHEM131,Spring 2018,3.65,2
CHEM131,Spring 2019,4.0,2
CHEM131,Spring 2020,3.64,9
CHEM131,Spring 2021,3.0,7
CHEM131,Spring 2022,3.67,9
CHEM131,Spring 2023,3.24,36
CHEM131,Spring 2024,3.05,41
CHEM131,Spring 2025,2.8,7
CHEM131S,Fall 2008,4.0,1
CHEM131S,Fall 2021,3.67,3
CHEM131S,Fall 2022,3.0,1
CHEM131S,Fall 2023,4.0,1
CHEM131S,Fall 2024,3.3,1
CHEM131S,Spring 2022,2.3,1
CHEM131S,Spring 2025,3.0,1
CHEM132,Fall 2018,3.35,2
CHEM132,Fall 2019,3.7,1
CHEM132,Fall 2020,3.7,1
CHEM132,Fall 2021,3.33,3
CHEM132,Fall 2022,3.88,5
CHEM132,Fall 2023,3.8,10
CHEM132,Fall 2024,3.69,13
CHEM132,Spring 2020,3.0,2
CHEM132,Spring 2021,3.0,1
CHEM132,Spring 2022,3.33,3
CHEM132,Spring 2023,3.75,4
CHEM132,Spring 2024,3.57,3
CHEM132,Spring 2025,4.0,1
CHEM132C,Fall 2021,4.0,1
CHEM132C,Fall 2022,4.0,1
CHEM132C,Fall 2023,4.0,1
CHEM132C,Fall 2024,4.0,2
CHEM132C,Spring 2022,3.0,1
CHEM132C,Spring 2024,4.0,1
CHEM132S,Fall 2024,3.43,3
CHEM132S,Spring 2022,4.0,1
CHEM132V,Fall 2020,3.13,3
CHEM132V,Spring 2021,3.85,2
CHEM134,Fall 2018,3.2,2
CHEM134,Fall 2019,3.5,2
CHEM134,Fall 2020,3.0,1
CHEM134,Fall 2022,2.83,6
CHEM134,Fall 2023,3.0,4
CHEM134,Fall 2024,3.78,6
CHEM134,Spring 2020,3.43,3
CHEM134,Spring 2021,4.0,1
CHEM134,Spring 2022,3.33,4
CHEM134,Spring 2023,4.0,1
CHEM134,Spring 2025,2.0,1
CHEM135,Fall 2010,3.34,7
CHEM135,Fall 2011,3.78,9
CHEM135,Fall 2012,3.5,4
CHEM135,Fall 2013,4.0,1
CHEM135,Fall 2014,4.0,1
CHEM135,Fall 2017,3.3,1
CHEM135,Fall 2018,3.8,3
CHEM135,Fall 2019,3.66,5
CHEM135,Fall 2020,2.67,8
CHEM135,Fall 2021,3.57,22
CHEM135,Fall 2022,3.4,31
CHEM135,Fall 2023,3.14,32
CHEM135,Fall 2024,3.05,69
CHEM135,Spring 2008,4.0,2
CHEM135,Spring 2009,1.71,7
CHEM135,Spring 2010,4.0,1
CHEM135,Spring 2011,2.83,6
CHEM135,Spring 2012,3.5,4
CHEM135,Spring 2013,2.93,6
CHEM135,Spring 2014,2.5,2
CHEM135,Spring 2015,4.0,1
CHEM135,Spring 2018,3.53,3
CHEM135,Spring 2019,3.23,3
CHEM135,Spring 2020,3.65,2
CHEM135,Spring 2021,3.26,13
CHEM135,Spring 2022,3.64,10
CHEM135,Spring 2023,3.1,20
CHEM135,Spring 2024,2.95,17
CHEM135,Spring 2025,3.59,9
CHEM136,Fall 2010,4.0,1
CHEM136,Fall 2018,4.0,1
CHEM136,Fall 2021,3.0,2
CHEM136,Fall 2023,4.0,1
CHEM136,Fall 2024,4.0,3
CHEM136,Spring 2011,4.0,1
CHEM136,Spring 2022,3.85,2
CHEM136,Spring 2023,4.0,1
CHEM136,Spring 2024,3.35,2
CHEM146,Fall 2010,4.0,1
CHEM146,Fall 2011,4.0,1
CHEM146,Fall 2019,4.0,1
CHEM146,Fall 2021,4.0,1
CHEM146,Fall 2022,2.85,2
CHEM146,Fall 2023,3.35,2
CHEM146,Fall 2024,3.55,6
CHEM146,Spring 2009,3.0,1
CHEM146,Spring 2010,4.0,1
CHEM146,Spring 2022,2.7,1
CHEM146,Spring 2023,4.0,1
CHEM146,Spring 2024,4.0,1
CHEM177,Fall 2019,1.3,1
CHEM177,Fall 2020,4.0,2
CHEM177,Fall 2021,3.9,3
CHEM177,Fall 2022,4.0,2
CHEM177,Fall 2023,3.34,5
CHEM177,Fall 2024,3.46,8
CHEM177,Spring 2022,3.7,1
CHEM177,Spring 2023,4.0,1
CHEM177,Spring 2024,4.0,2
CHEM231,Fall 2007,3.57,3
CHEM231,Fall 2008,3.74,5
CHEM231,Fall 2009,3.8,5
CHEM231,Fall 2010,3.62,8
CHEM231,Fall 2011,3.29,8
CHEM231,Fall 2012,3.86,7
CHEM231,Fall 2014,4.0,3
CHEM231,Fall 2019,3.85,2
CHEM231,Fall 2020,4.0,2
CHEM231,Fall 2021,3.09,11
CHEM231,Fall 2022,3.65,15
CHEM231,Fall 2023,3.26,18
CHEM231,Fall 2024,3.45,39
CHEM231,Spring 2008,3.5,2
CHEM231,Spring 2009,2.5,6
CHEM231,Spring 2010,3.29,8
CHEM231,Spring 2011,3.29,8
CHEM231,Spring 2012,3.26,9
CHEM231,Spring 2014,3.77,3
CHEM231,Spring 2015,4.0,1
CHEM231,Spring 2016,1.0,1
CHEM231,Spring 2019,2.85,2
CHEM231,Spring 2020,4.0,4
CHEM231,Spring 2021,3.96,7
CHEM231,Spring 2022,3.63,18
CHEM231,Spring 2023,2.98,41
CHEM231,Spring 2024,3.33,32
CHEM231,Spring 2025,3.6,8
CHEM232,Fall 2014,4.0,1
CHEM232,Fall 2020,3.0,1
CHEM232,Fall 2021,4.0,2
CHEM232,Fall 2022,3.42,4
CHEM232,Fall 2023,3.85,4
CHEM232,Fall 2024,3.73,6
CHEM232,Spring 2021,3.58,4
CHEM232,Spring 2022,3.7,1
CHEM232,Spring 2023,3.7,1
CHEM232,Spring 2024,3.67,9
CHEM232V,Spring 2021,3.3,1
CHEM237,Fall 2015,2.3,1
CHEM237,Fall 2020,4.0,1
CHEM237,Fall 2022,4.0,1
CHEM237,Fall 2024,3.5,2
CHEM237,Spring 2010,4.0,2
CHEM237,Spring 2015,3.85,2
CHEM237,Spring 2022,4.0,1
CHEM237,Spring 2023,4.0,2
CHEM237,Spring 2024,1.7,1
CHEM241,Fall 2007,3.54,5
CHEM241,Fall 2008,4.0,2
CHEM241,Fall 2009,3.6,13
CHEM241,Fall 2010,3.66,7
CHEM241,Fall 2011,3.62,8
CHEM241,Fall 2012,2.85,2
CHEM241,Fall 2013,2.0,3
CHEM241,Fall 2014,4.0,1
CHEM241,Fall 2015,3.0,1
CHEM241,Fall 2018,4.0,4
CHEM241,Fall 2021,3.4,5
CHEM241,Fall 2022,3.44,9
CHEM241,Fall 2023,3.75,16
CHEM241,Fall 2024,3.6,23
CHEM241,Spring 2008,4.0,1
CHEM241,Spring 2009,3.41,8
CHEM241,Spring 2010,3.45,8
CHEM241,Spring 2011,3.33,3
CHEM241,Spring 2012,3.83,6
CHEM241,Spring 2014,4.0,3
CHEM241,Spring 2015,4.0,2
CHEM241,Spring 2016,3.0,3
CHEM241,Spring 2018,4.0,2
CHEM241,Spring 2020,4.0,1
CHEM241,Spring 2021,3.85,2
CHEM241,Spring 2022,3.53,7
CHEM241,Spring 2023,3.37,10
CHEM241,Spring 2024,3.38,10
CHEM241,Spring 2025,4.0,5
CHEM242,Fall 2018,3.7,1
CHEM242,Fall 2020,4.0,1
CHEM242,Fall 2021,3.65,2
CHEM242,Fall 2023,3.85,2
CHEM242,Fall 2024,3.66,5
CHEM242,Spring 2021,3.7,1
CHEM242,Spring 2022,3.7,1
CHEM242,Spring 2023,3.0,2
CHEM247,Fall 2021,4.0,1
CHEM247,Fall 2023,3.67,4
CHEM247,Fall 2024,3.5,4
CHEM247,Spring 2010,4.0,1
CHEM247,Spring 2013,4.0,1
CHEM247,Spring 2024,4.0,1
CHEM247,Spring 2025,4.0,1
CHEM271,Fall 2008,3.7,1
CHEM271,Fall 2010,3.65,2
CHEM271,Fall 2011,3.0,1
CHEM271,Fall 2012,2.92,5
CHEM271,Fall 2014,3.0,2
CHEM271,Fall 2018,3.0,1
CHEM271,Fall 2020,3.3,1
CHEM271,Fall 2021,3.06,5
CHEM271,Fall 2022,2.8,2
CHEM271,Fall 2023,3.12,12
CHEM271,Fall 2024,3.55,8
CHEM271,Spring 2009,4.0,2
CHEM271,Spring 2010,3.8,5
CHEM271,Spring 2011,3.78,6
CHEM271,Spring 2012,2.0,2
CHEM271,Spring 2013,3.85,2
CHEM271,Spring 2014,2.8,5
CHEM271,Spring 2018,3.67,3
CHEM271,Spring 2021,3.25,11
CHEM271,Spring 2022,3.28,6
CHEM271,Spring 2023,3.11,25
CHEM271,Spring 2024,3.68,11
CHEM272,Fall 2008,2.86,5
CHEM272,Fall 2018,4.0,1
CHEM272,Fall 2021,3.7,1
CHEM272,Fall 2022,3.3,1
CHEM272,Fall 2023,3.85,4
CHEM272,Fall 2024,4.0,1
CHEM272,Spring 2009,3.0,3
CHEM272,Spring 2021,4.0,2
CHEM272,Spring 2022,4.0,1
CHEM272,Spring 2023,3.91,7
CHEM272,Spring 2024,4.0,6
CHEM276,Spring 2009,3.0,1
CHEM276,Spring 2012,4.0,1
CHEM276,Spring 2015,4.0,1
CHEM276,Spring 2023,4.0,1
CHEM276,Spring 2024,3.8,5
CHEM277,Fall 2023,3.0,1
CHEM277,Fall 2024,3.3,1
CHEM277,Spring 2009,3.67,3
CHEM277,Spring 2022,4.0,1
CHEM277,Spring 2023,3.85,2
CHEM277,Spring 2024,3.72,6
CHEM401,Fall 2012,4.0,1
CHEM401,Fall 2023,3.7,1
CHEM401,Spring 2009,3.85,2
CHEM401,Spring 2011,4.0,1
CHEM401,Spring 2013,4.0,1
CHEM401,Spring 2023,3.7,1
CHEM403,Spring 2023,3.0,1
CHEM403,Spring 2024,4.0,1
CHEM425,Fall 2013,4.0,1
CHEM425,Fall 2023,3.0,1
CHEM425,Fall 2024,3.7,1
CHEM425,Spring 2013,3.35,2
CHEM425,Spring 2024,3.67,3
CHEM433,Spring 2024,4.0,1
CHEM460,Fall 2012,3.0,1
CHEM460,Fall 2018,4.0,1
CHEM460,Fall 2023,3.7,1
CHEM474,Spring 2012,4.0,1
CHEM480,Spring 2025,4.0,1
CHEM481,Fall 2009,3.0,1
CHEM481,Fall 2011,4.0,1
CHEM481,Fall 2015,4.0,1
CHEM481,Fall 2021,3.7,2
CHEM481,Fall 2022,3.65,2
CHEM481,Fall 2023,4.0,1
CHEM481,Fall 2024,3.42,4
CHEM481,Spring 2010,3.3,1
CHEM481,Spring 2011,4.0,1
CHEM481,Spring 2023,3.5,2
CHEM481,Spring 2024,4.0,1
CHEM482,Fall 2010,3.3,1
CHEM482,Fall 2014,2.0,1
CHEM482,Fall 2022,4.0,1
CHEM482,Fall 2023,3.85,2
CHEM482,Fall 2024,3.3,1
CHEM482,Spring 2023,3.42,4
CHEM482,Spring 2024,3.8,3
CHEM483,Fall 2021,3.77,3
CHEM483,Fall 2022,4.0,1
CHEM483,Fall 2023,3.85,2
CHEM483,Spring 2021,4.0,1
CHEM483,Spring 2022,3.3,1
CHEM483,Spring 2023,4.0,2
CHEM484,Fall 2023,4.0,1
CHEM484,Spring 2022,4.0,1
CHEM484,Spring 2023,4.0,1
CHEM690,Fall 2021,4.0,1
CHIN100,Fall 2024,4.0,1
CHIN101,Fall 2018,4.0,1
CHIN101,Fall 2021,4.0,1
CHIN101,Fall 2023,3.3,1
CHIN101,Spring 2023,3.7,3
CHIN102,Spring 2023,4.0,1
CHIN201,Fall 2024,4.0,1
CHIN205,Fall 2008,4.0,1
CHIN301,Fall 2024,4.0,1
CHIN301,Spring 2020,4.0,1
CHIN306,Spring 2021,3.7,1
CHIN307,Fall 2024,3.0,1
CHIN315,Fall 2024,4.0,1
CHIN315,Spring 2022,3.3,1
CHIN315,Spring 2024,4.0,2
CHIN332,Spring 2023,3.3,1
CHIN402,Spring 2021,3.7,1
CHIN411,Fall 2022,3.7,1
CHIN411,Spring 2012,4.0,1
CHIN418N,Spring 2024,4.0,1
CHIN418V,Spring 2024,4.0,1
CHSE200,Fall 2023,4.0,3
CHSE205,Fall 2022,4.0,3
CHSE205,Fall 2023,4.0,2
CHSE205,Fall 2024,4.0,1
CHSE205,Spring 2022,4.0,1
CHSE205,Spring 2023,4.0,1
CHSE205,Spring 2024,3.9,3
CHSE338B,Fall 2022,4.0,1
CHSE338K,Fall 2022,4.0,1
CINE245,Fall 2022,3.7,1
CINE245,Fall 2023,3.85,2
CINE245,Fall 2024,3.94,5
CINE245,Spring 2024,3.94,5
CINE245,Spring 2025,4.0,1
CINE280,Fall 2022,4.0,2
CINE280,Fall 2024,4.0,3
CINE280,Spring 2022,4.0,1
CINE280,Spring 2023,4.0,4
CINE280,Spring 2024,4.0,3
CINE319M,Fall 2023,4.0,1
CINE319M,Spring 2024,4.0,1
CINE329N,Fall 2023,4.0,1
CINE329N,Spring 2022,4.0,1
CINE329T,Spring 2025,3.7,1
CINE337,Fall 2023,4.0,1
CINE337,Fall 2024,4.0,1
CINE359C,Fall 2023,3.5,2
CINE359C,Fall 2024,4.0,1
CINE359C,Spring 2022,3.7,1
CINE359C,Spring 2023,3.7,1
CINE359Y,Fall 2024,4.0,1
CINE429F,Spring 2024,4.0,1
CINE429V,Fall 2024,3.9,3
CINE429V,Spring 2025,4.0,1
CINE441,Fall 2023,4.0,1
CINE441,Spring 2025,4.0,1
CLAS170,Fall 2007,4.0,3
CLAS170,Fall 2009,4.0,2
CLAS170,Fall 2010,3.55,6
CLAS170,Fall 2011,3.0,2
CLAS170,Fall 2019,4.0,1
CLAS170,Fall 2020,4.0,3
CLAS170,Fall 2021,3.57,6
CLAS170,Fall 2022,4.0,5
CLAS170,Fall 2023,3.58,12
CLAS170,Fall 2024,3.77,7
CLAS170,Spring 2008,3.43,3
CLAS170,Spring 2012,4.0,1
CLAS170,Spring 2015,4.0,1
CLAS170,Spring 2018,3.7,1
CLAS170,Spring 2021,3.3,1
CLAS170,Spring 2022,3.3,1
CLAS170,Spring 2023,4.0,2
CLAS170,Spring 2024,3.68,5
CLAS180,Spring 2023,4.0,1
CLAS274,Fall 2024,3.81,7
CLAS274,Spring 2025,4.0,2
CLAS275,Fall 2021,4.0,1
CLAS275,Fall 2022,3.9,3
CLAS275,Spring 2022,4.0,1
CLAS276,Spring 2023,4.0,1
CLAS276,Spring 2024,3.78,6
CLAS289A,Fall 2013,3.3,1
CLAS289A,Spring 2012,4.0,1
CLAS309C,Spring 2011,4.0,1
CLAS309F,Spring 2022,4.0,1
CLAS312,Fall 2023,4.0,1
CLAS313,Fall 2023,4.0,1
CLAS322,Spring 2025,4.0,1
CLAS330,Spring 2023,4.0,1
CLAS331,Fall 2022,4.0,1
CLAS340,Spring 2024,4.0,1
CMLT235,Fall 2023,2.7,1
CMLT235,Fall 2024,4.0,1
CMLT235,Spring 2024,4.0,1
CMLT242,Spring 2020,3.0,1
CMLT270,Fall 2019,4.0,1
CMLT270,Fall 2022,4.0,1
CMLT270,Fall 2024,3.95,6
CMLT270,Spring 2023,4.0,3
CMLT270,Spring 2024,4.0,1
CMLT275,Fall 2019,3.0,1
CMLT275,Fall 2021,4.0,2
CMLT275,Fall 2022,4.0,1
CMLT275,Fall 2023,4.0,1
CMLT275,Spring 2020,2.7,1
CMLT275,Spring 2023,4.0,1
CMLT275,Spring 2024,4.0,1
CMLT277,Fall 2008,2.7,1
CMLT277,Fall 2019,4.0,1
CMLT277,Fall 2024,3.85,2
CMLT280,Fall 2023,3.5,4
CMLT280,Fall 2024,4.0,2
CMNS100,Fall 2024,4.0,11
CMSC100,Fall 2021,4.0,1
CMSC100,Fall 2023,4.0,1
CMSC100,Spring 2023,4.0,1
CMSC106,Fall 2009,4.0,1
CMSC106,Fall 2011,4.0,1
CMSC106,Fall 2022,3.85,2
CMSC106,Fall 2023,3.0,1
CMSC106,Spring 2022,4.0,1
CMSC106,Spring 2024,4.0,1
CMSC115,Fall 2024,4.0,1
CMSC115,Spring 2024,4.0,3
CMSC116,Fall 2024,4.0,1
CMSC116,Spring 2024,4.0,3
CMSC122,Fall 2011,4.0,1
CMSC122,Fall 2012,4.0,1
CMSC122,Fall 2013,3.65,2
CMSC122,Fall 2014,4.0,1
CMSC122,Fall 2020,3.3,1
CMSC122,Fall 2021,4.0,3
CMSC122,Fall 2022,3.9,3
CMSC122,Fall 2023,4.0,2
CMSC122,Fall 2024,3.5,2
CMSC122,Spring 2011,4.0,1
CMSC122,Spring 2012,3.0,5
CMSC122,Spring 2013,2.0,1
CMSC122,Spring 2014,2.7,1
CMSC122,Spring 2015,4.0,1
CMSC122,Spring 2021,3.67,3
CMSC122,Spring 2022,4.0,1
CMSC122,Spring 2023,4.0,6
CMSC125,Fall 2022,4.0,1
CMSC125,Spring 2022,4.0,1
CMSC125,Spring 2023,4.0,2
CMSC131,Fall 2007,2.67,4
CMSC131,Fall 2008,4.0,2
CMSC131,Fall 2009,3.85,2
CMSC131,Fall 2010,3.35,2
CMSC131,Fall 2011,4.0,1
CMSC131,Fall 2012,4.0,1
CMSC131,Fall 2014,3.43,3
CMSC131,Fall 2016,3.3,1
CMSC131,Fall 2017,3.17,4
CMSC131,Fall 2018,3.78,6
CMSC131,Fall 2019,3.53,7
CMSC131,Fall 2020,3.37,10
CMSC131,Fall 2021,3.89,14
CMSC131,Fall 2022,3.73,34
CMSC131,Fall 2023,3.8,34
CMSC131,Fall 2024,3.68,31
CMSC131,Spring 2008,3.5,2
CMSC131,Spring 2009,3.0,7
CMSC131,Spring 2010,4.0,1
CMSC131,Spring 2011,3.58,5
CMSC131,Spring 2012,4.0,3
CMSC131,Spring 2013,3.0,2
CMSC131,Spring 2014,2.7,1
CMSC131,Spring 2015,2.0,1
CMSC131,Spring 2016,3.0,3
CMSC131,Spring 2018,3.41,12
CMSC131,Spring 2019,3.5,8
CMSC131,Spring 2020,4.0,3
CMSC131,Spring 2021,3.07,6
CMSC131,Spring 2022,3.33,13
CMSC131,Spring 2023,3.61,19
CMSC131,Spring 2024,3.29,19
CMSC131,Spring 2025,4.0,1
CMSC131A,Fall 2018,4.0,1
CMSC131A,Spring 2018,3.0,1
CMSC132,Fall 2007,4.0,2
CMSC132,Fall 2010,3.7,1
CMSC132,Fall 2011,3.2,5
CMSC132,Fall 2012,3.5,2
CMSC132,Fall 2014,3.5,4
CMSC132,Fall 2015,3.0,1
CMSC132,Fall 2017,3.77,7
CMSC132,Fall 2018,3.62,6
CMSC132,Fall 2019,3.34,5
CMSC132,Fall 2020,3.82,11
CMSC132,Fall 2021,3.58,11
CMSC132,Fall 2022,3.75,24
CMSC132,Fall 2023,3.61,37
CMSC132,Fall 2024,3.65,52
CMSC132,Spring 2008,3.65,2
CMSC132,Spring 2009,4.0,1
CMSC132,Spring 2010,3.0,1
CMSC132,Spring 2011,3.25,4
CMSC132,Spring 2012,3.25,4
CMSC132,Spring 2014,2.92,4
CMSC132,Spring 2015,3.65,2
CMSC132,Spring 2018,3.37,7
CMSC132,Spring 2019,3.49,7
CMSC132,Spring 2020,3.66,5
CMSC132,Spring 2021,3.7,9
CMSC132,Spring 2022,3.42,16
CMSC132,Spring 2023,3.33,39
CMSC132,Spring 2024,3.55,54
CMSC132,Spring 2025,3.55,6
CMSC132H,Fall 2007,3.0,1
CMSC132H,Fall 2011,3.85,2
CMSC132H,Fall 2012,4.0,1
CMSC132H,Spring 2008,4.0,1
CMSC132H,Spring 2009,4.0,1
CMSC132H,Spring 2010,4.0,2
CMSC132H,Spring 2011,3.0,1
CMSC132H,Spring 2012,4.0,1
CMSC132H,Spring 2019,3.3,1
CMSC133,Fall 2022,4.0,1
CMSC133,Fall 2024,3.88,5
CMSC133,Spring 2023,4.0,1
CMSC133,Spring 2024,4.0,1
CMSC133,Spring 2025,3.7,1
CMSC142,Spring 2024,3.0,2
CMSC216,Fall 2010,3.0,1
CMSC216,Fall 2012,3.17,4
CMSC216,Fall 2013,3.0,2
CMSC216,Fall 2014,3.0,2
CMSC216,Fall 2015,3.85,2
CMSC216,Fall 2016,2.9,3
CMSC216,Fall 2017,3.28,6
CMSC216,Fall 2018,4.0,5
CMSC216,Fall 2019,3.42,8
CMSC216,Fall 2020,2.92,11
CMSC216,Fall 2021,3.19,14
CMSC216,Fall 2022,3.02,33
CMSC216,Fall 2023,3.35,50
CMSC216,Fall 2024,3.4,47
CMSC216,Spring 2011,3.0,1
CMSC216,Spring 2012,4.0,3
CMSC216,Spring 2013,4.0,1
CMSC216,Spring 2014,3.7,1
CMSC216,Spring 2015,4.0,2
CMSC216,Spring 2016,3.0,1
CMSC216,Spring 2018,2.83,4
CMSC216,Spring 2019,3.08,4
CMSC216,Spring 2020,3.73,7
CMSC216,Spring 2021,3.1,15
CMSC216,Spring 2022,3.28,13
CMSC216,Spring 2023,3.25,42
CMSC216,Spring 2024,3.66,51
CMSC216,Spring 2025,3.74,9
CMSC216H,Spring 2019,3.85,2
CMSC250,Fall 2008,3.0,2
CMSC250,Fall 2009,4.0,2
CMSC250,Fall 2010,4.0,1
CMSC250,Fall 2012,4.0,2
CMSC250,Fall 2017,2.0,2
CMSC250,Fall 2018,3.6,4
CMSC250,Fall 2019,3.62,6
CMSC250,Fall 2020,3.75,4
CMSC250,Fall 2021,3.24,7
CMSC250,Fall 2022,3.26,31
CMSC250,Fall 2023,3.41,73
CMSC250,Fall 2024,3.14,69
CMSC250,Spring 2008,3.33,3
CMSC250,Spring 2009,3.75,4
CMSC250,Spring 2010,4.0,1
CMSC250,Spring 2011,4.0,2
CMSC250,Spring 2012,3.43,3
CMSC250,Spring 2014,2.0,1
CMSC250,Spring 2015,3.67,3
CMSC250,Spring 2018,3.5,2
CMSC250,Spring 2019,3.74,5
CMSC250,Spring 2020,3.73,7
CMSC250,Spring 2021,3.38,12
CMSC250,Spring 2022,3.36,29
CMSC250,Spring 2023,3.42,37
CMSC250,Spring 2024,3.5,43
CMSC250,Spring 2025,2.8,10
CMSC250H,Fall 2007,4.0,1
CMSC250H,Fall 2008,4.0,1
CMSC250H,Spring 2012,3.85,2
CMSC250H,Spring 2021,3.92,4
CMSC250H,Spring 2022,4.0,1
CMSC250H,Spring 2023,3.85,2
CMSC250H,Spring 2024,4.0,1
CMSC289I,Fall 2011,2.0,2
CMSC289I,Fall 2012,4.0,1
CMSC320,Fall 2018,3.58,4
CMSC320,Fall 2019,3.85,2
CMSC320,Fall 2020,3.7,1
CMSC320,Fall 2021,3.8,3
CMSC320,Fall 2022,3.64,41
CMSC320,Fall 2023,3.54,31
CMSC320,Fall 2024,3.92,8
CMSC320,Spring 2018,3.33,3
CMSC320,Spring 2020,4.0,1
CMSC320,Spring 2021,4.0,3
CMSC320,Spring 2022,4.0,2
CMSC320,Spring 2023,3.95,13
CMSC320,Spring 2024,3.83,17
CMSC320,Spring 2025,4.0,1
CMSC330,Fall 2007,4.0,1
CMSC330,Fall 2008,3.33,3
CMSC330,Fall 2010,4.0,1
CMSC330,Fall 2012,3.3,1
CMSC330,Fall 2013,3.23,3
CMSC330,Fall 2017,3.0,4
CMSC330,Fall 2018,3.9,3
CMSC330,Fall 2019,3.43,3
CMSC330,Fall 2020,3.88,5
CMSC330,Fall 2021,3.46,5
CMSC330,Fall 2022,3.49,15
CMSC330,Fall 2023,3.59,25
CMSC330,Fall 2024,3.81,17
CMSC330,Spring 2008,3.5,2
CMSC330,Spring 2010,4.0,1
CMSC330,Spring 2011,3.25,4
CMSC330,Spring 2012,4.0,1
CMSC330,Spring 2013,4.0,2
CMSC330,Spring 2018,3.26,5
CMSC330,Spring 2019,4.0,2
CMSC330,Spring 2020,3.5,4
CMSC330,Spring 2021,3.57,3
CMSC330,Spring 2022,3.57,11
CMSC330,Spring 2023,3.4,21
CMSC330,Spring 2024,3.47,20
CMSC330,Spring 2025,3.06,5
CMSC335,Fall 2022,3.92,4
CMSC335,Fall 2023,4.0,4
CMSC335,Fall 2024,3.8,7
CMSC335,Spring 2022,4.0,1
CMSC335,Spring 2023,4.0,5
CMSC335,Spring 2024,3.57,13
CMSC335,Spring 2025,3.65,2
CMSC351,Fall 2007,3.7,2
CMSC351,Fall 2009,4.0,1
CMSC351,Fall 2010,2.0,1
CMSC351,Fall 2011,4.0,1
CMSC351,Fall 2012,4.0,2
CMSC351,Fall 2013,2.7,1
CMSC351,Fall 2016,3.3,1
CMSC351,Fall 2017,2.85,2
CMSC351,Fall 2018,3.8,5
CMSC351,Fall 2019,3.58,4
CMSC351,Fall 2020,2.46,5
CMSC351,Fall 2021,2.89,9
CMSC351,Fall 2022,3.44,13
CMSC351,Fall 2023,3.57,20
CMSC351,Fall 2024,2.99,22
CMSC351,Spring 2008,4.0,1
CMSC351,Spring 2009,3.35,2
CMSC351,Spring 2010,3.67,3
CMSC351,Spring 2011,3.92,4
CMSC351,Spring 2012,4.0,1
CMSC351,Spring 2018,3.29,7
CMSC351,Spring 2019,3.14,5
CMSC351,Spring 2020,2.0,4
CMSC351,Spring 2021,3.37,9
CMSC351,Spring 2022,3.63,9
CMSC351,Spring 2023,3.36,30
CMSC351,Spring 2024,3.15,60
CMSC351,Spring 2025,3.47,3
CMSC351H,Spring 2019,4.0,1
CMSC388A,Spring 2025,4.0,1
CMSC388J,Spring 2023,4.0,1
CMSC389E,Spring 2019,4.0,1
CMSC389G,Spring 2024,3.7,1
CMSC389K,Fall 2019,4.0,1
CMSC389N,Fall 2017,4.0,1
CMSC389N,Fall 2018,3.7,1
CMSC389N,Fall 2019,4.0,1
CMSC389N,Fall 2020,3.5,2
CMSC389N,Fall 2021,3.65,2
CMSC389N,Spring 2018,3.92,4
CMSC389N,Spring 2020,4.0,1
CMSC389N,Spring 2021,3.43,3
CMSC389N,Spring 2022,3.3,1
CMSC389O,Fall 2023,4.0,1
CMSC389O,Fall 2024,4.0,2
CMSC389O,Spring 2020,4.0,1
CMSC389O,Spring 2023,4.0,2
CMSC389Z,Spring 2023,2.0,1
CMSC395,Fall 2022,4.0,2
CMSC395,Spring 2023,4.0,1
CMSC396H,Fall 2024,4.0,1
CMSC396H,Spring 2024,4.0,1
CMSC398D,Spring 2023,4.0,1
CMSC411,Fall 2018,2.85,2
CMSC411,Fall 2019,3.3,1
CMSC411,Fall 2020,3.26,14
CMSC411,Fall 2021,2.77,3
CMSC411,Fall 2022,3.51,11
CMSC411,Fall 2023,3.3,1
CMSC411,Fall 2024,3.35,2
CMSC411,Spring 2018,4.0,1
CMSC411,Spring 2020,4.0,2
CMSC411,Spring 2021,3.09,8
CMSC411,Spring 2024,3.0,1
CMSC412,Fall 2010,3.0,1
CMSC412,Fall 2012,2.0,1
CMSC412,Fall 2021,3.33,3
CMSC412,Fall 2023,2.3,2
CMSC412,Fall 2024,3.0,4
CMSC412,Spring 2012,4.0,1
CMSC412,Spring 2013,4.0,2
CMSC412,Spring 2022,3.3,1
CMSC412,Spring 2024,3.3,1
CMSC414,Fall 2009,4.0,1
CMSC414,Fall 2018,1.87,3
CMSC414,Fall 2019,3.35,2
CMSC414,Fall 2020,3.5,2
CMSC414,Fall 2021,2.75,4
CMSC414,Fall 2022,4.0,1
CMSC414,Fall 2023,3.8,5
CMSC414,Fall 2024,3.86,7
CMSC414,Spring 2012,4.0,2
CMSC414,Spring 2018,3.34,5
CMSC414,Spring 2019,3.7,3
CMSC414,Spring 2020,4.0,1
CMSC414,Spring 2021,3.65,2
CMSC414,Spring 2022,4.0,2
CMSC414,Spring 2023,3.83,6
CMSC414,Spring 2024,3.18,13
CMSC416,Fall 2021,4.0,1
CMSC416,Fall 2022,3.9,3
CMSC416,Fall 2023,3.33,3
CMSC416,Fall 2024,3.43,3
CMSC416,Spring 2024,3.65,2
CMSC417,Fall 2019,3.7,1
CMSC417,Fall 2021,3.57,3
CMSC417,Fall 2022,3.0,1
CMSC417,Fall 2023,2.8,3
CMSC417,Fall 2024,3.0,4
CMSC417,Spring 2011,3.0,1
CMSC417,Spring 2012,4.0,1
CMSC417,Spring 2013,4.0,1
CMSC417,Spring 2016,3.7,1
CMSC417,Spring 2019,3.8,3
CMSC417,Spring 2023,2.33,3
CMSC417,Spring 2024,3.0,5
CMSC417,Spring 2025,3.3,1
CMSC420,Fall 2008,4.0,1
CMSC420,Fall 2011,3.17,4
CMSC420,Fall 2013,4.0,2
CMSC420,Fall 2014,4.0,1
CMSC420,Fall 2016,3.0,1
CMSC420,Fall 2017,3.0,1
CMSC420,Fall 2018,4.0,1
CMSC420,Fall 2019,3.2,2
CMSC420,Fall 2020,3.48,5
CMSC420,Fall 2021,3.44,22
CMSC420,Fall 2022,3.73,6
CMSC420,Fall 2023,3.85,15
CMSC420,Fall 2024,3.59,14
CMSC420,Spring 2009,2.7,1
CMSC420,Spring 2018,2.85,2
CMSC420,Spring 2020,3.8,3
CMSC420,Spring 2021,3.37,10
CMSC420,Spring 2022,3.71,8
CMSC420,Spring 2023,3.61,16
CMSC420,Spring 2024,3.85,20
CMSC420,Spring 2025,3.85,2
CMSC421,Fall 2017,3.0,1
CMSC421,Fall 2018,3.68,5
CMSC421,Fall 2019,3.35,2
CMSC421,Fall 2021,3.72,6
CMSC421,Fall 2022,3.71,8
CMSC421,Fall 2023,3.33,10
CMSC421,Fall 2024,3.28,14
CMSC421,Spring 2010,3.0,1
CMSC421,Spring 2012,4.0,1
CMSC421,Spring 2016,4.0,1
CMSC421,Spring 2019,4.0,1
CMSC421,Spring 2021,3.3,1
CMSC421,Spring 2023,4.0,4
CMSC421,Spring 2024,3.57,7
CMSC422,Fall 2016,4.0,1
CMSC422,Fall 2019,3.15,2
CMSC422,Fall 2021,3.28,5
CMSC422,Fall 2022,3.85,2
CMSC422,Fall 2023,4.0,3
CMSC422,Fall 2024,4.0,3
CMSC422,Spring 2018,4.0,1
CMSC422,Spring 2020,4.0,1
CMSC422,Spring 2022,3.3,1
CMSC422,Spring 2023,3.75,4
CMSC422,Spring 2024,3.83,6
CMSC422,Spring 2025,3.65,2
CMSC423,Fall 2018,4.0,1
CMSC423,Fall 2019,4.0,1
CMSC423,Fall 2020,4.0,1
CMSC423,Fall 2021,3.74,5
CMSC423,Fall 2022,2.95,6
CMSC423,Fall 2024,3.65,2
CMSC423,Spring 2020,3.7,1
CMSC423,Spring 2021,3.55,6
CMSC423,Spring 2022,3.52,5
CMSC423,Spring 2023,3.1,3
CMSC423,Spring 2024,3.5,2
CMSC423,Spring 2025,3.0,1
CMSC424,Fall 2010,4.0,2
CMSC424,Fall 2011,3.0,1
CMSC424,Fall 2015,3.0,1
CMSC424,Fall 2018,3.0,1
CMSC424,Fall 2020,3.0,3
CMSC424,Fall 2021,2.9,6
CMSC424,Fall 2022,3.1,6
CMSC424,Fall 2023,3.0,6
CMSC424,Fall 2024,3.31,20
CMSC424,Spring 2012,4.0,1
CMSC424,Spring 2018,3.85,2
CMSC424,Spring 2020,4.0,1
CMSC424,Spring 2021,3.86,9
CMSC424,Spring 2022,3.43,3
CMSC424,Spring 2023,2.47,3
CMSC424,Spring 2024,3.57,3
CMSC424,Spring 2025,3.88,5
CMSC425,Fall 2021,4.0,1
CMSC425,Fall 2023,3.65,2
CMSC425,Fall 2024,3.5,2
CMSC425,Spring 2021,4.0,2
CMSC425,Spring 2024,3.68,5
CMSC426,Fall 2012,4.0,1
CMSC426,Fall 2019,4.0,1
CMSC426,Fall 2021,4.0,1
CMSC426,Fall 2022,3.86,5
CMSC426,Fall 2023,3.67,8
CMSC426,Fall 2024,3.83,6
CMSC426,Spring 2021,3.77,3
CMSC426,Spring 2022,2.7,1
CMSC426,Spring 2023,3.83,6
CMSC426,Spring 2024,3.48,9
CMSC427,Fall 2007,4.0,1
CMSC427,Fall 2010,3.7,1
CMSC427,Fall 2013,4.0,1
CMSC427,Fall 2022,4.0,1
CMSC427,Spring 2024,4.0,2
CMSC430,Fall 2017,3.3,1
CMSC430,Fall 2019,4.0,1
CMSC430,Fall 2020,3.83,4
CMSC430,Fall 2021,4.0,1
CMSC430,Fall 2022,4.0,2
CMSC430,Fall 2023,3.74,5
CMSC430,Fall 2024,4.0,4
CMSC430,Spring 2012,4.0,2
CMSC430,Spring 2023,3.46,8
CMSC430,Spring 2024,3.13,3
CMSC430,Spring 2025,3.5,2
CMSC433,Fall 2008,4.0,1
CMSC433,Fall 2018,3.3,1
CMSC433,Fall 2019,3.0,1
CMSC433,Fall 2021,3.0,2
CMSC433,Fall 2022,3.15,4
CMSC433,Fall 2023,3.24,5
CMSC433,Fall 2024,4.0,1
CMSC433,Spring 2010,4.0,1
CMSC433,Spring 2011,4.0,2
CMSC433,Spring 2012,4.0,1
CMSC433,Spring 2018,4.0,1
CMSC433,Spring 2021,3.43,3
CMSC433,Spring 2022,3.0,2
CMSC433,Spring 2023,3.92,4
CMSC433,Spring 2024,3.65,2
CMSC434,Fall 2011,4.0,1
CMSC434,Fall 2020,3.13,3
CMSC434,Fall 2021,2.3,1
CMSC434,Fall 2022,3.7,1
CMSC434,Fall 2023,3.5,2
CMSC434,Fall 2024,3.65,2
CMSC434,Spring 2018,4.0,1
CMSC434,Spring 2019,3.7,1
CMSC434,Spring 2021,4.0,1
CMSC434,Spring 2022,3.23,3
CMSC434,Spring 2023,3.06,7
CMSC434,Spring 2024,3.23,7
CMSC435,Fall 2020,3.35,2
CMSC435,Fall 2022,3.9,3
CMSC435,Fall 2023,4.0,1
CMSC435,Spring 2011,4.0,1
CMSC435,Spring 2022,2.85,2
CMSC435,Spring 2023,2.3,1
CMSC435,Spring 2024,3.3,1
CMSC435,Spring 2025,4.0,2
CMSC436,Fall 2018,3.5,2
CMSC436,Fall 2019,3.0,1
CMSC436,Fall 2021,3.9,3
CMSC436,Fall 2022,3.3,1
CMSC436,Fall 2023,3.9,3
CMSC436,Fall 2024,3.15,2
CMSC436,Spring 2018,3.7,1
CMSC436,Spring 2022,3.5,2
CMSC436,Spring 2023,3.54,5
CMSC436,Spring 2024,3.35,2
CMSC451,Fall 2008,4.0,1
CMSC451,Fall 2011,3.0,1
CMSC451,Fall 2015,1.7,1
CMSC451,Fall 2019,2.93,6
CMSC451,Fall 2020,3.48,5
CMSC451,Fall 2021,3.5,4
CMSC451,Fall 2022,2.77,3
CMSC451,Fall 2023,3.95,6
CMSC451,Fall 2024,3.81,7
CMSC451,Spring 2010,4.0,1
CMSC451,Spring 2012,3.67,3
CMSC451,Spring 2018,3.5,2
CMSC451,Spring 2019,2.3,1
CMSC451,Spring 2020,3.35,2
CMSC451,Spring 2021,3.42,4
CMSC451,Spring 2022,3.0,2
CMSC451,Spring 2023,3.41,8
CMSC451,Spring 2024,3.57,11
CMSC452,Spring 2013,3.0,1
CMSC452,Spring 2014,4.0,1
CMSC452,Spring 2018,4.0,1
CMSC452,Spring 2021,4.0,1
CMSC452,Spring 2024,3.5,2
CMSC454,Fall 2023,2.33,3
CMSC454,Spring 2024,3.0,1
CMSC456,Fall 2008,4.0,2
CMSC456,Fall 2009,3.5,2
CMSC456,Fall 2012,2.85,2
CMSC456,Fall 2013,4.0,1
CMSC456,Fall 2018,4.0,1
CMSC456,Fall 2020,4.0,2
CMSC456,Fall 2021,4.0,1
CMSC456,Fall 2022,3.15,2
CMSC456,Fall 2023,3.57,3
CMSC456,Fall 2024,4.0,4
CMSC456,Spring 2018,2.0,1
CMSC456,Spring 2019,3.0,1
CMSC456,Spring 2020,3.5,2
CMSC456,Spring 2021,3.9,3
CMSC456,Spring 2022,3.5,2
CMSC456,Spring 2023,3.85,2
CMSC456,Spring 2024,4.0,3
CMSC457,Spring 2020,4.0,1
CMSC460,Fall 2021,4.0,1
CMSC466,Fall 2013,4.0,1
CMSC470,Fall 2023,3.75,4
CMSC470,Spring 2021,4.0,2
CMSC470,Spring 2022,3.67,3
CMSC470,Spring 2023,2.7,1
CMSC472,Fall 2024,3.42,4
CMSC472,Spring 2023,3.65,2
CMSC474,Fall 2023,3.57,7
CMSC474,Spring 2024,2.0,2
CMSC475,Fall 2024,3.67,3
CMSC475,Spring 2021,3.85,2
CMSC475,Spring 2023,4.0,1
CMSC477,Spring 2023,4.0,1
CMSC488B,Spring 2022,3.65,2
CMSC498B,Fall 2024,4.0,2
CMSC498V,Spring 2018,3.0,1
CMSC498Y,Spring 2024,4.0,3
CMSC624,Spring 2022,3.77,3
CMSC631,Spring 2025,4.0,1
CMSC657,Spring 2025,4.0,1
CMSC660,Fall 2022,4.0,1
CMSC701,Spring 2024,4.0,1
CMSC722,Fall 2024,3.7,1
CMSC722,Spring 2023,2.7,1
CMSC726,Fall 2017,4.0,1
CMSC730,Fall 2022,4.0,1
CMSC730,Spring 2025,4.0,1
CMSC732,Fall 2024,3.7,1
CMSC734,Fall 2022,4.0,1
CMSC734,Fall 2023,3.0,1
CMSC734,Spring 2024,4.0,1
CMSC818B,Fall 2024,4.0,1
CMSC818E,Fall 2019,4.0,1
CMSC818E,Spring 2024,4.0,1
CMSC828J,Fall 2023,4.0,1
CMSC828P,Fall 2024,4.0,1
CMSC829A,Spring 2024,4.0,1
CMSC858A,Spring 2025,4.0,1
CMSC858D,Fall 2020,4.0,1
CMSC858N,Spring 2024,4.0,1
COMM107,Fall 2008,3.0,1
COMM107,Fall 2009,4.0,1
COMM107,Fall 2012,3.0,1
COMM107,Fall 2013,4.0,2
COMM107,Fall 2014,4.0,1
COMM107,Fall 2015,3.0,1
COMM107,Fall 2017,4.0,1
COMM107,Fall 2018,3.94,5
COMM107,Fall 2019,3.94,10
COMM107,Fall 2020,3.89,18
COMM107,Fall 2021,3.99,29
COMM107,Fall 2022,3.95,57
COMM107,Fall 2023,3.92,64
COMM107,Fall 2024,3.95,79
COMM107,Spring 2009,3.7,1
COMM107,Spring 2010,4.0,1
COMM107,Spring 2011,3.3,1
COMM107,Spring 2012,4.0,1
COMM107,Spring 2014,3.0,1
COMM107,Spring 2015,2.85,2
COMM107,Spring 2018,3.79,8
COMM107,Spring 2019,3.84,10
COMM107,Spring 2020,3.92,12
COMM107,Spring 2021,3.94,17
COMM107,Spring 2022,3.87,23
COMM107,Spring 2023,3.83,60
COMM107,Spring 2024,3.9,58
COMM107,Spring 2025,3.85,11
COMM107B,Fall 2021,4.0,1
COMM107B,Fall 2022,4.0,3
COMM107B,Fall 2024,4.0,1
COMM107B,Spring 2024,4.0,1
COMM107C,Fall 2022,4.0,1
COMM107C,Fall 2023,4.0,1
COMM107C,Spring 2023,4.0,1
COMM107D,Fall 2019,4.0,1
COMM107D,Fall 2020,4.0,1
COMM107D,Fall 2021,4.0,1
COMM130,Fall 2023,4.0,4
COMM130,Fall 2024,3.5,2
COMM130,Spring 2023,4.0,2
COMM200,Fall 2019,3.3,1
COMM200,Fall 2022,3.47,3
COMM200,Fall 2023,4.0,1
COMM200,Fall 2024,4.0,7
COMM200,Spring 2021,4.0,1
COMM200,Spring 2023,3.96,7
COMM200,Spring 2024,4.0,4
COMM200,Spring 2025,4.0,1
COMM201,Fall 2022,4.0,1
COMM201,Fall 2023,4.0,1
COMM201,Fall 2024,3.57,6
COMM201,Spring 2024,3.3,2
COMM230,Fall 2023,4.0,2
COMM230,Fall 2024,4.0,2
COMM230,Spring 2021,4.0,1
COMM231,Fall 2011,2.0,1
COMM231,Spring 2008,2.0,1
COMM250,Fall 2016,2.3,1
COMM250,Fall 2019,4.0,1
COMM250,Fall 2022,3.85,2
COMM250,Fall 2023,4.0,3
COMM250,Fall 2024,3.3,1
COMM250,Spring 2012,3.08,4
COMM250,Spring 2013,3.0,1
COMM250,Spring 2020,4.0,1
COMM250,Spring 2023,3.7,1
COMM250,Spring 2024,3.85,2
COMM296,Fall 2024,3.85,4
COMM303,Spring 2022,4.0,1
COMM304,Fall 2022,3.3,1
COMM304,Fall 2023,3.85,2
COMM304,Fall 2024,4.0,2
COMM304,Spring 2023,3.3,1
COMM304,Spring 2024,2.85,2
COMM304,Spring 2025,4.0,1
COMM306,Fall 2024,4.0,2
COMM306,Spring 2024,3.5,2
COMM307,Fall 2024,4.0,1
COMM307,Spring 2024,3.3,1
COMM324,Fall 2011,4.0,1
COMM324,Fall 2020,4.0,1
COMM324,Fall 2022,4.0,1
COMM324,Fall 2023,4.0,1
COMM324,Fall 2024,4.0,2
COMM324,Spring 2024,4.0,3
COMM324,Spring 2025,4.0,2
COMM330,Fall 2010,4.0,1
COMM330,Fall 2012,4.0,1
COMM330,Fall 2021,4.0,1
COMM330,Fall 2023,3.7,1
COMM330,Spring 2018,4.0,1
COMM330,Spring 2023,3.7,1
COMM330,Spring 2024,3.35,2
COMM330,Spring 2025,4.0,1
COMM331,Fall 2023,3.7,1
COMM331,Spring 2023,3.7,1
COMM331,Spring 2024,4.0,1
COMM332,Spring 2018,3.0,1
COMM360,Fall 2022,4.0,3
COMM360,Spring 2024,4.0,3
COMM370,Spring 2023,3.0,1
COMM382,Fall 2022,4.0,1
COMM382,Fall 2023,4.0,1
COMM382,Fall 2024,4.0,3
COMM382,Spring 2018,4.0,1
COMM382,Spring 2024,4.0,1
COMM382,Spring 2025,4.0,2
COMM386,Fall 2012,4.0,1
COMM386,Spring 2024,4.0,1
COMM398C,Fall 2007,4.0,1
COMM398C,Spring 2008,3.0,1
COMM398E,Spring 2025,4.0,1
COMM398I,Fall 2023,3.7,1
COMM398I,Spring 2023,3.0,1
COMM398L,Spring 2020,4.0,1
COMM398O,Spring 2022,4.0,2
COMM398W,Fall 2024,4.0,2
COMM401,Fall 2010,3.3,1
COMM401,Spring 2013,3.0,1
COMM401,Spring 2021,4.0,1
COMM402,Spring 2021,4.0,1
COMM424,Fall 2023,3.85,2
COMM424,Spring 2013,3.0,1
COMM424,Spring 2018,4.0,1
COMM424,Spring 2024,4.0,1
COMM426,Fall 2021,4.0,1
COMM426,Spring 2023,3.7,1
COMM427,Fall 2024,4.0,2
COMM427,Spring 2025,4.0,1
COMM428D,Spring 2024,4.0,1
COMM435,Fall 2018,3.3,1
COMM435,Fall 2020,4.0,1
COMM436,Spring 2019,2.0,1
COMM449B,Spring 2024,4.0,1
COMM449B,Spring 2025,4.0,1
COMM449F,Fall 2023,3.7,1
COMM449F,Spring 2024,4.0,1
COMM449I,Spring 2024,4.0,1
COMM449L,Fall 2023,4.0,1
COMM449L,Spring 2023,4.0,1
COMM449N,Fall 2024,4.0,1
COMM450,Fall 2021,4.0,1
COMM460,Fall 2024,4.0,1
COMM462,Fall 2023,3.7,1
COMM462,Spring 2023,4.0,1
COMM469,Spring 2022,4.0,1
COMM470,Fall 2014,4.0,1
COMM472,Fall 2009,3.0,1
COMM475,Fall 2014,2.7,1
COMM475,Spring 2024,4.0,1
COMM476,Fall 2023,4.0,1
COMM476,Fall 2024,2.7,1
COMM476,Spring 2024,3.3,2
COMM488I,Fall 2023,4.0,1
COMM488I,Spring 2018,4.0,1
COMM488I,Spring 2020,4.0,1
COMM488I,Spring 2021,4.0,1
COMM498J,Fall 2024,4.0,2
COMM498M,Fall 2022,4.0,1
COMM498R,Spring 2024,3.7,1
COMM498V,Spring 2020,4.0,1
COMM498Y,Spring 2023,3.0,1
CPBE100,Fall 2020,4.0,1
CPBE100,Fall 2021,4.0,1
CPBE100,Spring 2023,4.0,1
CPBE230,Spring 2024,4.0,1
CPCV100,Fall 2024,4.0,3
CPCV225,Fall 2024,3.91,10
CPDJ100,Fall 2024,4.0,2
CPET100,Fall 2022,4.0,1
CPET100,Fall 2023,4.0,1
CPET100,Fall 2024,4.0,4
CPET100,Spring 2023,4.0,3
CPET100,Spring 2024,4.0,1
CPET100,Spring 2025,4.0,2
CPET101,Spring 2019,4.0,1
CPET101,Spring 2020,4.0,1
CPET101,Spring 2023,4.0,1
CPET101,Spring 2024,4.0,1
CPET200,Spring 2023,4.0,1
CPGH100,Fall 2024,4.0,3
CPJT100,Fall 2022,4.0,1
CPJT100,Fall 2023,4.0,3
CPJT101,Spring 2023,4.0,1
CPJT101,Spring 2024,4.0,2
CPJT200,Fall 2023,3.85,2
CPJT200,Spring 2024,3.7,1
CPMS100,Fall 2022,4.0,3
CPMS100,Fall 2023,4.0,1
CPMS100,Spring 2018,3.7,1
CPMS101,Fall 2020,4.0,1
CPMS101,Spring 2022,4.0,1
CPMS225,Fall 2022,4.0,2
CPMS225,Fall 2024,4.0,3
CPMS225,Spring 2024,4.0,2
CPPL100,Fall 2020,4.0,1
CPPL100,Fall 2021,4.0,1
CPPL100,Fall 2022,4.0,1
CPPL100,Fall 2024,4.0,1
CPPL100,Spring 2022,4.0,1
CPPL100,Spring 2024,4.0,1
CPPL101,Spring 2019,4.0,1
CPPL200,Fall 2022,4.0,1
CPPL200,Fall 2023,4.0,1
CPPL200,Spring 2020,4.0,1
CPSA100,Fall 2020,4.0,1
CPSA100,Fall 2023,4.0,2
CPSA100,Spring 2024,4.0,1
CPSA101,Spring 2024,4.0,1
CPSA149,Fall 2020,4.0,1
CPSA200,Fall 2022,3.7,1
CPSA200,Fall 2024,4.0,1
CPSD100,Fall 2018,4.0,1
CPSD100,Spring 2021,4.0,2
CPSD100,Spring 2022,4.0,1
CPSD101,Spring 2021,4.0,1
CPSF100,Fall 2020,4.0,1
CPSF100,Spring 2019,4.0,1
CPSF101,Fall 2024,4.0,1
CPSF101,Spring 2019,4.0,1
CPSF200,Fall 2023,4.0,1
CPSG100,Fall 2024,4.0,3
CPSG100,Spring 2021,4.0,2
CPSG101,Spring 2021,4.0,3
CPSG200,Fall 2021,4.0,2
CPSN100,Fall 2020,4.0,1
CPSN100,Fall 2021,4.0,6
CPSN100,Fall 2022,4.0,1
CPSN100,Fall 2024,4.0,4
CPSN100,Spring 2022,4.0,1
CPSN100,Spring 2023,4.0,2
CPSN101,Spring 2022,4.0,1
CPSN250,Spring 2023,4.0,1
CPSS100,Fall 2017,4.0,1
CPSS100,Fall 2018,4.0,1
CPSS100,Fall 2020,4.0,1
CPSS100,Fall 2021,4.0,1
CPSS100,Fall 2022,4.0,1
CPSS100,Fall 2024,4.0,2
CPSS100,Spring 2023,4.0,2
CPSS101,Spring 2018,4.0,1
CPSS220,Fall 2021,4.0,1
CPSS225,Fall 2023,4.0,1
CPSS225,Spring 2023,4.0,1
CPSS240,Fall 2023,4.0,2
CPSS240,Spring 2023,4.0,1
CPSS340,Spring 2023,4.0,2
CPSS340,Spring 2025,4.0,1
DANC109,Spring 2022,3.7,1
DANC118,Fall 2023,4.0,1
DANC118,Spring 2023,4.0,1
DANC119,Spring 2020,4.0,1
DANC138A,Fall 2022,4.0,1
DANC138C,Fall 2019,4.0,1
DANC138P,Fall 2023,4.0,1
DANC148,Fall 2023,4.0,2
DANC149,Spring 2024,4.0,1
DANC200,Fall 2019,3.7,1
DANC200,Fall 2022,4.0,1
DANC200,Fall 2023,4.0,3
DANC200,Fall 2024,4.0,2
DANC200,Spring 2018,4.0,1
DANC200,Spring 2022,4.0,2
DANC200,Spring 2023,3.9,3
DANC200,Spring 2024,4.0,4
DANC200S,Fall 2023,4.0,1
DANC218,Fall 2017,4.0,1
DANC228,Fall 2024,4.0,1
DANC328,Fall 2024,4.0,1
DANC338C,Spring 2020,4.0,1
DATA100,Fall 2024,4.0,3
DATA100,Spring 2024,2.3,1
DATA110,Fall 2023,4.0,2
DATA110,Fall 2024,4.0,4
DATA110,Spring 2024,4.0,2
DATA120,Fall 2023,4.0,2
DATA120,Fall 2024,4.0,1
DATA120,Spring 2024,4.0,1
DATA120,Spring 2025,4.0,1
DATA200,Fall 2024,4.0,3
DATA200,Spring 2024,4.0,2
DATA250,Fall 2024,3.7,1
DATA250,Spring 2025,4.0,1
DATA320,Fall 2024,4.0,1
DATA320,Spring 2023,3.7,1
DATA350,Fall 2023,4.0,1
DATA350,Fall 2024,4.0,3
DATA400,Fall 2023,3.2,7
DATA400,Fall 2024,3.79,14
DATA400,Spring 2024,4.0,3
DATA601,Fall 2021,3.3,1
DATA601,Fall 2024,3.3,1
DATA601,Spring 2021,4.0,1
DATA602,Fall 2021,4.0,1
DATA602,Fall 2022,4.0,1
DATA602,Fall 2024,4.0,2
DATA603,Fall 2024,3.9,3
DATA603,Spring 2021,2.0,1
DATA603,Spring 2023,4.0,1
DATA605,Spring 2021,4.0,1
DATA612,Fall 2024,4.0,1
DATA641,Spring 2021,3.35,2
EALL300,Fall 2011,4.0,1
EALL300,Fall 2020,3.0,1
EALL300,Spring 2021,4.0,1
ECON111,Fall 2017,2.7,1
ECON111,Fall 2021,4.0,1
ECON111,Fall 2022,3.15,2
ECON111,Fall 2023,4.0,1
ECON111,Fall 2024,3.69,7
ECON111,Spring 2018,3.7,1
ECON111,Spring 2025,4.0,1
ECON175,Fall 2022,4.0,1
ECON175,Fall 2023,3.57,3
ECON175,Spring 2023,3.5,2
ECON175,Spring 2024,4.0,1
ECON181,Fall 2019,4.0,1
ECON181,Fall 2021,4.0,1
ECON181,Fall 2022,4.0,2
ECON181,Spring 2023,3.85,2
ECON185,Fall 2022,4.0,1
ECON185,Spring 2022,4.0,1
ECON185,Spring 2023,4.0,1
ECON185,Spring 2024,4.0,1
ECON200,Fall 2007,4.0,3
ECON200,Fall 2009,3.25,4
ECON200,Fall 2010,3.56,9
ECON200,Fall 2011,3.8,5
ECON200,Fall 2012,3.9,3
ECON200,Fall 2013,4.0,1
ECON200,Fall 2017,3.3,1
ECON200,Fall 2018,3.3,1
ECON200,Fall 2019,3.23,3
ECON200,Fall 2020,3.8,13
ECON200,Fall 2021,3.75,8
ECON200,Fall 2022,3.64,19
ECON200,Fall 2023,3.36,27
ECON200,Fall 2024,3.43,49
ECON200,Spring 2009,3.94,5
ECON200,Spring 2010,3.52,12
ECON200,Spring 2011,3.83,4
ECON200,Spring 2012,3.67,6
ECON200,Spring 2013,3.3,1
ECON200,Spring 2015,4.0,1
ECON200,Spring 2016,3.7,1
ECON200,Spring 2018,4.0,1
ECON200,Spring 2019,3.35,2
ECON200,Spring 2021,3.76,7
ECON200,Spring 2022,3.31,10
ECON200,Spring 2023,3.59,17
ECON200,Spring 2024,2.78,33
ECON200,Spring 2025,3.54,5
ECON201,Fall 2008,4.0,3
ECON201,Fall 2009,3.65,2
ECON201,Fall 2010,3.65,2
ECON201,Fall 2011,3.33,4
ECON201,Fall 2012,4.0,1
ECON201,Fall 2014,3.7,1
ECON201,Fall 2016,3.0,1
ECON201,Fall 2018,3.3,1
ECON201,Fall 2019,3.0,1
ECON201,Fall 2022,3.35,2
ECON201,Fall 2023,3.43,3
ECON201,Fall 2024,3.73,16
ECON201,Spring 2008,3.65,2
ECON201,Spring 2009,4.0,3
ECON201,Spring 2010,3.67,3
ECON201,Spring 2012,4.0,3
ECON201,Spring 2013,2.3,1
ECON201,Spring 2015,3.43,3
ECON201,Spring 2016,4.0,1
ECON201,Spring 2018,1.3,1
ECON201,Spring 2020,3.3,1
ECON201,Spring 2021,4.0,5
ECON201,Spring 2022,3.6,11
ECON201,Spring 2023,3.03,10
ECON201,Spring 2024,3.57,6
ECON201,Spring 2025,3.6,5
ECON230,Fall 2017,4.0,1
ECON230,Spring 2023,4.0,2
ECON300,Fall 2011,4.0,1
ECON300,Fall 2022,2.7,1
ECON300,Fall 2023,3.85,2
ECON300,Fall 2024,3.23,3
ECON300,Spring 2008,4.0,1
ECON300,Spring 2009,4.0,1
ECON300,Spring 2010,3.0,1
ECON300,Spring 2013,4.0,1
ECON300,Spring 2023,3.9,3
ECON300,Spring 2024,4.0,1
ECON300,Spring 2025,4.0,1
ECON305,Fall 2007,3.3,1
ECON305,Fall 2009,3.5,2
ECON305,Fall 2010,3.0,2
ECON305,Fall 2011,2.5,2
ECON305,Fall 2012,4.0,1
ECON305,Fall 2013,2.0,1
ECON305,Fall 2015,4.0,1
ECON305,Fall 2019,4.0,1
ECON305,Fall 2020,2.7,1
ECON305,Fall 2022,2.65,2
ECON305,Fall 2023,3.23,3
ECON305,Fall 2024,3.3,2
ECON305,Spring 2013,4.0,1
ECON305,Spring 2016,1.0,1
ECON305,Spring 2018,4.0,2
ECON305,Spring 2019,4.0,1
ECON305,Spring 2020,4.0,1
ECON305,Spring 2021,4.0,2
ECON305,Spring 2022,1.7,1
ECON305,Spring 2023,3.85,2
ECON305,Spring 2024,4.0,2
ECON306,Fall 2008,4.0,2
ECON306,Fall 2009,3.0,1
ECON306,Fall 2012,2.0,1
ECON306,Fall 2013,3.0,1
ECON306,Fall 2016,4.0,1
ECON306,Fall 2020,3.7,1
ECON306,Fall 2021,3.7,1
ECON306,Fall 2022,2.54,5
ECON306,Fall 2023,3.54,19
ECON306,Fall 2024,3.17,4
ECON306,Spring 2009,3.47,3
ECON306,Spring 2011,3.67,4
ECON306,Spring 2012,4.0,1
ECON306,Spring 2013,4.0,1
ECON306,Spring 2014,3.3,1
ECON306,Spring 2016,3.0,1
ECON306,Spring 2018,4.0,1
ECON306,Spring 2019,3.3,2
ECON306,Spring 2021,3.7,1
ECON306,Spring 2022,3.0,1
ECON306,Spring 2023,2.33,3
ECON306,Spring 2024,3.85,4
ECON311,Fall 2008,4.0,2
ECON311,Fall 2010,4.0,1
ECON311,Fall 2014,2.5,2
ECON311,Fall 2015,4.0,1
ECON311,Fall 2019,3.0,1
ECON311,Fall 2021,4.0,1
ECON311,Fall 2024,3.33,3
ECON311,Spring 2008,3.0,1
ECON311,Spring 2016,4.0,2
ECON311,Spring 2018,3.0,1
ECON311,Spring 2019,3.0,1
ECON311,Spring 2024,2.0,1
ECON312,Fall 2012,1.0,1
ECON312,Spring 2011,3.0,1
ECON315,Spring 2021,3.3,1
ECON317,Fall 2015,3.7,1
ECON317,Fall 2020,3.3,1
ECON317,Fall 2023,2.65,2
ECON317,Spring 2010,2.0,1
ECON317,Spring 2011,3.0,1
ECON317,Spring 2013,3.0,1
ECON317,Spring 2016,3.0,1
ECON317,Spring 2018,2.7,1
ECON317,Spring 2023,2.0,1
ECON317,Spring 2024,3.0,1
ECON321,Fall 2009,3.0,1
ECON321,Fall 2010,3.5,2
ECON321,Fall 2011,4.0,2
ECON321,Fall 2013,4.0,1
ECON321,Fall 2014,4.0,1
ECON321,Fall 2016,4.0,1
ECON321,Fall 2023,3.3,1
ECON321,Spring 2008,4.0,2
ECON321,Spring 2010,3.0,1
ECON321,Spring 2011,2.0,1
ECON321,Spring 2016,3.0,1
ECON321,Spring 2022,3.5,2
ECON321,Spring 2024,4.0,2
ECON325,Fall 2008,4.0,1
ECON325,Fall 2014,4.0,1
ECON325,Fall 2015,4.0,1
ECON325,Fall 2018,4.0,1
ECON325,Fall 2020,4.0,1
ECON325,Fall 2024,4.0,1
ECON325,Spring 2009,3.0,1
ECON325,Spring 2010,3.0,1
ECON325,Spring 2011,2.0,1
ECON325,Spring 2013,2.5,2
ECON325,Spring 2015,4.0,1
ECON325,Spring 2020,3.3,1
ECON325,Spring 2022,3.7,1
ECON325,Spring 2023,4.0,1
ECON325,Spring 2024,3.7,1
ECON326,Fall 2009,4.0,1
ECON326,Fall 2015,3.3,1
ECON326,Fall 2022,4.0,1
ECON326,Fall 2024,3.0,1
ECON326,Spring 2008,4.0,2
ECON326,Spring 2019,4.0,1
ECON326,Spring 2022,4.0,1
ECON326,Spring 2024,4.0,2
ECON326,Spring 2025,4.0,1
ECON327,Fall 2022,2.67,3
ECON327,Fall 2024,4.0,2
ECON327,Spring 2023,4.0,1
ECON330,Fall 2008,4.0,1
ECON330,Fall 2009,3.5,2
ECON330,Fall 2010,3.0,2
ECON330,Fall 2011,3.43,3
ECON330,Fall 2012,4.0,1
ECON330,Fall 2013,4.0,1
ECON330,Fall 2014,1.0,1
ECON330,Fall 2015,3.3,1
ECON330,Fall 2017,4.0,1
ECON330,Fall 2022,2.7,1
ECON330,Fall 2023,3.85,2
ECON330,Fall 2024,3.5,2
ECON330,Spring 2009,4.0,1
ECON330,Spring 2010,3.0,2
ECON330,Spring 2011,3.0,1
ECON330,Spring 2012,3.74,5
ECON330,Spring 2014,4.0,1
ECON330,Spring 2018,3.15,2
ECON330,Spring 2019,4.0,1
ECON330,Spring 2021,4.0,1
ECON330,Spring 2022,4.0,2
ECON330,Spring 2024,3.5,2
ECON330,Spring 2025,4.0,2
ECON354,Fall 2024,4.0,1
ECON371,Fall 2024,3.7,1
ECON371,Spring 2024,4.0,1
ECON375,Fall 2024,2.65,2
ECON375,Spring 2024,4.0,1
ECON375,Spring 2025,2.7,1
ECON387,Spring 2023,4.0,1
ECON401,Fall 2015,2.0,1
ECON401,Spring 2009,4.0,1
ECON402,Spring 2021,2.7,1
ECON410,Fall 2023,4.0,1
ECON414,Fall 2023,3.57,3
ECON414,Fall 2024,4.0,2
ECON414,Spring 2020,4.0,1
ECON414,Spring 2023,4.0,1
ECON414,Spring 2024,4.0,1
ECON414,Spring 2025,3.3,1
ECON416,Spring 2015,4.0,1
ECON417,Spring 2023,2.0,1
ECON417,Spring 2024,3.7,1
ECON418C,Fall 2023,4.0,1
ECON418C,Fall 2024,4.0,1
ECON422,Fall 2009,4.0,1
ECON422,Fall 2011,4.0,1
ECON422,Fall 2012,4.0,1
ECON422,Fall 2020,2.3,1
ECON422,Fall 2021,4.0,1
ECON422,Fall 2022,4.0,1
ECON422,Fall 2024,2.8,3
ECON422,Spring 2009,4.0,1
ECON422,Spring 2014,1.0,1
ECON422,Spring 2019,2.0,1
ECON422,Spring 2021,2.7,1
ECON422,Spring 2022,3.53,3
ECON422,Spring 2023,4.0,2
ECON422,Spring 2024,4.0,1
ECON423,Fall 2019,3.15,2
ECON423,Fall 2020,3.0,1
ECON423,Spring 2016,4.0,1
ECON423,Spring 2020,3.3,1
ECON423,Spring 2022,3.5,2
ECON424,Fall 2021,3.0,1
ECON424,Spring 2020,2.0,2
ECON424,Spring 2023,3.35,2
ECON424,Spring 2024,4.0,1
ECON426,Fall 2018,4.0,1
ECON426,Fall 2019,3.23,3
ECON426,Fall 2020,3.3,1
ECON426,Spring 2022,2.0,1
ECON432,Fall 2024,3.85,2
ECON433,Fall 2024,3.7,1
ECON451,Fall 2013,4.0,1
ECON451,Fall 2020,2.0,1
ECON451,Fall 2023,2.7,1
ECON451,Fall 2024,3.0,1
ECON451,Spring 2010,3.0,1
ECON451,Spring 2012,4.0,1
ECON451,Spring 2022,3.0,1
ECON454,Fall 2012,4.0,1
ECON454,Fall 2022,3.1,4
ECON454,Fall 2023,3.77,3
ECON454,Spring 2013,3.0,1
ECON455,Fall 2024,3.7,1
ECON456,Spring 2023,3.3,1
ECON460,Fall 2021,4.0,1
ECON461,Spring 2024,4.0,1
ECON462,Fall 2017,3.7,1
ECON465,Spring 2023,4.0,1
ECON465,Spring 2024,3.7,1
ECON470,Fall 2019,3.0,1
ECON470,Fall 2021,3.0,1
ECON470,Spring 2016,3.7,1
ECON470,Spring 2023,4.0,1
ECON470,Spring 2024,3.7,1
ECON481,Fall 2024,4.0,2
ECON485,Fall 2023,3.57,3
ECON486,Spring 2023,3.7,1
ECON490,Spring 2018,3.85,2
ECON490,Spring 2020,4.0,1
ECON601,Spring 2023,3.7,1
EDCI243,Fall 2011,4.0,1
EDCI243,Spring 2012,4.0,1
EDCI243,Spring 2013,4.0,1
EDCI246,Fall 2015,4.0,1
EDCI246,Spring 2014,4.0,1
EDCI288C,Fall 2019,4.0,1
EDCI288W,Spring 2020,4.0,1
EDCI411,Spring 2011,4.0,1
EDCI416,Fall 2009,4.0,1
EDCI416,Fall 2011,4.0,2
EDCI443,Fall 2008,4.0,2
EDCI443,Spring 2011,4.0,1
EDCI457,Fall 2009,3.0,1
EDCI488C,Spring 2011,4.0,1
EDCI654,Fall 2024,3.3,1
EDCI786,Spring 2010,4.0,1
EDCP108B,Spring 2023,4.0,1
EDCP108C,Fall 2022,4.0,2
EDCP108C,Fall 2024,4.0,1
EDCP108C,Spring 2022,4.0,1
EDCP108E,Spring 2024,4.0,1
EDCP108I,Fall 2024,4.0,2
EDCP108I,Spring 2019,4.0,1
EDCP108I,Spring 2021,4.0,2
EDCP108I,Spring 2022,4.0,1
EDCP108I,Spring 2023,4.0,1
EDCP210,Fall 2019,4.0,1
EDCP210,Fall 2020,4.0,1
EDCP210,Fall 2021,4.0,2
EDCP210,Fall 2022,4.0,2
EDCP210,Fall 2024,4.0,3
EDCP210,Spring 2020,3.15,2
EDCP210,Spring 2022,4.0,1
EDCP210,Spring 2023,4.0,5
EDCP210,Spring 2024,4.0,4
EDCP217,Spring 2020,0.0,1
EDCP230,Fall 2022,4.0,1
EDCP230,Fall 2023,4.0,2
EDCP230,Spring 2023,4.0,1
EDCP230,Spring 2024,4.0,1
EDCP498T,Fall 2023,4.0,1
EDHD200,Fall 2023,4.0,1
EDHD200,Fall 2024,3.5,2
EDHD200,Spring 2021,4.0,1
EDHD200,Spring 2022,4.0,1
EDHD200,Spring 2023,4.0,1
EDHD200,Spring 2024,3.67,4
EDHD201,Fall 2020,4.0,1
EDHD201,Fall 2022,4.0,4
EDHD201,Fall 2023,4.0,2
EDHD201,Fall 2024,3.86,5
EDHD201,Spring 2020,4.0,1
EDHD201,Spring 2021,4.0,1
EDHD201,Spring 2023,4.0,1
EDHD210,Fall 2011,3.3,1
EDHD210,Spring 2022,4.0,1
EDHD210,Spring 2023,4.0,1
EDHD220,Spring 2022,4.0,1
EDHD221,Fall 2020,4.0,1
EDHD221,Spring 2020,4.0,1
EDHD221,Spring 2024,4.0,1
EDHD230,Fall 2021,4.0,1
EDHD230,Fall 2022,4.0,2
EDHD230,Fall 2024,4.0,3
EDHD230,Spring 2023,3.65,2
EDHD231,Fall 2020,4.0,1
EDHD231,Fall 2022,4.0,1
EDHD241,Fall 2024,4.0,3
EDHD241,Spring 2023,4.0,2
EDHD306,Fall 2021,3.85,2
EDHD306,Fall 2022,4.0,1
EDHD306,Fall 2023,4.0,3
EDHD306,Fall 2024,3.5,2
EDHD306,Spring 2020,3.7,1
EDHD306,Spring 2023,3.9,3
EDHD310,Fall 2022,4.0,1
EDHD310,Spring 2022,4.0,1
EDHD310,Spring 2025,4.0,1
EDHD320,Fall 2010,4.0,1
EDHD320,Fall 2011,4.0,1
EDHD320,Fall 2021,4.0,1
EDHD320,Fall 2022,4.0,2
EDHD320,Fall 2024,3.85,6
EDHD320,Spring 2011,4.0,1
EDHD320,Spring 2021,4.0,1
EDHD320,Spring 2023,3.9,3
EDHD320,Spring 2024,3.3,2
EDHD400,Fall 2010,4.0,1
EDHD400,Fall 2011,4.0,1
EDHD400,Fall 2012,4.0,2
EDHD400,Fall 2013,4.0,1
EDHD400,Spring 2012,4.0,1
EDHD402,Fall 2024,4.0,1
EDHD402,Spring 2021,4.0,1
EDHD402,Spring 2022,4.0,1
EDHD402,Spring 2025,3.7,1
EDHD411,Fall 2022,4.0,1
EDHD411,Fall 2024,4.0,6
EDHD411,Spring 2012,4.0,1
EDHD411,Spring 2023,3.3,1
EDHD411,Spring 2024,4.0,2
EDHD412,Fall 2021,4.0,1
EDHD412,Spring 2023,4.0,2
EDHD412,Spring 2024,3.7,1
EDHD413,Fall 2011,4.0,1
EDHD413,Fall 2023,4.0,2
EDHD413,Fall 2024,4.0,1
EDHD413,Spring 2010,4.0,1
EDHD413,Spring 2012,4.0,1
EDHD413,Spring 2015,3.3,1
EDHD413,Spring 2023,4.0,1
EDHD413,Spring 2024,4.0,1
EDHD425,Fall 2009,4.0,1
EDHD425,Fall 2012,3.3,1
EDHD425,Fall 2024,3.65,2
EDHD425,Spring 2010,4.0,1
EDHD425,Spring 2011,4.0,1
EDHD425,Spring 2013,3.0,1
EDHD426,Fall 2023,3.7,1
EDHD430,Spring 2016,4.0,1
EDHD436,Spring 2023,3.7,1
EDHD460,Fall 2011,4.0,1
EDHD460,Fall 2019,4.0,1
EDHD460,Fall 2022,3.5,2
EDHD460,Fall 2023,4.0,2
EDHD460,Fall 2024,4.0,1
EDHD460,Spring 2011,4.0,1
EDHD460,Spring 2012,4.0,3
EDHD460,Spring 2022,4.0,1
EDHD460,Spring 2024,4.0,1
EDHD460,Spring 2025,4.0,3
EDHD690,Fall 2013,4.0,1
EDHI677,Fall 2024,4.0,1
EDMS451,Spring 2024,4.0,1
EDMS623,Fall 2023,4.0,1
EDMS646,Fall 2023,4.0,1
EDMS651,Fall 2023,4.0,1
EDPS210,Fall 2010,3.7,1
EDPS301,Fall 2011,4.0,1
EDPS301,Spring 2011,4.0,1
EDPS301,Spring 2013,4.0,1
EDSP210,Fall 2019,4.0,2
EDSP210,Fall 2022,4.0,1
EDSP210,Fall 2023,3.35,2
EDSP210,Spring 2011,4.0,1
EDSP210,Spring 2012,4.0,1
EDSP210,Spring 2022,4.0,1
EDSP211,Fall 2022,4.0,1
EDSP211,Fall 2023,3.85,2
EDSP220,Fall 2022,3.94,5
EDSP220,Fall 2023,3.7,1
EDSP220,Spring 2022,4.0,1
EDSP220,Spring 2023,4.0,1
EDSP289I,Fall 2015,3.7,1
EDSP289I,Fall 2018,4.0,1
EDSP289I,Fall 2020,4.0,1
EDSP289I,Spring 2019,3.7,1
EDSP289I,Spring 2020,3.85,2
EDSP311,Fall 2022,4.0,1
EDSP311,Fall 2023,4.0,10
EDSP311,Fall 2024,4.0,1
EDSP311,Spring 2023,4.0,1
EDSP311,Spring 2024,4.0,2
EDSP376,Fall 2020,4.0,1
EDSP376,Fall 2024,4.0,5
EDSP376,Spring 2021,4.0,1
EDSP376,Spring 2024,4.0,2
EDSP376,Spring 2025,3.1,3
EDSP401,Fall 2024,4.0,1
EDSP417,Spring 2023,4.0,1
EDSP420,Fall 2024,4.0,1
EDSP470,Fall 2019,4.0,1
EDSP470,Fall 2020,4.0,1
EDSP470,Fall 2022,4.0,3
EDSP470,Fall 2023,4.0,2
EDSP470,Fall 2024,4.0,1
EDSP470,Spring 2021,3.65,2
EDSP470,Spring 2025,4.0,1
EDUC388E,Fall 2021,4.0,1
ENAE100,Fall 2008,4.0,1
ENAE100,Fall 2022,4.0,1
ENAE100,Fall 2024,4.0,1
ENAE200,Spring 2021,4.0,1
ENAE202,Fall 2009,3.7,1
ENAE202,Fall 2011,4.0,1
ENAE202,Fall 2019,3.7,1
ENAE202,Fall 2020,4.0,1
ENAE202,Fall 2022,2.33,3
ENAE202,Fall 2023,4.0,1
ENAE202,Spring 2010,3.75,4
ENAE202,Spring 2011,4.0,1
ENAE202,Spring 2015,4.0,1
ENAE202,Spring 2019,2.3,1
ENAE202,Spring 2021,3.0,2
ENAE202,Spring 2022,3.5,2
ENAE202,Spring 2023,3.3,1
ENAE202,Spring 2024,3.67,4
ENAE283,Fall 2018,3.0,1
ENAE283,Fall 2020,4.0,1
ENAE283,Fall 2021,3.0,1
ENAE283,Fall 2023,3.19,9
ENAE283,Fall 2024,3.85,2
ENAE283,Spring 2021,3.15,2
ENAE283,Spring 2023,4.0,1
ENAE283,Spring 2024,4.0,1
ENAE283,Spring 2025,4.0,1
ENAE283H,Fall 2007,4.0,1
ENAE283H,Fall 2012,2.7,1
ENAE283H,Fall 2020,3.7,1
ENAE283H,Fall 2023,3.7,1
ENAE283H,Spring 2009,4.0,1
ENAE283H,Spring 2010,3.7,1
ENAE283H,Spring 2011,4.0,1
ENAE283H,Spring 2012,4.0,1
ENAE283H,Spring 2024,3.7,1
ENAE301,Fall 2009,4.0,1
ENAE301,Fall 2010,4.0,1
ENAE301,Fall 2018,3.7,1
ENAE301,Fall 2021,3.15,2
ENAE301,Fall 2023,3.85,4
ENAE301,Fall 2024,3.65,2
ENAE301,Spring 2012,2.3,1
ENAE301,Spring 2015,4.0,1
ENAE301,Spring 2018,2.3,1
ENAE311,Fall 2021,2.7,1
ENAE311,Fall 2023,2.67,6
ENAE311,Fall 2024,2.7,1
ENAE311,Spring 2015,3.3,1
ENAE311,Spring 2018,4.0,1
ENAE311,Spring 2023,2.5,2
ENAE311H,Fall 2009,3.7,1
ENAE311H,Fall 2010,3.7,1
ENAE311H,Fall 2024,3.0,1
ENAE324,Spring 2010,4.0,1
ENAE324,Spring 2011,4.0,1
ENAE324,Spring 2013,3.0,1
ENAE324,Spring 2022,3.7,1
ENAE324,Spring 2023,4.0,1
ENAE324,Spring 2024,2.83,4
ENAE362,Fall 2009,4.0,1
ENAE362,Fall 2010,3.7,1
ENAE362,Fall 2021,3.7,2
ENAE362,Fall 2023,3.85,4
ENAE362,Fall 2024,3.85,2
ENAE362,Spring 2015,3.0,1
ENAE362,Spring 2018,3.0,1
ENAE380,Fall 2009,4.0,1
ENAE380,Fall 2010,3.3,1
ENAE380,Fall 2021,2.77,3
ENAE380,Fall 2023,3.54,5
ENAE380,Fall 2024,3.9,3
ENAE380,Spring 2020,4.0,1
ENAE380,Spring 2025,4.0,1
ENAE404,Fall 2022,4.0,2
ENAE404,Spring 2021,4.0,1
ENAE414,Fall 2023,3.3,1
ENAE415,Spring 2008,2.0,1
ENAE420,Spring 2023,4.0,1
ENAE423,Fall 2022,3.0,1
ENAE423H,Fall 2024,4.0,2
ENAE423H,Spring 2011,4.0,1
ENAE432,Fall 2010,4.0,1
ENAE432,Fall 2012,4.0,1
ENAE432,Fall 2024,3.65,2
ENAE432,Spring 2008,3.0,1
ENAE432,Spring 2023,2.7,1
ENAE441,Fall 2018,3.3,1
ENAE441,Fall 2021,3.3,1
ENAE441,Fall 2023,2.7,1
ENAE441,Fall 2024,4.0,2
ENAE441,Spring 2012,3.7,1
ENAE441,Spring 2020,3.3,1
ENAE441,Spring 2024,3.3,1
ENAE450,Spring 2022,4.0,1
ENAE455,Spring 2011,4.0,1
ENAE455,Spring 2022,4.0,1
ENAE457,Spring 2012,4.0,2
ENAE457,Spring 2021,4.0,1
ENAE464,Fall 2009,4.0,1
ENAE464,Spring 2008,2.0,1
ENAE464,Spring 2012,3.0,1
ENAE464,Spring 2024,3.0,1
ENAE481,Spring 2011,4.0,1
ENAE483,Fall 2018,4.0,1
ENAE483,Fall 2021,4.0,1
ENAE483,Fall 2024,4.0,1
ENAE483,Spring 2012,4.0,1
ENAE483,Spring 2020,4.0,1
ENAE483,Spring 2023,3.0,1
ENAE483,Spring 2025,3.0,1
ENAE484,Fall 2022,4.0,1
ENAE484,Spring 2012,3.0,3
ENAE484,Spring 2020,4.0,1
ENAE484,Spring 2021,4.0,1
ENAE484,Spring 2023,4.0,3
ENAE484,Spring 2024,3.0,1
ENAE488F,Spring 2022,1.7,1
ENAE654,Spring 2020,4.0,1
ENAE663,Spring 2021,3.7,1
ENAE665,Spring 2022,4.0,1
ENAE667,Spring 2024,4.0,1
ENAE674,Spring 2023,3.7,1
ENAE788K,Fall 2021,3.3,1
ENCE100,Fall 2008,4.0,1
ENCE100,Fall 2009,4.0,2
ENCE100,Fall 2012,3.0,1
ENCE100,Fall 2021,4.0,1
ENCE100,Fall 2023,4.0,1
ENCE100,Fall 2024,4.0,2
ENCE100,Spring 2009,4.0,1
ENCE100,Spring 2011,4.0,1
ENCE100,Spring 2019,4.0,1
ENCE100,Spring 2021,4.0,1
ENCE100,Spring 2024,3.9,3
ENCE200,Fall 2008,4.0,1
ENCE200,Fall 2009,3.67,3
ENCE200,Fall 2021,3.65,2
ENCE200,Fall 2023,4.0,1
ENCE200,Fall 2024,3.12,6
ENCE200,Spring 2022,4.0,1
ENCE200,Spring 2023,4.0,3
ENCE200,Spring 2024,3.3,2
ENCE201,Fall 2008,4.0,1
ENCE201,Fall 2015,3.7,1
ENCE201,Fall 2021,2.0,1
ENCE201,Fall 2022,4.0,1
ENCE201,Spring 2010,4.0,1
ENCE201,Spring 2012,3.3,1
ENCE201,Spring 2015,4.0,2
ENCE201,Spring 2016,4.0,1
ENCE201,Spring 2023,2.7,1
ENCE201,Spring 2024,2.3,1
ENCE204,Fall 2021,3.7,1
ENCE205,Fall 2024,3.0,1
ENCE215,Fall 2009,4.0,3
ENCE215,Fall 2018,3.0,1
ENCE215,Fall 2019,3.0,1
ENCE215,Fall 2020,2.85,2
ENCE215,Fall 2021,3.7,1
ENCE215,Fall 2024,2.5,2
ENCE215,Spring 2010,3.0,1
ENCE215,Spring 2021,3.0,1
ENCE215,Spring 2022,4.0,1
ENCE215,Spring 2024,2.15,2
ENCE215,Spring 2025,2.5,4
ENCE300,Fall 2009,4.0,1
ENCE300,Fall 2015,1.7,1
ENCE300,Spring 2009,4.0,1
ENCE300,Spring 2010,3.3,1
ENCE300,Spring 2016,3.3,1
ENCE300,Spring 2024,4.0,1
ENCE302,Fall 2009,4.0,1
ENCE302,Fall 2010,4.0,1
ENCE302,Fall 2015,4.0,1
ENCE302,Fall 2024,3.7,1
ENCE302,Spring 2011,4.0,1
ENCE302,Spring 2014,3.7,1
ENCE305,Fall 2008,3.0,2
ENCE305,Fall 2009,3.0,1
ENCE305,Fall 2011,4.0,1
ENCE305,Fall 2018,2.7,1
ENCE305,Fall 2020,3.0,1
ENCE305,Fall 2021,3.15,2
ENCE305,Fall 2022,3.85,2
ENCE305,Fall 2023,2.65,2
ENCE305,Spring 2009,4.0,3
ENCE305,Spring 2010,2.0,1
ENCE305,Spring 2011,3.0,1
ENCE305,Spring 2012,4.0,1
ENCE305,Spring 2015,4.0,1
ENCE305,Spring 2021,3.7,1
ENCE305,Spring 2022,3.32,5
ENCE305,Spring 2023,3.2,2
ENCE305,Spring 2024,3.5,2
ENCE310,Fall 2022,3.35,2
ENCE310,Fall 2024,3.23,3
ENCE320,Fall 2022,3.0,1
ENCE320,Fall 2024,3.0,1
ENCE320,Spring 2022,4.0,1
ENCE325,Fall 2018,4.0,1
ENCE325,Fall 2020,4.0,1
ENCE325,Fall 2021,3.7,1
ENCE325,Fall 2023,3.85,2
ENCE340,Fall 2009,4.0,1
ENCE340,Fall 2010,3.0,1
ENCE340,Fall 2011,4.0,1
ENCE340,Fall 2023,2.0,1
ENCE340,Spring 2021,2.0,1
ENCE340,Spring 2024,2.0,1
ENCE353,Fall 2008,3.0,1
ENCE353,Fall 2021,4.0,1
ENCE353,Fall 2024,2.0,1
ENCE353,Spring 2010,3.0,1
ENCE353,Spring 2024,4.0,1
ENCE360,Fall 2024,2.92,4
ENCE360,Spring 2014,2.7,1
ENCE360,Spring 2024,2.7,1
ENCE370,Fall 2023,4.0,1
ENCE370,Spring 2011,4.0,1
ENCE370,Spring 2023,4.0,1
ENCE370,Spring 2024,4.0,2
ENCE402,Spring 2021,2.0,1
ENCE411,Fall 2010,3.15,2
ENCE411,Fall 2023,3.3,1
ENCE411,Spring 2012,3.0,1
ENCE420,Spring 2013,2.0,1
ENCE421,Fall 2015,4.0,1
ENCE421,Spring 2024,3.0,2
ENCE422,Fall 2021,4.0,1
ENCE422,Spring 2021,4.0,1
ENCE422,Spring 2024,4.0,1
ENCE423,Fall 2021,4.0,1
ENCE423,Fall 2024,3.7,1
ENCE423,Spring 2023,4.0,1
ENCE424,Fall 2009,4.0,1
ENCE424,Fall 2018,3.3,1
ENCE424,Fall 2021,3.85,2
ENCE424,Spring 2024,3.0,1
ENCE426,Fall 2022,3.7,1
ENCE426,Fall 2023,4.0,1
ENCE426,Spring 2025,3.3,1
ENCE431,Fall 2010,3.7,1
ENCE432,Fall 2010,3.3,1
ENCE432,Spring 2024,3.0,1
ENCE441,Fall 2012,4.0,1
ENCE453,Fall 2011,4.0,1
ENCE453,Spring 2010,4.0,1
ENCE454,Fall 2012,4.0,1
ENCE454,Fall 2024,3.35,2
ENCE454,Spring 2024,4.0,1
ENCE455,Spring 2010,4.0,1
ENCE465,Fall 2023,1.3,1
ENCE465,Fall 2024,4.0,1
ENCE465,Spring 2025,4.0,1
ENCE467,Spring 2024,4.0,1
ENCE470,Fall 2024,3.7,1
ENCE489G,Spring 2023,4.0,1
ENCE602,Spring 2020,3.7,1
ENCE613,Fall 2022,4.0,1
ENCE621,Fall 2010,4.0,1
ENCE641,Fall 2012,4.0,1
ENCE641,Fall 2022,3.3,1
ENCE662,Spring 2008,4.0,1
ENCE688Y,Fall 2021,4.0,1
ENCH610,Fall 2021,3.7,1
ENEE101,Fall 2021,4.0,1
ENEE101,Fall 2022,4.0,3
ENEE101,Fall 2023,4.0,1
ENEE101,Fall 2024,4.0,1
ENEE101,Spring 2022,4.0,1
ENEE101,Spring 2023,4.0,1
ENEE101,Spring 2024,3.35,2
ENEE140,Fall 2008,3.0,1
ENEE140,Fall 2009,4.0,2
ENEE140,Fall 2010,4.0,1
ENEE140,Fall 2011,4.0,1
ENEE140,Fall 2015,4.0,1
ENEE140,Fall 2016,4.0,1
ENEE140,Fall 2018,4.0,1
ENEE140,Fall 2019,4.0,1
ENEE140,Fall 2020,3.35,2
ENEE140,Fall 2021,3.85,2
ENEE140,Fall 2022,3.9,3
ENEE140,Fall 2023,3.35,2
ENEE140,Fall 2024,3.67,3
ENEE140,Spring 2020,3.7,1
ENEE140,Spring 2024,4.0,3
ENEE140,Spring 2025,4.0,1
ENEE150,Fall 2008,4.0,1
ENEE150,Fall 2010,4.0,2
ENEE150,Fall 2011,4.0,1
ENEE150,Fall 2012,1.0,1
ENEE150,Fall 2013,4.0,1
ENEE150,Fall 2015,4.0,1
ENEE150,Fall 2018,3.0,1
ENEE150,Fall 2019,4.0,2
ENEE150,Fall 2023,3.5,2
ENEE150,Spring 2009,4.0,1
ENEE150,Spring 2010,3.0,4
ENEE150,Spring 2011,4.0,2
ENEE150,Spring 2014,3.0,1
ENEE150,Spring 2015,3.0,1
ENEE150,Spring 2019,2.0,1
ENEE150,Spring 2020,4.0,1
ENEE150,Spring 2021,2.3,1
ENEE150,Spring 2022,4.0,1
ENEE150,Spring 2023,3.83,4
ENEE150,Spring 2024,3.62,6
ENEE150,Spring 2025,4.0,1
ENEE200,Fall 2010,4.0,1
ENEE200,Fall 2011,4.0,1
ENEE200,Fall 2014,4.0,2
ENEE200,Fall 2015,4.0,2
ENEE200,Fall 2018,3.9,3
ENEE200,Fall 2019,4.0,1
ENEE200,Fall 2020,4.0,1
ENEE200,Fall 2021,4.0,2
ENEE200,Fall 2022,3.67,4
ENEE200,Fall 2023,4.0,3
ENEE200,Fall 2024,4.0,8
ENEE200,Spring 2009,4.0,1
ENEE200,Spring 2010,3.0,1
ENEE200,Spring 2012,3.85,2
ENEE200,Spring 2013,4.0,1
ENEE200,Spring 2019,4.0,1
ENEE200,Spring 2020,4.0,1
ENEE200,Spring 2021,4.0,1
ENEE200,Spring 2022,4.0,1
ENEE200,Spring 2023,4.0,4
ENEE200,Spring 2024,4.0,8
ENEE205,Fall 2011,4.0,1
ENEE205,Fall 2012,4.0,1
ENEE205,Fall 2013,3.85,2
ENEE205,Fall 2018,3.5,4
ENEE205,Fall 2022,3.35,2
ENEE205,Fall 2023,4.0,3
ENEE205,Fall 2024,3.9,3
ENEE205,Spring 2014,3.0,1
ENEE205,Spring 2019,4.0,1
ENEE205,Spring 2021,3.3,1
ENEE205,Spring 2022,3.5,2
ENEE205,Spring 2023,4.0,3
ENEE205,Spring 2024,4.0,1
ENEE222,Fall 2015,4.0,1
ENEE222,Fall 2018,3.0,1
ENEE222,Fall 2019,4.0,1
ENEE222,Fall 2023,4.0,1
ENEE222,Fall 2024,3.33,3
ENEE222,Spring 2012,4.0,1
ENEE222,Spring 2013,4.0,1
ENEE222,Spring 2014,3.67,3
ENEE222,Spring 2015,3.5,2
ENEE222,Spring 2020,4.0,1
ENEE222,Spring 2021,3.5,2
ENEE222,Spring 2023,4.0,3
ENEE222,Spring 2024,3.5,2
ENEE244,Fall 2008,4.0,1
ENEE244,Fall 2009,3.46,8
ENEE244,Fall 2010,3.06,5
ENEE244,Fall 2013,3.0,2
ENEE244,Fall 2014,2.85,2
ENEE244,Fall 2018,4.0,1
ENEE244,Fall 2019,3.67,3
ENEE244,Fall 2020,4.0,2
ENEE244,Fall 2021,3.0,1
ENEE244,Fall 2022,3.74,5
ENEE244,Fall 2023,3.72,5
ENEE244,Fall 2024,3.66,5
ENEE244,Spring 2009,4.0,1
ENEE244,Spring 2010,3.5,2
ENEE244,Spring 2011,4.0,3
ENEE244,Spring 2012,4.0,1
ENEE244,Spring 2013,4.0,2
ENEE244,Spring 2014,4.0,1
ENEE244,Spring 2015,4.0,1
ENEE244,Spring 2019,4.0,2
ENEE244,Spring 2021,3.5,2
ENEE244,Spring 2022,3.3,1
ENEE244,Spring 2023,3.68,5
ENEE244,Spring 2024,3.88,8
ENEE244,Spring 2025,1.7,1
ENEE245,Fall 2011,4.0,1
ENEE245,Fall 2013,4.0,1
ENEE245,Fall 2014,4.0,1
ENEE245,Fall 2015,4.0,1
ENEE245,Fall 2019,3.7,1
ENEE245,Fall 2020,3.3,1
ENEE245,Fall 2021,3.13,3
ENEE245,Fall 2022,3.0,1
ENEE245,Fall 2023,4.0,1
ENEE245,Fall 2024,3.5,4
ENEE245,Spring 2012,4.0,1
ENEE245,Spring 2013,4.0,1
ENEE245,Spring 2023,3.57,3
ENEE245,Spring 2024,4.0,2
ENEE290,Fall 2024,3.83,8
ENEE290,Spring 2023,4.0,1
ENEE290,Spring 2024,3.65,2
ENEE290,Spring 2025,4.0,1
ENEE303,Fall 2007,4.0,1
ENEE303,Fall 2009,4.0,1
ENEE303,Fall 2011,4.0,1
ENEE303,Fall 2012,4.0,3
ENEE303,Fall 2014,4.0,1
ENEE303,Fall 2019,3.25,4
ENEE303,Fall 2023,2.85,2
ENEE303,Fall 2024,3.15,2
ENEE303,Spring 2008,4.0,1
ENEE303,Spring 2011,4.0,1
ENEE303,Spring 2012,3.0,1
ENEE303,Spring 2013,4.0,1
ENEE303,Spring 2014,3.65,2
ENEE303,Spring 2018,1.0,1
ENEE303,Spring 2019,3.0,1
ENEE303,Spring 2021,3.85,2
ENEE303,Spring 2022,3.0,1
ENEE303,Spring 2023,4.0,3
ENEE303H,Fall 2010,4.0,1
ENEE303H,Fall 2012,4.0,1
ENEE303H,Fall 2013,4.0,1
ENEE303H,Fall 2015,4.0,1
ENEE303H,Spring 2018,4.0,1
ENEE303H,Spring 2023,4.0,1
ENEE304,Spring 2024,4.0,2
ENEE307,Fall 2008,3.0,1
ENEE307,Fall 2009,3.0,1
ENEE307,Fall 2010,4.0,1
ENEE307,Fall 2011,4.0,1
ENEE307,Spring 2008,3.0,1
ENEE307,Spring 2014,4.0,1
ENEE307,Spring 2021,4.0,1
ENEE313,Fall 2011,4.0,2
ENEE313,Fall 2012,4.0,1
ENEE313,Fall 2018,3.0,1
ENEE313,Fall 2019,4.0,1
ENEE313,Fall 2021,4.0,2
ENEE313,Fall 2022,2.0,1
ENEE313,Spring 2010,4.0,2
ENEE313,Spring 2021,4.0,2
ENEE313,Spring 2023,2.85,4
ENEE313H,Fall 2015,4.0,1
ENEE313H,Spring 2014,4.0,1
ENEE322,Fall 2007,3.0,2
ENEE322,Fall 2008,4.0,1
ENEE322,Fall 2009,3.5,2
ENEE322,Fall 2010,3.0,1
ENEE322,Fall 2011,4.0,1
ENEE322,Fall 2013,1.5,2
ENEE322,Fall 2014,3.23,3
ENEE322,Fall 2015,3.7,1
ENEE322,Fall 2018,3.15,2
ENEE322,Fall 2019,3.3,2
ENEE322,Fall 2022,3.3,1
ENEE322,Fall 2023,1.75,4
ENEE322,Spring 2011,2.0,2
ENEE322,Spring 2012,4.0,2
ENEE322,Spring 2013,3.85,2
ENEE322,Spring 2014,3.5,2
ENEE322,Spring 2015,3.0,2
ENEE322,Spring 2018,3.0,1
ENEE322,Spring 2019,3.5,4
ENEE322,Spring 2020,4.0,1
ENEE322,Spring 2021,3.83,4
ENEE322,Spring 2024,2.63,7
ENEE322H,Fall 2015,3.0,1
ENEE322H,Fall 2023,3.3,1
ENEE322H,Spring 2011,3.7,1
ENEE322H,Spring 2014,3.7,2
ENEE322H,Spring 2019,2.0,1
ENEE324,Fall 2009,3.0,1
ENEE324,Fall 2012,3.0,1
ENEE324,Fall 2013,1.7,1
ENEE324,Fall 2018,2.85,2
ENEE324,Fall 2020,3.7,1
ENEE324,Fall 2024,4.0,1
ENEE324,Spring 2010,4.0,1
ENEE324,Spring 2012,4.0,1
ENEE324,Spring 2014,3.85,2
ENEE324,Spring 2018,3.0,1
ENEE324,Spring 2019,3.35,2
ENEE324,Spring 2020,3.7,1
ENEE324,Spring 2023,3.0,1
ENEE324,Spring 2024,2.5,2
ENEE350,Fall 2007,3.0,1
ENEE350,Fall 2008,4.0,1
ENEE350,Fall 2009,4.0,1
ENEE350,Fall 2011,4.0,2
ENEE350,Fall 2015,3.3,2
ENEE350,Fall 2018,2.7,1
ENEE350,Fall 2019,3.23,3
ENEE350,Fall 2020,3.7,1
ENEE350,Fall 2021,3.3,1
ENEE350,Fall 2022,3.5,2
ENEE350,Fall 2023,3.0,1
ENEE350,Fall 2024,2.5,6
ENEE350,Spring 2008,4.0,1
ENEE350,Spring 2010,4.0,1
ENEE350,Spring 2012,3.5,2
ENEE350,Spring 2013,2.0,1
ENEE350,Spring 2021,3.85,2
ENEE350,Spring 2022,3.3,1
ENEE350,Spring 2023,3.33,3
ENEE350,Spring 2024,3.52,9
ENEE350,Spring 2025,2.65,2
ENEE350H,Fall 2024,4.0,1
ENEE350H,Spring 2011,4.0,1
ENEE350H,Spring 2014,3.85,2
ENEE351,Spring 2021,4.0,1
ENEE351,Spring 2024,3.3,1
ENEE380,Fall 2012,4.0,2
ENEE380,Fall 2015,4.0,1
ENEE380,Fall 2019,3.22,5
ENEE380,Fall 2020,4.0,1
ENEE380,Fall 2022,3.15,2
ENEE380,Spring 2009,4.0,1
ENEE380,Spring 2010,3.5,2
ENEE380,Spring 2011,4.0,1
ENEE380,Spring 2012,4.0,1
ENEE380,Spring 2014,4.0,2
ENEE380,Spring 2020,3.7,1
ENEE380,Spring 2021,4.0,1
ENEE380,Spring 2022,4.0,1
ENEE380,Spring 2023,3.1,4
ENEE380H,Fall 2015,3.7,1
ENEE380H,Spring 2014,4.0,2
ENEE380H,Spring 2018,4.0,1
ENEE381,Fall 2009,3.0,1
ENEE381,Fall 2010,4.0,1
ENEE381,Fall 2013,4.0,1
ENEE381,Fall 2018,3.0,1
ENEE381,Fall 2021,4.0,1
ENEE381,Fall 2023,3.7,1
ENEE381,Spring 2019,3.3,1
ENEE381,Spring 2020,4.0,1
ENEE381,Spring 2021,3.85,2
ENEE381,Spring 2023,4.0,1
ENEE381,Spring 2024,3.0,1
ENEE381H,Spring 2014,4.0,1
ENEE382,Fall 2024,3.5,2
ENEE382,Spring 2024,4.0,2
ENEE382,Spring 2025,4.0,1
ENEE407,Fall 2015,4.0,1
ENEE408A,Fall 2021,4.0,1
ENEE408D,Spring 2014,4.0,1
ENEE408G,Spring 2012,4.0,1
ENEE408J,Spring 2024,4.0,1
ENEE408K,Fall 2023,3.7,1
ENEE411,Fall 2021,3.7,1
ENEE411,Spring 2018,4.0,1
ENEE411,Spring 2022,3.7,1
ENEE413,Spring 2019,4.0,1
ENEE413,Spring 2022,4.0,1
ENEE413,Spring 2024,3.0,1
ENEE416,Fall 2015,3.3,1
ENEE416,Spring 2019,4.0,1
ENEE425,Fall 2010,1.0,1
ENEE425,Spring 2013,3.3,1
ENEE425,Spring 2021,4.0,2
ENEE436,Fall 2021,4.0,1
ENEE436,Spring 2024,4.0,1
ENEE436,Spring 2025,3.3,1
ENEE439M,Fall 2020,4.0,1
ENEE439M,Spring 2019,3.3,1
ENEE440,Fall 2009,4.0,1
ENEE440,Fall 2021,4.0,1
ENEE440,Fall 2023,3.42,4
ENEE440,Spring 2020,3.0,1
ENEE440,Spring 2024,3.5,2
ENEE445,Spring 2021,3.0,1
ENEE446,Fall 2013,3.65,2
ENEE446,Fall 2019,4.0,1
ENEE446,Fall 2023,2.3,1
ENEE446,Spring 2013,3.35,2
ENEE446,Spring 2014,3.3,1
ENEE446,Spring 2019,3.0,1
ENEE446,Spring 2020,3.0,1
ENEE446,Spring 2024,4.0,1
ENEE457,Fall 2023,4.0,1
ENEE457,Spring 2024,4.0,2
ENEE459A,Fall 2021,4.0,1
ENEE459B,Fall 2021,4.0,1
ENEE459B,Fall 2024,4.0,1
ENEE459B,Spring 2025,3.3,1
ENEE459P,Fall 2024,4.0,1
ENEE459V,Spring 2023,3.0,1
ENEE459V,Spring 2024,4.0,1
ENEE460,Fall 2020,4.0,1
ENEE460,Fall 2022,3.3,1
ENEE460,Fall 2023,4.0,1
ENEE460,Fall 2024,4.0,1
ENEE460,Spring 2013,3.7,1
ENEE460,Spring 2025,3.3,1
ENEE461,Spring 2015,3.3,1
ENEE461,Spring 2024,4.0,1
ENEE463,Spring 2022,4.0,1
ENEE467,Fall 2024,4.0,1
ENEE467,Spring 2023,4.0,1
ENEE469O,Spring 2024,4.0,1
ENEE473,Spring 2024,4.0,1
ENEE474,Fall 2010,4.0,1
ENEE474,Fall 2012,3.7,1
ENEE474,Fall 2013,4.0,1
ENEE474,Fall 2017,4.0,1
ENEE474,Fall 2023,4.0,1
ENEE475,Spring 2024,4.0,2
ENEE476,Fall 2021,4.0,1
ENEE486,Fall 2024,2.0,1
ENEE489A,Spring 2019,4.0,1
ENEE490,Spring 2022,4.0,1
ENEE498K,Spring 2024,4.0,2
ENEE600,Spring 2024,3.3,1
ENEE611,Fall 2023,4.0,1
ENEE612,Spring 2024,3.0,1
ENEE620,Fall 2020,3.3,1
ENEE620,Fall 2022,1.7,1
ENEE620,Spring 2014,1.7,1
ENEE620,Spring 2021,3.0,1
ENEE620,Spring 2024,3.0,2
ENEE630,Fall 2024,4.0,1
ENEE633,Fall 2022,4.0,1
ENEE633,Spring 2016,3.0,1
ENEE640,Fall 2023,4.0,1
ENEE640,Spring 2023,3.7,1
ENEE641,Fall 2009,4.0,1
ENEE651,Fall 2024,3.3,1
ENEE664,Fall 2023,2.7,1
ENEE690,Spring 2011,3.0,1
ENEE692,Spring 2023,4.0,1
ENEE704,Fall 2010,4.0,1
ENES100,Fall 2007,4.0,1
ENES100,Fall 2008,3.96,7
ENES100,Fall 2009,2.8,3
ENES100,Fall 2010,3.75,8
ENES100,Fall 2011,3.67,6
ENES100,Fall 2012,3.7,1
ENES100,Fall 2014,4.0,1
ENES100,Fall 2017,4.0,1
ENES100,Fall 2018,3.5,2
ENES100,Fall 2019,3.67,4
ENES100,Fall 2020,4.0,9
ENES100,Fall 2021,3.77,13
ENES100,Fall 2022,4.0,7
ENES100,Fall 2023,3.63,18
ENES100,Fall 2024,3.84,24
ENES100,Spring 2008,3.17,4
ENES100,Spring 2009,3.86,7
ENES100,Spring 2010,4.0,5
ENES100,Spring 2011,4.0,3
ENES100,Spring 2014,3.7,2
ENES100,Spring 2015,3.0,1
ENES100,Spring 2018,4.0,1
ENES100,Spring 2019,3.81,7
ENES100,Spring 2020,4.0,4
ENES100,Spring 2021,4.0,7
ENES100,Spring 2022,3.94,28
ENES100,Spring 2023,3.98,27
ENES100,Spring 2024,3.95,24
ENES100,Spring 2025,3.73,7
ENES100A,Fall 2021,4.0,1
ENES100A,Fall 2022,4.0,1
ENES100A,Fall 2024,4.0,1
ENES100A,Spring 2018,3.3,1
ENES100A,Spring 2020,4.0,1
ENES100A,Spring 2021,4.0,3
ENES100A,Spring 2022,3.77,3
ENES102,Fall 2007,4.0,1
ENES102,Fall 2008,3.35,2
ENES102,Fall 2009,3.0,1
ENES102,Fall 2010,3.67,6
ENES102,Fall 2011,4.0,2
ENES102,Fall 2012,3.15,2
ENES102,Fall 2013,3.3,1
ENES102,Fall 2015,4.0,1
ENES102,Fall 2019,4.0,3
ENES102,Fall 2020,3.15,2
ENES102,Fall 2021,3.84,8
ENES102,Fall 2022,3.86,5
ENES102,Fall 2023,3.28,6
ENES102,Fall 2024,3.83,6
ENES102,Spring 2009,3.0,2
ENES102,Spring 2010,4.0,1
ENES102,Spring 2011,3.0,4
ENES102,Spring 2012,3.0,1
ENES102,Spring 2013,2.65,2
ENES102,Spring 2014,3.35,2
ENES102,Spring 2015,3.33,3
ENES102,Spring 2018,4.0,1
ENES102,Spring 2019,3.15,2
ENES102,Spring 2020,3.58,4
ENES102,Spring 2021,4.0,3
ENES102,Spring 2022,3.23,10
ENES102,Spring 2023,3.28,13
ENES102,Spring 2024,3.64,10
ENES102,Spring 2025,4.0,3
ENES102H,Fall 2007,3.7,1
ENES102H,Fall 2008,4.0,1
ENES102H,Fall 2009,4.0,1
ENES102H,Fall 2010,3.33,4
ENES102H,Fall 2011,4.0,2
ENES102H,Fall 2020,4.0,2
ENES102H,Fall 2021,3.65,2
ENES102H,Fall 2022,3.92,4
ENES102H,Fall 2023,3.85,2
ENES102H,Fall 2024,3.78,12
ENES102H,Spring 2010,4.0,2
ENES102H,Spring 2014,3.3,1
ENES102H,Spring 2015,4.0,1
ENES102H,Spring 2019,4.0,1
ENES102H,Spring 2020,4.0,1
ENES102H,Spring 2021,4.0,3
ENES102H,Spring 2022,3.7,1
ENES102H,Spring 2023,3.0,2
ENES102H,Spring 2025,4.0,2
ENES113,Fall 2019,4.0,1
ENES113,Fall 2024,4.0,3
ENES113,Spring 2023,4.0,1
ENES114,Spring 2022,4.0,1
ENES114,Spring 2023,4.0,1
ENES116,Fall 2024,4.0,1
ENES138,Fall 2024,3.65,2
ENES138,Spring 2024,3.35,2
ENES138,Spring 2025,4.0,1
ENES140,Fall 2018,4.0,1
ENES140,Fall 2019,3.1,3
ENES140,Fall 2021,3.85,2
ENES140,Fall 2022,3.95,11
ENES140,Fall 2023,3.98,12
ENES140,Fall 2024,3.81,12
ENES140,Spring 2016,2.3,1
ENES140,Spring 2018,3.86,5
ENES140,Spring 2019,3.13,6
ENES140,Spring 2020,3.65,2
ENES140,Spring 2021,4.0,1
ENES140,Spring 2022,4.0,3
ENES140,Spring 2023,3.96,16
ENES140,Spring 2024,4.0,9
ENES140,Spring 2025,3.3,1
ENES181,Fall 2011,4.0,1
ENES181,Fall 2012,4.0,1
ENES181,Fall 2014,4.0,1
ENES181,Spring 2010,4.0,1
ENES181,Spring 2020,4.0,1
ENES181,Spring 2024,4.0,1
ENES190H,Fall 2008,4.0,1
ENES190H,Fall 2009,4.0,1
ENES190H,Spring 2010,4.0,1
ENES190H,Spring 2024,4.0,1
ENES192,Fall 2023,3.7,1
ENES200,Fall 2023,3.9,3
ENES200,Fall 2024,4.0,8
ENES200,Spring 2023,4.0,1
ENES200,Spring 2024,4.0,3
ENES200,Spring 2025,4.0,3
ENES210,Fall 2009,4.0,1
ENES210,Fall 2012,4.0,1
ENES210,Fall 2020,4.0,3
ENES210,Fall 2021,4.0,1
ENES210,Fall 2022,4.0,6
ENES210,Fall 2023,4.0,8
ENES210,Fall 2024,4.0,10
ENES210,Spring 2014,4.0,2
ENES210,Spring 2019,4.0,1
ENES210,Spring 2020,4.0,1
ENES210,Spring 2021,4.0,1
ENES210,Spring 2022,4.0,5
ENES210,Spring 2023,4.0,6
ENES210,Spring 2024,4.0,12
ENES210,Spring 2025,4.0,1
ENES220,Fall 2007,3.92,4
ENES220,Fall 2008,3.67,3
ENES220,Fall 2009,3.75,4
ENES220,Fall 2010,4.0,2
ENES220,Fall 2011,4.0,2
ENES220,Fall 2012,3.0,2
ENES220,Fall 2013,3.0,1
ENES220,Fall 2014,2.9,3
ENES220,Fall 2015,3.0,2
ENES220,Fall 2016,4.0,1
ENES220,Fall 2018,3.0,1
ENES220,Fall 2019,4.0,1
ENES220,Fall 2020,3.5,2
ENES220,Fall 2021,3.33,3
ENES220,Fall 2022,3.55,6
ENES220,Fall 2023,3.83,4
ENES220,Fall 2024,3.45,6
ENES220,Spring 2008,1.7,1
ENES220,Spring 2009,3.67,3
ENES220,Spring 2010,4.0,2
ENES220,Spring 2011,3.35,2
ENES220,Spring 2012,3.75,4
ENES220,Spring 2013,3.0,1
ENES220,Spring 2014,3.5,2
ENES220,Spring 2018,4.0,2
ENES220,Spring 2019,4.0,1
ENES220,Spring 2021,4.0,1
ENES220,Spring 2022,4.0,1
ENES220,Spring 2023,4.0,1
ENES220,Spring 2024,3.55,6
ENES220,Spring 2025,4.0,4
ENES221,Fall 2008,3.0,1
ENES221,Fall 2010,3.67,3
ENES221,Fall 2011,4.0,1
ENES221,Fall 2012,3.7,1
ENES221,Fall 2013,3.0,1
ENES221,Fall 2019,4.0,1
ENES221,Fall 2020,3.5,4
ENES221,Fall 2021,3.35,2
ENES221,Fall 2022,3.57,3
ENES221,Fall 2023,3.7,1
ENES221,Fall 2024,3.78,12
ENES221,Spring 2010,3.7,1
ENES221,Spring 2012,3.0,1
ENES221,Spring 2018,3.3,1
ENES221,Spring 2019,4.0,1
ENES221,Spring 2021,3.5,2
ENES221,Spring 2023,3.8,3
ENES221,Spring 2024,3.23,3
ENES221,Spring 2025,3.35,2
ENES232,Fall 2014,3.0,2
ENES232,Fall 2022,4.0,4
ENES232,Fall 2023,3.77,3
ENES232,Fall 2024,3.58,4
ENES232,Spring 2013,4.0,1
ENES232,Spring 2016,3.3,1
ENES232,Spring 2018,3.7,2
ENES232,Spring 2019,2.3,1
ENES232,Spring 2020,4.0,1
ENES232,Spring 2021,3.85,2
ENES232,Spring 2022,2.65,2
ENES232,Spring 2023,3.87,9
ENES232,Spring 2024,3.96,8
ENES232,Spring 2025,3.9,3
ENES240,Fall 2023,3.74,5
ENES240,Fall 2024,3.6,5
ENES240,Spring 2024,4.0,1
ENES317,Fall 2022,4.0,1
ENES317,Fall 2023,4.0,1
ENES317,Spring 2014,4.0,1
ENES317,Spring 2021,4.0,1
ENES317,Spring 2023,4.0,1
ENES338K,Fall 2022,4.0,1
ENES338K,Spring 2022,4.0,1
ENES338K,Spring 2023,4.0,1
ENES338K,Spring 2024,4.0,1
ENES390H,Fall 2024,4.0,1
ENES390H,Spring 2011,4.0,1
ENES401,Fall 2024,4.0,2
ENES401,Spring 2024,4.0,1
ENES460,Fall 2010,4.0,1
ENES460,Spring 2013,4.0,1
ENES460,Spring 2021,4.0,1
ENES460,Spring 2023,4.0,1
ENES461,Fall 2019,4.0,1
ENES461,Fall 2022,4.0,2
ENES461,Fall 2023,4.0,2
ENES461,Fall 2024,4.0,2
ENES461,Spring 2021,4.0,1
ENES461,Spring 2023,4.0,5
ENES461,Spring 2024,4.0,2
ENES463,Fall 2020,4.0,1
ENES463,Spring 2023,4.0,1
ENES464,Spring 2015,3.3,1
ENES467,Spring 2022,3.5,2
ENES472,Spring 2014,3.7,1
ENES472,Spring 2023,4.0,1
ENES472,Spring 2024,3.7,1
ENES475,Spring 2025,4.0,1
ENES480,Fall 2024,4.0,1
ENES490H,Fall 2022,4.0,1
ENFP101,Fall 2020,4.0,1
ENFP101,Fall 2024,4.0,3
ENFP101,Spring 2024,4.0,1
ENFP250,Spring 2025,4.0,2
ENFP300,Fall 2022,4.0,1
ENFP415,Fall 2007,2.0,1
ENFP415,Fall 2023,4.0,2
ENFP415,Fall 2024,3.7,1
ENFP440,Fall 2022,3.7,1
ENFP440,Fall 2023,3.3,1
ENFP440,Fall 2024,3.7,1
ENGL101,Fall 2008,3.0,1
ENGL101,Fall 2010,3.15,2
ENGL101,Fall 2011,3.58,4
ENGL101,Fall 2012,3.33,3
ENGL101,Fall 2013,3.85,2
ENGL101,Fall 2014,4.0,1
ENGL101,Fall 2017,3.8,3
ENGL101,Fall 2018,3.83,6
ENGL101,Fall 2019,3.67,11
ENGL101,Fall 2020,3.86,21
ENGL101,Fall 2021,3.89,36
ENGL101,Fall 2022,3.85,52
ENGL101,Fall 2023,3.87,75
ENGL101,Fall 2024,3.88,97
ENGL101,Spring 2008,4.0,1
ENGL101,Spring 2011,2.85,2
ENGL101,Spring 2014,3.65,2
ENGL101,Spring 2018,3.79,9
ENGL101,Spring 2019,3.24,10
ENGL101,Spring 2020,3.92,8
ENGL101,Spring 2021,3.92,19
ENGL101,Spring 2022,3.83,49
ENGL101,Spring 2023,3.88,41
ENGL101,Spring 2024,3.9,71
ENGL101,Spring 2025,3.71,19
ENGL101A,Fall 2017,3.7,1
ENGL101A,Fall 2023,3.83,4
ENGL101A,Fall 2024,3.95,6
ENGL101A,Spring 2024,3.65,2
ENGL101A,Spring 2025,4.0,1
ENGL101C,Fall 2022,3.7,1
ENGL101H,Fall 2007,2.0,1
ENGL101H,Fall 2012,3.35,2
ENGL101H,Fall 2013,4.0,1
ENGL101H,Fall 2014,3.15,2
ENGL101H,Fall 2018,3.3,1
ENGL101H,Fall 2019,3.5,2
ENGL101H,Fall 2020,4.0,3
ENGL101H,Fall 2021,3.77,3
ENGL101H,Fall 2022,4.0,7
ENGL101H,Fall 2023,4.0,5
ENGL101H,Fall 2024,3.86,7
ENGL101H,Spring 2009,4.0,1
ENGL101H,Spring 2013,3.42,5
ENGL101H,Spring 2018,3.7,1
ENGL101H,Spring 2021,4.0,1
ENGL101H,Spring 2023,4.0,4
ENGL101H,Spring 2024,4.0,2
ENGL101H,Spring 2025,4.0,1
ENGL101S,Fall 2018,3.65,2
ENGL101S,Fall 2019,3.67,3
ENGL101S,Fall 2020,3.92,8
ENGL101S,Fall 2021,4.0,2
ENGL101S,Fall 2022,3.84,10
ENGL101S,Fall 2023,3.51,14
ENGL101S,Fall 2024,3.97,9
ENGL101S,Spring 2018,3.7,1
ENGL101S,Spring 2020,4.0,1
ENGL101S,Spring 2021,4.0,1
ENGL101S,Spring 2022,3.93,9
ENGL101S,Spring 2023,3.95,6
ENGL101S,Spring 2024,3.67,7
ENGL101X,Fall 2020,3.3,1
ENGL101X,Fall 2021,4.0,1
ENGL101X,Fall 2022,3.61,19
ENGL101X,Fall 2023,3.86,5
ENGL101X,Fall 2024,3.72,6
ENGL101X,Spring 2019,4.0,1
ENGL101X,Spring 2020,3.42,4
ENGL101X,Spring 2022,3.85,2
ENGL101X,Spring 2023,3.53,3
ENGL101X,Spring 2024,3.15,2
ENGL101X,Spring 2025,3.3,1
ENGL120,Fall 2022,4.0,1
ENGL120,Fall 2023,4.0,3
ENGL120,Spring 2018,3.7,1
ENGL120,Spring 2024,4.0,1
ENGL120,Spring 2025,4.0,1
ENGL121,Spring 2022,4.0,1
ENGL125,Spring 2021,4.0,1
ENGL125,Spring 2023,4.0,4
ENGL125,Spring 2024,4.0,6
ENGL126,Fall 2022,3.75,4
ENGL126,Fall 2023,4.0,4
ENGL126,Fall 2024,4.0,6
ENGL126,Spring 2023,4.0,1
ENGL126,Spring 2025,4.0,3
ENGL134,Fall 2019,4.0,1
ENGL134,Fall 2022,3.0,1
ENGL134,Fall 2024,3.7,1
ENGL140,Fall 2021,4.0,1
ENGL140,Fall 2023,4.0,1
ENGL142,Fall 2022,4.0,2
ENGL142,Fall 2024,4.0,1
ENGL142,Spring 2021,4.0,2
ENGL142,Spring 2022,4.0,2
ENGL142,Spring 2023,3.88,6
ENGL142,Spring 2024,3.74,5
ENGL143,Fall 2020,4.0,1
ENGL143,Fall 2024,4.0,1
ENGL143C,Fall 2023,4.0,2
ENGL154,Fall 2022,3.85,2
ENGL201,Fall 2010,4.0,1
ENGL201,Fall 2011,4.0,1
ENGL201,Fall 2021,4.0,1
ENGL202,Spring 2022,4.0,1
ENGL211,Spring 2012,3.0,1
ENGL212,Spring 2023,4.0,2
ENGL222,Fall 2009,3.0,2
ENGL222,Fall 2010,4.0,1
ENGL222,Fall 2011,4.0,1
ENGL222,Fall 2012,4.0,1
ENGL222,Fall 2022,4.0,1
ENGL222,Fall 2023,4.0,2
ENGL222,Spring 2009,4.0,1
ENGL222,Spring 2010,3.0,1
ENGL222,Spring 2011,4.0,1
ENGL222,Spring 2013,3.7,1
ENGL222,Spring 2022,4.0,1
ENGL234,Fall 2010,4.0,1
ENGL234,Fall 2011,3.3,1
ENGL234,Fall 2022,3.0,1
ENGL234,Spring 2010,3.0,1
ENGL234,Spring 2011,3.0,2
ENGL234,Spring 2023,4.0,2
ENGL234,Spring 2024,4.0,1
ENGL235,Fall 2024,3.85,2
ENGL235,Spring 2023,4.0,1
ENGL241,Fall 2007,4.0,1
ENGL241,Fall 2008,3.5,2
ENGL241,Fall 2010,4.0,2
ENGL241,Fall 2011,3.5,2
ENGL241,Fall 2012,2.7,1
ENGL241,Spring 2009,3.0,1
ENGL241,Spring 2010,4.0,2
ENGL241,Spring 2011,3.67,3
ENGL241,Spring 2012,4.0,1
ENGL241,Spring 2023,3.7,2
ENGL243,Fall 2009,4.0,1
ENGL243,Fall 2010,4.0,1
ENGL243,Fall 2011,4.0,1
ENGL243,Fall 2012,3.0,1
ENGL243,Fall 2013,3.3,1
ENGL243,Fall 2014,4.0,1
ENGL243,Fall 2019,3.7,1
ENGL243,Fall 2024,4.0,1
ENGL243,Spring 2008,3.57,3
ENGL243,Spring 2010,4.0,2
ENGL243,Spring 2011,3.7,1
ENGL243,Spring 2023,4.0,4
ENGL244,Fall 2008,4.0,1
ENGL244,Fall 2009,4.0,1
ENGL244,Fall 2010,3.0,1
ENGL244,Fall 2023,4.0,3
ENGL244,Spring 2009,4.0,1
ENGL245,Fall 2012,3.0,1
ENGL245,Fall 2019,3.33,4
ENGL245,Fall 2021,4.0,1
ENGL245,Fall 2023,4.0,1
ENGL245,Spring 2019,4.0,1
ENGL245,Spring 2021,4.0,1
ENGL250,Fall 2010,2.5,2
ENGL250,Fall 2022,3.85,2
ENGL250,Fall 2024,3.65,2
ENGL250,Spring 2009,3.0,1
ENGL250,Spring 2011,4.0,1
ENGL250,Spring 2022,4.0,1
ENGL250,Spring 2023,3.0,1
ENGL250,Spring 2024,4.0,2
ENGL250,Spring 2025,4.0,1
ENGL251,Fall 2024,3.3,1
ENGL251,Spring 2025,4.0,1
ENGL255,Fall 2018,3.0,1
ENGL255,Fall 2021,4.0,1
ENGL255,Fall 2022,3.5,2
ENGL255,Spring 2018,4.0,1
ENGL255,Spring 2023,3.85,2
ENGL255,Spring 2024,3.85,2
ENGL256,Fall 2021,4.0,1
ENGL256,Fall 2024,4.0,1
ENGL256,Spring 2022,4.0,1
ENGL256,Spring 2023,4.0,1
ENGL257,Fall 2022,4.0,5
ENGL257,Fall 2024,3.3,1
ENGL257,Spring 2022,4.0,1
ENGL257,Spring 2024,4.0,3
ENGL262,Fall 2022,4.0,1
ENGL262,Fall 2024,3.7,1
ENGL262,Spring 2022,4.0,1
ENGL265,Fall 2021,3.7,1
ENGL265,Fall 2022,2.85,2
ENGL265,Fall 2023,4.0,3
ENGL265,Fall 2024,3.0,2
ENGL265,Spring 2021,4.0,1
ENGL265,Spring 2022,4.0,1
ENGL265,Spring 2023,4.0,1
ENGL265,Spring 2024,4.0,2
ENGL265,Spring 2025,3.7,1
ENGL271,Fall 2021,4.0,1
ENGL271,Fall 2022,4.0,1
ENGL271,Fall 2023,4.0,2
ENGL271,Fall 2024,4.0,2
ENGL271,Spring 2019,4.0,1
ENGL271,Spring 2021,4.0,1
ENGL271,Spring 2022,4.0,1
ENGL271,Spring 2023,4.0,1
ENGL271,Spring 2024,4.0,2
ENGL271,Spring 2025,4.0,1
ENGL272,Fall 2020,4.0,4
ENGL272,Fall 2022,3.85,2
ENGL272,Fall 2023,4.0,6
ENGL272,Fall 2024,3.7,1
ENGL272,Spring 2019,4.0,1
ENGL272,Spring 2021,4.0,1
ENGL272,Spring 2023,4.0,4
ENGL272,Spring 2024,4.0,1
ENGL272,Spring 2025,4.0,1
ENGL273,Fall 2019,4.0,1
ENGL273,Fall 2023,4.0,1
ENGL273,Spring 2024,4.0,2
ENGL275,Fall 2017,4.0,1
ENGL275,Fall 2023,4.0,2
ENGL275,Spring 2023,4.0,1
ENGL280,Fall 2011,4.0,1
ENGL280,Fall 2013,3.7,1
ENGL280,Fall 2020,4.0,1
ENGL280,Spring 2019,4.0,1
ENGL282,Fall 2020,4.0,1
ENGL282,Fall 2024,4.0,3
ENGL282,Spring 2023,4.0,1
ENGL282,Spring 2024,4.0,1
ENGL289B,Fall 2013,3.0,1
ENGL289I,Fall 2013,4.0,1
ENGL289P,Spring 2016,4.0,1
ENGL289Y,Fall 2010,4.0,4
ENGL289Y,Fall 2011,4.0,1
ENGL289Y,Fall 2014,4.0,1
ENGL290,Fall 2023,4.0,3
ENGL290,Spring 2022,4.0,1
ENGL290,Spring 2024,4.0,2
ENGL293,Fall 2022,3.65,2
ENGL293,Spring 2022,4.0,1
ENGL293,Spring 2024,4.0,1
ENGL294,Fall 2010,4.0,1
ENGL294,Spring 2024,4.0,2
ENGL295,Fall 2024,4.0,1
ENGL295,Spring 2024,4.0,5
ENGL296,Fall 2023,4.0,1
ENGL296,Fall 2024,4.0,2
ENGL296,Spring 2024,4.0,1
ENGL297,Fall 2023,4.0,1
ENGL297,Fall 2024,3.9,3
ENGL297,Spring 2021,4.0,1
ENGL297,Spring 2023,4.0,1
ENGL297,Spring 2024,3.65,2
ENGL297,Spring 2025,4.0,2
ENGL301,Fall 2008,4.0,1
ENGL301,Fall 2010,3.85,2
ENGL301,Fall 2016,4.0,1
ENGL301,Fall 2019,4.0,1
ENGL301,Fall 2021,4.0,1
ENGL301,Fall 2022,3.85,2
ENGL301,Fall 2023,4.0,1
ENGL301,Spring 2008,4.0,1
ENGL301,Spring 2010,2.7,1
ENGL301,Spring 2012,3.5,2
ENGL301,Spring 2015,3.3,1
ENGL301,Spring 2021,4.0,1
ENGL301,Spring 2022,4.0,1
ENGL301,Spring 2023,4.0,3
ENGL301,Spring 2024,4.0,3
ENGL302,Fall 2010,3.0,1
ENGL304,Fall 2009,4.0,1
ENGL304,Fall 2010,3.3,1
ENGL304,Fall 2011,3.0,1
ENGL304,Spring 2009,3.0,1
ENGL304,Spring 2010,4.0,1
ENGL304,Spring 2011,4.0,2
ENGL308A,Spring 2023,4.0,1
ENGL308C,Fall 2021,4.0,1
ENGL310,Fall 2010,3.0,1
ENGL311,Fall 2024,3.5,4
ENGL311,Spring 2010,3.5,2
ENGL312,Fall 2021,3.3,1
ENGL312,Fall 2024,4.0,1
ENGL312,Spring 2023,3.0,1
ENGL312,Spring 2024,2.3,1
ENGL313,Fall 2008,3.7,1
ENGL313,Fall 2018,4.0,1
ENGL313,Fall 2020,4.0,1
ENGL313,Fall 2022,4.0,1
ENGL313,Fall 2024,3.3,1
ENGL313,Spring 2011,3.0,1
ENGL313,Spring 2022,4.0,1
ENGL316,Spring 2023,3.85,2
ENGL319C,Spring 2023,2.7,1
ENGL321,Fall 2020,3.7,1
ENGL321,Fall 2021,3.7,1
ENGL329C,Fall 2015,4.0,1
ENGL329J,Fall 2019,2.7,1
ENGL329L,Spring 2023,4.0,1
ENGL329P,Fall 2022,3.3,1
ENGL344,Fall 2011,3.7,1
ENGL344,Fall 2023,4.0,1
ENGL344,Spring 2011,3.7,1
ENGL346,Fall 2015,4.0,1
ENGL346,Spring 2024,3.7,1
ENGL348C,Fall 2010,4.0,1
ENGL352,Fall 2014,4.0,1
ENGL352,Fall 2018,4.0,1
ENGL352,Fall 2022,4.0,1
ENGL352,Fall 2023,4.0,1
ENGL352,Fall 2024,4.0,1
ENGL352,Spring 2023,4.0,1
ENGL352,Spring 2024,4.0,2
ENGL353,Fall 2024,3.57,3
ENGL358F,Fall 2022,4.0,1
ENGL358F,Fall 2024,4.0,1
ENGL358F,Spring 2024,4.0,1
ENGL359A,Fall 2007,4.0,1
ENGL359A,Spring 2010,3.3,1
ENGL360,Spring 2023,4.0,2
ENGL361,Fall 2021,4.0,1
ENGL362,Fall 2011,3.7,1
ENGL362,Spring 2009,3.7,1
ENGL368B,Fall 2023,4.0,2
ENGL368B,Spring 2013,4.0,1
ENGL368B,Spring 2021,4.0,1
ENGL368B,Spring 2024,4.0,1
ENGL368D,Fall 2023,4.0,1
ENGL368F,Fall 2024,4.0,1
ENGL368N,Fall 2024,3.65,2
ENGL368N,Spring 2023,4.0,1
ENGL375,Fall 2023,4.0,1
ENGL375,Spring 2023,4.0,1
ENGL375,Spring 2025,3.7,1
ENGL377,Fall 2019,4.0,1
ENGL377,Spring 2020,4.0,1
ENGL378E,Fall 2019,4.0,1
ENGL378P,Fall 2023,2.7,1
ENGL378P,Spring 2023,4.0,1
ENGL378R,Spring 2024,4.0,1
ENGL378W,Fall 2022,4.0,1
ENGL379D,Fall 2012,4.0,1
ENGL379T,Spring 2022,4.0,1
ENGL379V,Fall 2010,3.0,1
ENGL379V,Fall 2023,4.0,1
ENGL381,Fall 2009,4.0,1
ENGL381,Fall 2010,4.0,1
ENGL381,Fall 2023,4.0,1
ENGL381,Fall 2024,4.0,1
ENGL381,Spring 2025,4.0,1
ENGL383,Fall 2024,3.85,2
ENGL383,Spring 2023,4.0,1
ENGL384,Spring 2022,4.0,1
ENGL385,Spring 2011,3.0,1
ENGL385,Spring 2012,2.7,1
ENGL388V,Fall 2024,4.0,3
ENGL388V,Spring 2024,4.0,1
ENGL388W,Fall 2022,4.0,1
ENGL388W,Fall 2023,4.0,1
ENGL388W,Fall 2024,3.85,2
ENGL388W,Spring 2022,4.0,1
ENGL388W,Spring 2023,4.0,1
ENGL388W,Spring 2024,4.0,1
ENGL390,Fall 2012,4.0,1
ENGL390,Fall 2018,4.0,1
ENGL390,Fall 2021,4.0,1
ENGL390,Fall 2022,3.0,1
ENGL390,Fall 2023,4.0,4
ENGL390,Fall 2024,4.0,1
ENGL390,Spring 2009,4.0,2
ENGL390,Spring 2010,4.0,2
ENGL390,Spring 2012,4.0,1
ENGL390,Spring 2015,3.85,2
ENGL390,Spring 2016,4.0,2
ENGL390,Spring 2021,4.0,3
ENGL390,Spring 2023,4.0,3
ENGL390,Spring 2024,4.0,3
ENGL390H,Fall 2021,4.0,1
ENGL390H,Fall 2022,4.0,1
ENGL390H,Fall 2023,4.0,2
ENGL390H,Fall 2024,4.0,3
ENGL390H,Spring 2019,4.0,1
ENGL390H,Spring 2020,4.0,1
ENGL390H,Spring 2021,4.0,1
ENGL390H,Spring 2024,4.0,1
ENGL391,Fall 2009,3.5,2
ENGL391,Fall 2012,4.0,1
ENGL391,Fall 2014,4.0,3
ENGL391,Fall 2015,3.7,1
ENGL391,Fall 2018,3.13,3
ENGL391,Fall 2019,4.0,1
ENGL391,Fall 2020,4.0,2
ENGL391,Fall 2021,3.67,3
ENGL391,Fall 2022,4.0,2
ENGL391,Fall 2023,3.88,5
ENGL391,Fall 2024,3.87,12
ENGL391,Spring 2008,4.0,1
ENGL391,Spring 2009,2.0,1
ENGL391,Spring 2010,4.0,3
ENGL391,Spring 2013,4.0,2
ENGL391,Spring 2021,4.0,2
ENGL391,Spring 2022,3.35,2
ENGL391,Spring 2023,3.85,4
ENGL391,Spring 2024,4.0,4
ENGL391,Spring 2025,4.0,1
ENGL391H,Fall 2011,3.7,1
ENGL391H,Fall 2013,4.0,1
ENGL391H,Fall 2022,4.0,2
ENGL391H,Fall 2023,4.0,1
ENGL391H,Spring 2011,4.0,1
ENGL391H,Spring 2013,4.0,1
ENGL391H,Spring 2015,4.0,2
ENGL391H,Spring 2020,3.7,2
ENGL391H,Spring 2024,4.0,1
ENGL392,Fall 2010,3.35,2
ENGL392,Fall 2012,2.0,1
ENGL392,Fall 2013,4.0,1
ENGL392,Fall 2019,3.7,1
ENGL392,Fall 2023,4.0,1
ENGL392,Fall 2024,4.0,1
ENGL392,Spring 2009,4.0,2
ENGL392,Spring 2011,4.0,1
ENGL392,Spring 2012,3.35,4
ENGL392,Spring 2013,3.7,2
ENGL392,Spring 2014,3.47,3
ENGL392,Spring 2016,4.0,1
ENGL392,Spring 2018,3.3,1
ENGL392,Spring 2022,4.0,1
ENGL392,Spring 2023,4.0,2
ENGL393,Fall 2009,3.65,2
ENGL393,Fall 2010,3.9,6
ENGL393,Fall 2011,3.75,4
ENGL393,Fall 2012,3.65,2
ENGL393,Fall 2013,3.7,1
ENGL393,Fall 2015,1.7,1
ENGL393,Fall 2017,4.0,1
ENGL393,Fall 2018,3.0,1
ENGL393,Fall 2019,4.0,1
ENGL393,Fall 2020,4.0,6
ENGL393,Fall 2021,3.75,13
ENGL393,Fall 2022,3.7,14
ENGL393,Fall 2023,3.93,19
ENGL393,Fall 2024,3.81,21
ENGL393,Spring 2009,4.0,1
ENGL393,Spring 2010,3.77,3
ENGL393,Spring 2012,3.86,5
ENGL393,Spring 2013,3.0,1
ENGL393,Spring 2018,3.83,4
ENGL393,Spring 2019,4.0,1
ENGL393,Spring 2020,3.88,6
ENGL393,Spring 2021,3.93,9
ENGL393,Spring 2022,3.8,8
ENGL393,Spring 2023,3.91,24
ENGL393,Spring 2024,3.9,15
ENGL393,Spring 2025,3.91,8
ENGL393H,Spring 2014,4.0,1
ENGL393Q,Spring 2023,4.0,1
ENGL393X,Fall 2022,3.7,1
ENGL393X,Fall 2024,4.0,1
ENGL393X,Spring 2022,4.0,1
ENGL393X,Spring 2025,4.0,1
ENGL394,Fall 2007,3.7,1
ENGL394,Fall 2009,3.33,3
ENGL394,Fall 2011,3.35,2
ENGL394,Fall 2012,4.0,2
ENGL394,Fall 2013,3.65,2
ENGL394,Fall 2014,4.0,1
ENGL394,Fall 2015,4.0,1
ENGL394,Fall 2016,4.0,1
ENGL394,Fall 2018,4.0,1
ENGL394,Fall 2020,4.0,1
ENGL394,Fall 2021,4.0,4
ENGL394,Fall 2022,3.8,5
ENGL394,Fall 2023,3.92,16
ENGL394,Fall 2024,3.62,19
ENGL394,Spring 2009,3.0,2
ENGL394,Spring 2010,3.5,2
ENGL394,Spring 2012,3.67,3
ENGL394,Spring 2013,3.7,1
ENGL394,Spring 2014,3.5,4
ENGL394,Spring 2016,4.0,1
ENGL394,Spring 2019,3.67,3
ENGL394,Spring 2021,3.92,4
ENGL394,Spring 2022,3.9,7
ENGL394,Spring 2023,3.85,22
ENGL394,Spring 2024,3.88,10
ENGL394,Spring 2025,3.38,8
ENGL395,Fall 2009,4.0,1
ENGL395,Fall 2011,4.0,1
ENGL395,Fall 2013,4.0,1
ENGL395,Fall 2020,4.0,1
ENGL395,Fall 2021,4.0,1
ENGL395,Fall 2022,4.0,3
ENGL395,Fall 2023,3.97,9
ENGL395,Fall 2024,4.0,9
ENGL395,Spring 2009,4.0,1
ENGL395,Spring 2012,4.0,1
ENGL395,Spring 2019,4.0,1
ENGL395,Spring 2022,3.7,1
ENGL395,Spring 2023,4.0,8
ENGL395,Spring 2024,3.94,5
ENGL398A,Fall 2018,4.0,1
ENGL398A,Fall 2020,4.0,1
ENGL398A,Fall 2022,4.0,1
ENGL398A,Fall 2023,4.0,3
ENGL398A,Spring 2023,4.0,2
ENGL398A,Spring 2024,3.9,3
ENGL398B,Fall 2022,3.5,2
ENGL398B,Fall 2023,4.0,2
ENGL398B,Fall 2024,3.9,3
ENGL398B,Spring 2023,4.0,1
ENGL398B,Spring 2024,4.0,2
ENGL398C,Fall 2021,4.0,1
ENGL398C,Fall 2022,3.8,3
ENGL398C,Fall 2024,4.0,4
ENGL398C,Spring 2023,4.0,1
ENGL398C,Spring 2024,4.0,3
ENGL398E,Fall 2011,4.0,1
ENGL398E,Spring 2009,4.0,1
ENGL398E,Spring 2023,4.0,2
ENGL398E,Spring 2024,3.3,1
ENGL398L,Fall 2008,3.0,1
ENGL398L,Fall 2017,4.0,1
ENGL398L,Spring 2014,4.0,1
ENGL398L,Spring 2024,4.0,1
ENGL398N,Fall 2013,3.0,1
ENGL398N,Fall 2023,4.0,2
ENGL398N,Fall 2024,3.35,2
ENGL398N,Spring 2014,3.0,1
ENGL398N,Spring 2018,3.7,1
ENGL398N,Spring 2021,3.7,1
ENGL398N,Spring 2022,4.0,1
ENGL398N,Spring 2023,4.0,1
ENGL398N,Spring 2024,3.94,5
ENGL398N,Spring 2025,4.0,1
ENGL398R,Fall 2021,4.0,1
ENGL398R,Fall 2022,4.0,1
ENGL398R,Fall 2024,4.0,5
ENGL398R,Spring 2010,4.0,1
ENGL398R,Spring 2022,4.0,1
ENGL398R,Spring 2023,4.0,3
ENGL398V,Fall 2013,4.0,1
ENGL398V,Fall 2021,4.0,2
ENGL398V,Fall 2022,4.0,2
ENGL398V,Fall 2024,3.65,4
ENGL398V,Spring 2010,4.0,2
ENGL398V,Spring 2011,4.0,1
ENGL398V,Spring 2019,4.0,1
ENGL398V,Spring 2021,4.0,1
ENGL398V,Spring 2022,4.0,2
ENGL398V,Spring 2024,4.0,1
ENGL402,Spring 2022,3.7,1
ENGL403,Fall 2024,4.0,1
ENGL403,Spring 2023,4.0,1
ENGL403,Spring 2024,4.0,1
ENGL404,Fall 2023,3.7,1
ENGL404,Fall 2024,3.85,2
ENGL420,Spring 2012,3.7,1
ENGL430,Fall 2010,3.0,1
ENGL430,Fall 2011,4.0,1
ENGL431,Spring 2009,4.0,1
ENGL431,Spring 2012,4.0,1
ENGL432,Spring 2011,3.7,1
ENGL432,Spring 2013,3.7,1
ENGL433,Spring 2011,3.7,1
ENGL439D,Fall 2024,4.0,1
ENGL439D,Spring 2023,4.0,1
ENGL439K,Fall 2022,4.0,2
ENGL439K,Spring 2023,4.0,1
ENGL448A,Spring 2010,3.0,1
ENGL448A,Spring 2013,4.0,1
ENGL455,Spring 2022,4.0,1
ENGL457,Spring 2011,3.7,1
ENGL462,Spring 2021,4.0,1
ENGL462,Spring 2024,4.0,1
ENGL466,Fall 2024,4.0,1
ENGL469M,Fall 2023,4.0,1
ENGL470,Spring 2023,4.0,1
ENGL478A,Spring 2022,4.0,1
ENGL478E,Spring 2023,4.0,1
ENGL479D,Spring 2024,4.0,1
ENGL479F,Spring 2010,4.0,1
ENGL479F,Spring 2024,4.0,1
ENGL483,Spring 2022,4.0,1
ENGL487,Fall 2021,4.0,1
ENGL487,Spring 2012,4.0,1
ENGL487,Spring 2023,4.0,1
ENGL487,Spring 2024,4.0,1
ENGL489P,Fall 2022,4.0,1
ENGL491,Fall 2024,2.0,1
ENGL493,Fall 2024,4.0,1
ENGL497,Fall 2023,4.0,1
ENGL497,Spring 2025,4.0,1
ENGL498,Fall 2018,4.0,1
ENGL498,Fall 2024,4.0,1
ENGL498,Spring 2021,4.0,1
ENGL498,Spring 2023,4.0,1
ENGL498,Spring 2025,4.0,1
ENGL612,Spring 2022,4.0,1
ENMA150,Fall 2008,4.0,1
ENMA150,Fall 2009,4.0,1
ENMA150,Fall 2022,4.0,1
ENMA150,Spring 2012,4.0,1
ENMA150,Spring 2022,4.0,1
ENMA150,Spring 2023,4.0,1
ENMA201,Spring 2021,3.0,1
ENMA201,Spring 2022,3.7,1
ENMA300,Fall 2010,3.33,3
ENMA300,Fall 2011,3.0,2
ENMA300,Fall 2020,3.3,1
ENMA300,Fall 2023,4.0,1
ENMA300,Fall 2024,3.67,3
ENMA300,Spring 2009,3.0,1
ENMA300,Spring 2011,4.0,1
ENMA301,Spring 2015,3.0,1
ENMA301,Spring 2023,4.0,1
ENMA312,Fall 2021,3.7,1
ENMA312,Fall 2022,4.0,1
ENMA312,Spring 2021,4.0,1
ENMA362,Fall 2014,3.0,1
ENMA362,Fall 2022,4.0,1
ENMA411,Spring 2022,3.7,1
ENMA422,Fall 2022,4.0,1
ENMA422,Spring 2016,4.0,1
ENMA441,Fall 2022,4.0,1
ENMA460,Fall 2015,3.3,1
ENMA460,Fall 2022,4.0,1
ENMA461,Spring 2023,4.0,1
ENMA470,Spring 2021,4.0,1
ENMA470,Spring 2023,4.0,1
ENME202,Fall 2018,3.7,2
ENME202,Fall 2022,2.99,14
ENME202,Fall 2023,3.0,2
ENME202,Fall 2024,3.5,2
ENME202,Spring 2019,3.3,1
ENME202,Spring 2020,4.0,1
ENME202,Spring 2021,3.35,2
ENME202,Spring 2022,3.0,1
ENME202,Spring 2023,3.37,3
ENME202,Spring 2024,3.35,2
ENME202,Spring 2025,2.78,4
ENME208,Fall 2023,4.0,2
ENME272,Fall 2020,3.83,4
ENME272,Fall 2021,4.0,3
ENME272,Fall 2023,3.9,3
ENME272,Fall 2024,3.8,5
ENME272,Spring 2018,4.0,1
ENME272,Spring 2022,4.0,2
ENME272,Spring 2023,4.0,2
ENME272,Spring 2024,3.88,5
ENME272,Spring 2025,4.0,2
ENME299Z,Fall 2024,4.0,1
ENME299Z,Spring 2024,4.0,1
ENME299Z,Spring 2025,3.0,3
ENME331,Fall 2018,2.3,1
ENME331,Fall 2021,3.15,2
ENME331,Fall 2023,4.0,1
ENME331,Fall 2024,3.55,10
ENME331,Spring 2008,3.3,1
ENME331,Spring 2013,3.0,1
ENME331,Spring 2015,3.33,3
ENME331,Spring 2022,3.85,2
ENME331,Spring 2023,3.7,1
ENME331,Spring 2025,4.0,1
ENME332,Fall 2009,1.85,2
ENME332,Fall 2015,4.0,2
ENME332,Fall 2018,3.3,1
ENME332,Fall 2021,3.0,2
ENME332,Fall 2022,3.22,4
ENME332,Fall 2023,3.15,2
ENME332,Fall 2024,3.7,1
ENME332,Spring 2010,4.0,1
ENME332,Spring 2014,3.33,3
ENME332,Spring 2015,4.0,1
ENME332,Spring 2018,4.0,2
ENME332,Spring 2022,3.85,2
ENME332,Spring 2023,4.0,2
ENME332,Spring 2024,3.15,2
ENME350,Fall 2013,2.7,1
ENME350,Fall 2014,2.5,2
ENME350,Fall 2018,3.3,1
ENME350,Fall 2020,2.0,1
ENME350,Fall 2021,2.0,2
ENME350,Fall 2022,2.92,4
ENME350,Fall 2023,3.0,1
ENME350,Fall 2024,2.86,9
ENME350,Spring 2015,3.15,2
ENME350,Spring 2021,1.7,1
ENME350,Spring 2022,3.0,2
ENME350,Spring 2023,3.13,3
ENME350,Spring 2025,4.0,2
ENME351,Fall 2010,2.0,1
ENME351,Fall 2014,3.0,1
ENME351,Fall 2019,4.0,1
ENME351,Fall 2022,3.15,2
ENME351,Fall 2023,3.7,1
ENME351,Fall 2024,3.33,4
ENME351,Spring 2011,3.5,4
ENME351,Spring 2014,4.0,1
ENME351,Spring 2015,2.5,2
ENME351,Spring 2018,4.0,1
ENME351,Spring 2020,3.3,1
ENME351,Spring 2021,3.7,1
ENME351,Spring 2022,3.7,1
ENME361,Fall 2013,3.5,2
ENME361,Fall 2019,3.3,2
ENME361,Fall 2020,4.0,2
ENME361,Fall 2021,3.0,1
ENME361,Fall 2022,3.47,3
ENME361,Fall 2023,3.83,6
ENME361,Fall 2024,3.83,6
ENME361,Spring 2011,3.25,4
ENME361,Spring 2015,3.85,2
ENME361,Spring 2019,3.5,2
ENME361,Spring 2021,3.0,2
ENME361,Spring 2022,3.7,1
ENME361,Spring 2023,3.67,4
ENME361,Spring 2024,3.15,4
ENME361,Spring 2025,3.0,2
ENME371,Fall 2009,4.0,1
ENME371,Fall 2010,4.0,1
ENME371,Fall 2013,3.0,1
ENME371,Fall 2015,3.3,1
ENME371,Fall 2022,3.7,2
ENME371,Fall 2024,4.0,1
ENME371,Spring 2011,4.0,1
ENME371,Spring 2012,3.7,1
ENME371,Spring 2020,3.3,1
ENME371,Spring 2023,3.85,2
ENME382,Fall 2010,4.0,1
ENME382,Fall 2013,3.7,1
ENME382,Fall 2014,4.0,1
ENME382,Fall 2020,4.0,1
ENME382,Fall 2022,3.0,1
ENME382,Fall 2024,3.28,6
ENME382,Spring 2013,3.7,1
ENME382,Spring 2015,4.0,1
ENME382,Spring 2022,3.3,2
ENME382,Spring 2023,3.2,3
ENME382,Spring 2024,3.85,4
ENME392,Fall 2010,3.5,2
ENME392,Fall 2014,3.0,1
ENME392,Fall 2021,2.75,4
ENME392,Fall 2022,3.54,5
ENME392,Fall 2023,2.22,5
ENME392,Fall 2024,3.6,4
ENME392,Spring 2015,3.35,2
ENME392,Spring 2019,3.5,2
ENME392,Spring 2021,2.0,1
ENME392,Spring 2022,3.5,2
ENME392,Spring 2023,2.71,7
ENME392,Spring 2024,3.65,2
ENME400,Fall 2018,3.0,1
ENME400,Fall 2020,4.0,1
ENME400,Fall 2022,3.26,5
ENME400,Fall 2023,1.7,1
ENME400,Fall 2024,2.67,4
ENME400,Spring 2019,3.5,2
ENME400,Spring 2021,4.0,1
ENME400,Spring 2025,4.0,1
ENME406,Fall 2020,3.3,1
ENME406,Spring 2024,2.0,2
ENME410,Spring 2024,3.7,1
ENME414,Fall 2011,4.0,1
ENME414,Spring 2012,4.0,1
ENME414,Spring 2013,4.0,1
ENME416,Fall 2024,3.5,10
ENME416,Spring 2021,4.0,1
ENME416,Spring 2025,4.0,1
ENME423,Fall 2023,3.35,2
ENME423,Fall 2024,2.7,1
ENME423,Spring 2022,4.0,1
ENME426,Fall 2010,3.3,1
ENME426,Fall 2022,3.7,1
ENME426,Fall 2024,2.7,1
ENME430,Fall 2018,3.7,1
ENME430,Fall 2022,4.0,2
ENME430,Fall 2023,3.9,3
ENME430,Spring 2024,4.0,1
ENME431,Spring 2009,3.3,1
ENME431,Spring 2024,3.3,1
ENME435,Spring 2023,4.0,1
ENME436,Spring 2023,2.7,1
ENME440,Fall 2022,3.7,1
ENME441,Fall 2023,4.0,1
ENME441,Fall 2024,4.0,1
ENME441,Spring 2022,4.0,1
ENME442,Fall 2021,2.7,1
ENME461,Fall 2013,4.0,1
ENME462,Fall 2011,4.0,1
ENME462,Fall 2019,2.7,1
ENME462,Fall 2020,4.0,1
ENME462,Fall 2021,3.0,1
ENME462,Fall 2022,3.7,1
ENME462,Fall 2023,4.0,1
ENME462,Fall 2024,4.0,3
ENME462,Spring 2012,4.0,1
ENME462,Spring 2021,4.0,1
ENME462,Spring 2022,3.77,3
ENME462,Spring 2025,4.0,1
ENME464,Spring 2022,3.5,2
ENME466,Spring 2022,3.5,2
ENME470,Fall 2015,4.0,1
ENME470,Fall 2022,2.67,3
ENME470,Fall 2023,3.3,1
ENME470,Fall 2024,4.0,1
ENME470,Spring 2012,4.0,1
ENME470,Spring 2019,2.0,1
ENME470,Spring 2022,2.0,1
ENME472,Fall 2023,4.0,1
ENME472,Spring 2011,4.0,1
ENME472,Spring 2012,4.0,1
ENME472,Spring 2022,4.0,1
ENME472,Spring 2023,4.0,1
ENME473,Fall 2022,3.3,1
ENME473,Fall 2023,1.7,1
ENME473,Spring 2022,4.0,1
ENME480,Fall 2021,3.5,2
ENME480,Fall 2023,4.0,2
ENME480,Fall 2024,4.0,2
ENME480,Spring 2024,4.0,1
ENME489B,Fall 2011,4.0,1
ENME489B,Spring 2020,4.0,1
ENME489F,Fall 2023,4.0,1
ENME489G,Fall 2012,3.0,1
ENME489G,Fall 2020,4.0,1
ENME489L,Spring 2020,4.0,1
ENME489Q,Spring 2011,3.0,1
ENME489Q,Spring 2025,4.0,1
ENME489V,Fall 2022,3.7,1
ENME489W,Spring 2012,4.0,1
ENME607,Spring 2022,4.0,1
ENME610,Fall 2023,3.7,1
ENME610,Spring 2024,3.0,1
ENME631,Fall 2023,4.0,1
ENME631,Fall 2024,3.7,1
ENME631,Spring 2024,4.0,1
ENME641,Fall 2009,3.0,1
ENME645,Fall 2022,4.0,1
ENME662,Fall 2011,3.0,1
ENME662,Spring 2023,4.0,1
ENME664,Spring 2011,4.0,1
ENME690,Fall 2015,4.0,1
ENME690,Spring 2021,3.0,1
ENME690,Spring 2023,3.7,1
ENME744,Fall 2024,4.0,1
ENME745,Fall 2024,4.0,1
ENME770,Fall 2011,3.7,1
ENME808D,Spring 2023,4.0,1
ENPM611,Spring 2023,3.0,1
ENPM613,Spring 2024,3.7,1
ENPM614,Fall 2023,4.0,1
ENPM617,Fall 2021,3.7,1
ENPM652,Fall 2023,3.3,1
ENPM655,Fall 2024,3.3,1
ENPM661,Spring 2023,3.7,1
ENPM665,Fall 2024,4.0,1
ENPM671,Fall 2019,3.0,1
ENPM691,Fall 2024,3.7,1
ENPM691,Spring 2023,4.0,1
ENPM693,Fall 2023,3.65,2
ENPM693,Spring 2020,4.0,1
ENPM694,Fall 2018,3.0,1
ENPM696,Fall 2024,4.0,1
ENPM808E,Spring 2023,4.0,1
ENPM808N,Spring 2021,4.0,1
ENPM808P,Spring 2023,3.3,1
ENPM809K,Spring 2024,3.2,2
ENPM809Q,Spring 2022,4.0,1
ENPM809Q,Spring 2023,4.0,1
ENPM809W,Spring 2022,4.0,1
ENPM809Y,Fall 2022,4.0,1
ENPM818N,Fall 2024,3.7,1
ENPM818R,Spring 2025,3.7,1
ENRE447,Fall 2021,4.0,1
ENRE447,Spring 2022,3.3,1
ENRE447,Spring 2024,3.7,1
ENRE489K,Fall 2018,4.0,1
ENRE602,Fall 2019,4.0,1
ENRE602,Spring 2021,3.3,1
ENRE640,Fall 2018,4.0,1
ENSP101,Fall 2008,3.67,3
ENSP101,Fall 2009,4.0,1
ENSP101,Fall 2010,3.0,1
ENSP101,Fall 2011,4.0,1
ENSP101,Fall 2012,4.0,1
ENSP101,Fall 2018,4.0,1
ENSP101,Fall 2020,4.0,4
ENSP101,Fall 2022,3.77,3
ENSP101,Fall 2023,4.0,6
ENSP101,Fall 2024,3.84,8
ENSP101,Spring 2008,4.0,1
ENSP101,Spring 2010,3.67,3
ENSP101,Spring 2011,4.0,1
ENSP101,Spring 2021,4.0,2
ENSP101,Spring 2022,3.3,1
ENSP101,Spring 2023,3.23,3
ENSP102,Fall 2018,4.0,1
ENSP102,Spring 2011,4.0,1
ENSP102,Spring 2021,4.0,2
ENSP102,Spring 2022,4.0,2
ENSP102,Spring 2023,4.0,3
ENSP102,Spring 2024,4.0,2
ENSP250,Fall 2021,4.0,1
ENSP250,Spring 2021,3.3,1
ENSP250,Spring 2024,4.0,1
ENSP330,Fall 2024,3.67,3
ENSP330,Spring 2018,3.7,1
ENSP400,Fall 2012,3.7,1
ENSP400,Fall 2018,4.0,1
ENST100,Fall 2009,4.0,1
ENST100,Spring 2011,4.0,1
ENST101,Fall 2024,4.0,3
ENST200,Fall 2017,4.0,1
ENST200,Fall 2021,3.0,1
ENST200,Fall 2023,3.25,4
ENST200,Fall 2024,4.0,1
ENST200,Spring 2021,3.7,1
ENST200,Spring 2023,3.57,3
ENST200,Spring 2024,3.67,3
ENST200,Spring 2025,2.7,1
ENST214,Spring 2021,4.0,1
ENST233,Fall 2010,3.0,2
ENST233,Fall 2014,3.5,2
ENST233,Fall 2017,4.0,1
ENST233,Fall 2023,4.0,1
ENST233,Fall 2024,4.0,1
ENST233,Spring 2010,4.0,1
ENST233,Spring 2012,4.0,1
ENST233,Spring 2013,4.0,1
ENST233,Spring 2015,4.0,1
ENST233,Spring 2020,3.3,1
ENST233,Spring 2021,4.0,2
ENST233,Spring 2023,3.83,4
ENST233,Spring 2024,4.0,2
ENST281,Fall 2017,4.0,1
ENST281,Fall 2023,3.7,1
ENST281,Spring 2023,4.0,1
ENST282,Fall 2024,3.7,1
ENST301,Fall 2024,4.0,1
ENST360,Fall 2020,3.7,1
ENST360,Fall 2024,4.0,1
ENST360,Spring 2024,3.7,2
ENST403,Fall 2024,4.0,1
ENST405,Spring 2021,4.0,1
ENST405,Spring 2024,4.0,1
ENST411,Fall 2012,3.3,1
ENST411,Fall 2023,3.0,1
ENST411,Fall 2024,4.0,1
ENST415,Fall 2022,4.0,1
ENST417,Spring 2015,3.0,1
ENST421,Spring 2023,4.0,1
ENST422,Spring 2023,3.7,1
ENST423,Fall 2014,3.0,1
ENST430,Fall 2012,4.0,1
ENST436,Spring 2010,4.0,1
ENST452,Spring 2023,4.0,1
ENST453,Spring 2023,3.3,1
ENST460,Spring 2022,4.0,1
ENST472,Spring 2024,3.3,1
ENST485,Fall 2024,3.7,1
ENST499O,Spring 2024,4.0,1
ENTS635,Spring 2010,4.0,1
EPIB301,Fall 2021,3.7,1
EPIB301,Fall 2022,4.0,1
EPIB301,Fall 2023,3.57,3
EPIB301,Fall 2024,3.9,3
EPIB301,Spring 2022,4.0,2
EPIB301,Spring 2023,3.75,4
EPIB301,Spring 2024,3.7,1
EPIB315,Fall 2021,4.0,1
EPIB315,Fall 2023,4.0,1
EPIB315,Fall 2024,2.75,8
EPIB315,Spring 2025,3.7,1
EPIB330,Spring 2023,4.0,1
EPIB610,Spring 2025,3.7,1
EPIB642,Fall 2024,4.0,1
EPIB651,Spring 2024,3.7,1
EPIB655,Fall 2017,4.0,1
EXST030,Fall 2024,3.7,1
FGSM310,Fall 2023,3.0,1
FGSM310,Fall 2024,3.9,3
FGSM315,Fall 2024,4.0,3
FGSM320,Fall 2023,4.0,1
FGSM340,Fall 2022,4.0,1
FGSM340,Fall 2024,4.0,1
FGSM350,Fall 2024,4.0,1
FGSM355,Fall 2023,3.3,1
FGSM355,Fall 2024,2.7,1
FGSM365,Fall 2024,3.7,1
FGSM380,Fall 2023,3.15,2
FGSM380,Spring 2023,3.3,1
FGSM380,Spring 2024,4.0,1
FGSM398,Spring 2024,4.0,1
FILM245,Fall 2018,4.0,1
FILM245,Fall 2020,4.0,1
FILM302,Spring 2019,4.0,1
FILM359C,Fall 2021,3.3,1
FILM412,Fall 2021,4.0,1
FIRE120,Fall 2019,3.7,1
FIRE120,Fall 2020,4.0,5
FIRE120,Fall 2021,4.0,2
FIRE120,Fall 2022,3.97,10
FIRE120,Fall 2023,4.0,4
FIRE120,Fall 2024,4.0,11
FIRE120,Spring 2019,4.0,1
FIRE120,Spring 2021,4.0,1
FIRE120,Spring 2023,4.0,4
FIRE120,Spring 2024,4.0,2
FIRE120,Spring 2025,4.0,3
FIRE120H,Fall 2019,4.0,1
FIRE120H,Spring 2018,4.0,1
FIRE120H,Spring 2020,4.0,1
FIRE163,Spring 2018,4.0,1
FIRE164,Fall 2019,4.0,1
FIRE171,Fall 2019,4.0,1
FIRE171,Spring 2019,4.0,1
FIRE198,Fall 2020,4.0,1
FIRE198,Fall 2021,4.0,1
FIRE198,Fall 2023,3.85,2
FIRE198,Spring 2020,4.0,3
FIRE198,Spring 2021,4.0,3
FIRE198,Spring 2022,4.0,2
FIRE198,Spring 2023,4.0,1
FIRE198,Spring 2024,3.82,9
FIRE251,Fall 2020,4.0,1
FIRE280,Fall 2020,4.0,1
FIRE298,Fall 2020,4.0,1
FIRE298,Fall 2021,3.92,4
FIRE298,Fall 2022,4.0,3
FIRE298,Fall 2023,4.0,6
FIRE298,Fall 2024,4.0,5
FIRE298,Spring 2021,4.0,2
FIRE298,Spring 2025,4.0,1
FIRE398,Fall 2022,4.0,1
FIRE398,Fall 2024,4.0,1
FIRE398,Spring 2023,4.0,1
FIRE398,Spring 2024,4.0,1
FMSC110,Fall 2023,4.0,1
FMSC110,Fall 2024,3.67,4
FMSC110S,Fall 2012,4.0,1
FMSC110S,Fall 2023,4.0,1
FMSC110S,Fall 2024,4.0,4
FMSC110S,Spring 2024,4.0,2
FMSC110S,Spring 2025,4.0,1
FMSC111,Spring 2019,4.0,1
FMSC170,Fall 2021,4.0,2
FMSC170,Fall 2022,4.0,4
FMSC170,Fall 2023,4.0,2
FMSC170,Fall 2024,3.85,2
FMSC170,Spring 2023,4.0,1
FMSC170,Spring 2024,4.0,2
FMSC170,Spring 2025,3.7,1
FMSC177,Spring 2024,4.0,2
FMSC186,Fall 2022,4.0,1
FMSC186,Fall 2023,4.0,2
FMSC186,Spring 2023,4.0,1
FMSC190,Fall 2020,3.7,1
FMSC190,Fall 2021,4.0,1
FMSC190,Fall 2024,4.0,2
FMSC190,Spring 2021,4.0,3
FMSC190,Spring 2023,4.0,2
FMSC190,Spring 2024,4.0,2
FMSC190,Spring 2025,4.0,1
FMSC215,Fall 2022,4.0,1
FMSC215,Spring 2023,4.0,1
FMSC215,Spring 2024,4.0,1
FMSC260,Fall 2020,4.0,1
FMSC260,Fall 2024,3.9,3
FMSC260,Spring 2011,4.0,1
FMSC260,Spring 2022,3.7,1
FMSC260,Spring 2024,2.7,1
FMSC265S,Fall 2024,4.0,1
FMSC265S,Spring 2024,2.3,1
FMSC270,Fall 2023,3.7,1
FMSC286,Fall 2023,4.0,1
FMSC290,Spring 2023,4.0,1
FMSC302,Fall 2020,4.0,1
FMSC302,Fall 2023,3.7,1
FMSC302,Fall 2024,3.65,2
FMSC310,Fall 2022,4.0,2
FMSC310,Fall 2023,3.51,7
FMSC310,Fall 2024,3.75,4
FMSC310,Spring 2018,3.0,1
FMSC310,Spring 2021,4.0,1
FMSC310,Spring 2023,4.0,3
FMSC310,Spring 2024,4.0,4
FMSC310,Spring 2025,3.9,3
FMSC330,Fall 2008,3.0,1
FMSC330,Fall 2010,3.0,1
FMSC330,Fall 2020,4.0,1
FMSC330,Fall 2021,4.0,1
FMSC330,Fall 2023,4.0,2
FMSC330,Fall 2024,4.0,3
FMSC330,Spring 2016,4.0,1
FMSC330,Spring 2022,4.0,1
FMSC330,Spring 2024,4.0,1
FMSC332,Fall 2009,4.0,1
FMSC332,Fall 2010,3.5,2
FMSC332,Fall 2018,3.7,1
FMSC332,Fall 2020,4.0,1
FMSC332,Fall 2023,4.0,1
FMSC332,Fall 2024,3.85,2
FMSC332,Spring 2019,4.0,1
FMSC332,Spring 2022,4.0,1
FMSC332,Spring 2023,4.0,1
FMSC332,Spring 2025,3.0,1
FMSC340,Fall 2022,4.0,1
FMSC340,Fall 2024,4.0,1
FMSC341,Fall 2020,2.0,1
FMSC341,Fall 2021,4.0,1
FMSC341,Fall 2022,4.0,1
FMSC341,Spring 2020,3.3,1
FMSC341,Spring 2021,4.0,1
FMSC341,Spring 2024,3.5,4
FMSC341,Spring 2025,3.3,1
FMSC374,Fall 2024,3.85,2
FMSC374,Spring 2024,4.0,1
FMSC381,Fall 2010,3.0,1
FMSC381,Fall 2020,4.0,1
FMSC381,Fall 2023,4.0,1
FMSC381,Fall 2024,4.0,2
FMSC381,Spring 2013,4.0,1
FMSC381,Spring 2021,3.7,1
FMSC383,Spring 2022,3.7,1
FMSC383,Spring 2023,4.0,1
FMSC410,Fall 2014,3.0,1
FMSC431,Spring 2024,4.0,1
FMSC432,Spring 2010,4.0,1
FMSC432,Spring 2012,4.0,1
FMSC432,Spring 2013,3.7,1
FMSC432,Spring 2024,4.0,1
FMSC460,Fall 2010,3.0,1
FMSC460,Fall 2022,4.0,1
FMSC460,Spring 2023,4.0,1
FMSC487,Fall 2012,4.0,1
FMSC487,Fall 2023,4.0,1
FMSC487,Spring 2013,4.0,2
FMSC487,Spring 2015,4.0,1
FMSC487,Spring 2022,3.7,1
FREN103,Fall 2023,4.0,1
FREN103,Fall 2024,4.0,2
FREN103,Spring 2010,3.0,1
FREN103,Spring 2018,4.0,1
FREN103,Spring 2023,3.46,5
FREN103,Spring 2024,4.0,1
FREN203,Fall 2023,3.85,2
FREN203,Fall 2024,3.7,1
FREN203,Spring 2011,4.0,1
FREN203,Spring 2021,4.0,1
FREN203,Spring 2023,3.3,1
FREN204,Fall 2010,4.0,1
FREN204,Fall 2023,4.0,1
FREN204,Spring 2021,4.0,1
FREN204,Spring 2024,4.0,2
FREN242,Fall 2022,4.0,1
FREN250,Fall 2023,3.7,1
FREN250,Fall 2024,4.0,1
FREN250,Spring 2024,4.0,2
FREN250,Spring 2025,3.7,1
FREN301,Fall 2023,4.0,1
FREN301,Spring 2010,3.7,1
FREN301,Spring 2013,4.0,1
FREN301,Spring 2015,4.0,1
FREN301,Spring 2021,3.7,1
FREN301,Spring 2024,3.2,2
FREN302,Fall 2009,4.0,1
FREN302,Fall 2024,3.7,1
FREN302,Spring 2008,4.0,1
FREN302,Spring 2010,4.0,1
FREN303,Spring 2021,4.0,1
FREN306,Spring 2024,4.0,1
FREN313,Fall 2022,4.0,1
FREN351,Spring 2010,4.0,1
FREN352,Spring 2008,4.0,1
FREN387,Fall 2023,3.7,1
FREN499E,Fall 2023,3.7,1
GEMS100,Fall 2022,4.0,1
GEMS100,Fall 2023,4.0,1
GEMS102,Spring 2022,4.0,1
GEMS102,Spring 2023,3.83,4
GEMS102,Spring 2024,4.0,1
GEMS102,Spring 2025,4.0,1
GEMS104,Fall 2009,4.0,1
GEMS104,Spring 2008,4.0,1
GEMS104,Spring 2009,4.0,2
GEMS104,Spring 2010,3.52,5
GEMS104,Spring 2012,4.0,1
GEMS202,Fall 2024,4.0,1
GEMS396,Spring 2013,4.0,1
GEOG100,Fall 2008,4.0,1
GEOG100,Fall 2009,4.0,1
GEOG100,Fall 2010,4.0,1
GEOG100,Fall 2011,4.0,1
GEOG100,Spring 2009,4.0,1
GEOG100,Spring 2012,4.0,2
GEOG110,Fall 2022,3.5,2
GEOG110,Fall 2023,3.67,3
GEOG110,Spring 2019,4.0,1
GEOG130,Fall 2008,3.0,1
GEOG130,Fall 2009,4.0,1
GEOG130,Fall 2011,4.0,1
GEOG130,Fall 2014,4.0,3
GEOG130,Fall 2015,3.65,2
GEOG130,Fall 2016,4.0,1
GEOG130,Fall 2018,4.0,1
GEOG130,Fall 2019,4.0,1
GEOG130,Fall 2022,3.5,2
GEOG130,Fall 2023,3.67,3
GEOG130,Spring 2011,4.0,5
GEOG130,Spring 2016,4.0,1
GEOG130,Spring 2018,3.0,1
GEOG130,Spring 2023,4.0,2
GEOG140,Fall 2007,4.0,1
GEOG140,Fall 2009,2.9,3
GEOG140,Fall 2010,4.0,1
GEOG140,Fall 2020,3.4,4
GEOG140,Fall 2022,4.0,4
GEOG140,Fall 2023,4.0,3
GEOG140,Fall 2024,3.62,9
GEOG140,Spring 2008,3.85,2
GEOG140,Spring 2009,2.3,1
GEOG140,Spring 2020,3.65,2
GEOG140,Spring 2022,3.83,6
GEOG140,Spring 2023,4.0,4
GEOG140,Spring 2024,3.43,10
GEOG140,Spring 2025,4.0,1
GEOG156,Spring 2024,4.0,1
GEOG170,Fall 2021,4.0,1
GEOG170,Fall 2024,3.7,1
GEOG170,Spring 2023,3.7,1
GEOG170,Spring 2024,3.7,1
GEOG170,Spring 2025,3.3,1
GEOG172,Fall 2024,4.0,1
GEOG172,Spring 2022,3.35,2
GEOG172,Spring 2024,3.15,2
GEOG201,Fall 2009,3.0,1
GEOG201,Fall 2010,3.0,1
GEOG201,Fall 2018,2.3,1
GEOG201,Fall 2020,4.0,1
GEOG201,Fall 2021,4.0,4
GEOG201,Fall 2022,3.92,4
GEOG201,Fall 2023,3.74,5
GEOG201,Fall 2024,4.0,9
GEOG201,Spring 2010,3.0,1
GEOG201,Spring 2011,3.0,1
GEOG201,Spring 2012,2.7,1
GEOG201,Spring 2019,2.0,1
GEOG201,Spring 2022,3.48,5
GEOG201,Spring 2023,4.0,2
GEOG201,Spring 2024,3.37,3
GEOG202,Fall 2022,3.85,2
GEOG202,Fall 2023,4.0,1
GEOG202,Fall 2024,3.7,1
GEOG202,Spring 2008,4.0,1
GEOG202,Spring 2011,4.0,1
GEOG202,Spring 2016,2.0,1
GEOG202,Spring 2020,4.0,1
GEOG202,Spring 2021,3.47,3
GEOG202,Spring 2022,4.0,1
GEOG202,Spring 2023,3.85,2
GEOG211,Fall 2018,4.0,1
GEOG211,Fall 2021,3.7,1
GEOG211,Fall 2023,4.0,1
GEOG211,Spring 2023,4.0,1
GEOG211,Spring 2024,3.7,1
GEOG212,Spring 2011,4.0,1
GEOG276,Fall 2023,4.0,1
GEOG276,Spring 2022,2.7,1
GEOG306,Fall 2024,3.7,1
GEOG306,Spring 2024,4.0,3
GEOG330,Fall 2008,4.0,1
GEOG330,Fall 2020,4.0,1
GEOG330,Fall 2021,3.85,2
GEOG330,Fall 2022,4.0,2
GEOG330,Fall 2023,3.95,6
GEOG330,Fall 2024,4.0,3
GEOG331,Spring 2024,4.0,2
GEOG332,Spring 2021,4.0,1
GEOG373,Fall 2011,4.0,2
GEOG373,Fall 2013,4.0,1
GEOG373,Fall 2021,4.0,1
GEOG373,Fall 2022,3.5,2
GEOG373,Fall 2023,4.0,1
GEOG373,Fall 2024,4.0,1
GEOG373,Spring 2011,4.0,1
GEOG373,Spring 2012,4.0,1
GEOG373,Spring 2024,4.0,1
GEOG373,Spring 2025,4.0,1
GEOG376,Spring 2023,1.7,1
GEOG415,Fall 2021,3.7,1
GEOG415,Spring 2023,2.85,2
GEOG416,Spring 2024,3.7,1
GEOG431,Fall 2010,4.0,1
GEOG431,Fall 2024,4.0,1
GEOG431,Spring 2023,3.7,1
GEOG441,Spring 2023,4.0,1
GEOG441,Spring 2024,4.0,1
GEOG473,Spring 2023,3.3,1
GEOG475,Fall 2022,3.3,1
GEOG475,Fall 2023,2.7,1
GEOG475,Fall 2024,3.85,2
GEOG498B,Fall 2022,3.7,1
GEOL100,Fall 2010,4.0,1
GEOL100,Fall 2011,4.0,2
GEOL100,Fall 2014,3.5,2
GEOL100,Fall 2016,3.7,1
GEOL100,Fall 2020,3.5,2
GEOL100,Fall 2023,3.9,7
GEOL100,Fall 2024,3.85,8
GEOL100,Spring 2010,4.0,1
GEOL100,Spring 2012,3.43,3
GEOL100,Spring 2015,4.0,1
GEOL100,Spring 2021,4.0,1
GEOL100,Spring 2022,3.7,1
GEOL100,Spring 2023,3.14,7
GEOL100,Spring 2024,4.0,2
GEOL100,Spring 2025,4.0,1
GEOL102,Fall 2011,4.0,1
GEOL102,Fall 2024,4.0,1
GEOL102,Spring 2010,4.0,1
GEOL104,Fall 2008,4.0,2
GEOL104,Fall 2010,3.0,1
GEOL104,Fall 2014,3.0,1
GEOL104,Fall 2015,4.0,1
GEOL104,Fall 2023,3.58,4
GEOL104,Fall 2024,4.0,2
GEOL104,Spring 2013,4.0,1
GEOL104,Spring 2024,3.7,1
GEOL110,Fall 2015,4.0,1
GEOL110,Fall 2022,3.0,1
GEOL110,Fall 2023,3.3,1
GEOL110,Fall 2024,3.0,1
GEOL110,Spring 2009,3.0,1
GEOL110,Spring 2021,4.0,1
GEOL110,Spring 2022,3.66,5
GEOL110,Spring 2024,4.0,1
GEOL120,Fall 2010,3.25,4
GEOL120,Fall 2011,3.3,1
GEOL120,Fall 2012,4.0,1
GEOL120,Fall 2013,3.5,2
GEOL120,Fall 2015,4.0,1
GEOL120,Fall 2019,3.23,3
GEOL120,Fall 2020,4.0,1
GEOL120,Fall 2024,4.0,1
GEOL120,Spring 2009,3.5,2
GEOL120,Spring 2010,4.0,3
GEOL120,Spring 2011,3.43,3
GEOL120,Spring 2019,4.0,2
GEOL120,Spring 2021,4.0,1
GEOL120,Spring 2022,4.0,3
GEOL120,Spring 2023,3.9,3
GEOL120,Spring 2024,3.85,4
GEOL123,Fall 2024,4.0,1
GEOL123,Spring 2009,4.0,1
GEOL124,Fall 2010,3.5,2
GEOL124,Fall 2023,3.35,4
GEOL124,Fall 2024,3.46,5
GEOL124,Spring 2008,3.0,1
GEOL124,Spring 2023,4.0,1
GEOL200,Fall 2019,4.0,1
GEOL200,Fall 2022,4.0,3
GEOL200,Fall 2023,4.0,3
GEOL200,Spring 2018,3.7,1
GEOL204,Fall 2022,4.0,1
GEOL204,Spring 2019,4.0,1
GEOL204,Spring 2021,4.0,1
GEOL204,Spring 2023,4.0,2
GEOL204,Spring 2024,3.9,3
GEOL212,Fall 2024,4.0,1
GEOL212,Spring 2023,4.0,1
GEOL322,Fall 2022,4.0,1
GEOL331,Fall 2018,4.0,1
GEOL340,Spring 2015,4.0,1
GEOL342,Fall 2024,3.0,2
GEOL375,Spring 2012,4.0,1
GEOL437,Fall 2018,4.0,1
GEOL444,Fall 2024,3.3,1
GEOL444,Spring 2021,3.7,1
GEOL451,Fall 2010,4.0,1
GEOL451,Spring 2012,3.0,1
GEOL452,Fall 2023,4.0,1
GEOL453,Spring 2024,4.0,2
GERM103,Fall 2019,3.65,2
GERM103,Spring 2020,3.7,1
GERM148Y,Spring 2023,4.0,1
GERM203,Fall 2020,4.0,1
GERM203,Spring 2020,3.7,1
GERM203,Spring 2021,3.7,1
GERM204,Fall 2010,2.0,1
GERM204,Spring 2011,3.3,1
GERM204,Spring 2016,3.7,1
GERM255,Fall 2019,4.0,1
GERM255,Spring 2018,3.3,1
GERM283,Fall 2010,4.0,1
GERM283,Fall 2011,3.77,3
GERM302,Spring 2010,4.0,1
GERM320,Spring 2020,3.3,1
GERM322,Fall 2022,2.7,1
GERM356,Spring 2022,3.3,1
GERM475,Spring 2014,4.0,1
GERS103,Spring 2024,3.7,1
GERS203,Fall 2024,4.0,2
GERS203,Spring 2024,3.7,1
GERS439K,Spring 2024,4.0,1
GREK111,Fall 2007,4.0,1
GREK111,Spring 2011,3.0,1
GREK399A,Spring 2024,4.0,1
GVPT100,Fall 2007,3.5,2
GVPT100,Fall 2008,3.57,3
GVPT100,Fall 2010,3.0,3
GVPT100,Fall 2011,4.0,3
GVPT100,Fall 2012,3.0,1
GVPT100,Spring 2008,3.7,1
GVPT100,Spring 2009,4.0,4
GVPT100,Spring 2010,4.0,1
GVPT100,Spring 2011,3.12,6
GVPT100,Spring 2013,4.0,1
GVPT105S,Fall 2019,3.85,2
GVPT105S,Spring 2022,4.0,1
GVPT170,Fall 2018,3.67,3
GVPT170,Fall 2019,3.92,4
GVPT170,Fall 2021,3.47,3
GVPT170,Fall 2022,4.0,3
GVPT170,Fall 2023,3.48,12
GVPT170,Fall 2024,4.0,3
GVPT170,Spring 2008,4.0,1
GVPT170,Spring 2020,3.75,4
GVPT170,Spring 2022,3.67,4
GVPT170,Spring 2023,3.62,5
GVPT170,Spring 2024,3.25,4
GVPT200,Fall 2008,4.0,1
GVPT200,Fall 2009,3.0,1
GVPT200,Fall 2012,4.0,1
GVPT200,Fall 2014,4.0,1
GVPT200,Fall 2018,4.0,1
GVPT200,Fall 2019,4.0,1
GVPT200,Fall 2020,3.65,2
GVPT200,Fall 2021,4.0,1
GVPT200,Fall 2022,4.0,1
GVPT200,Fall 2023,3.82,11
GVPT200,Fall 2024,3.96,7
GVPT200,Spring 2009,4.0,1
GVPT200,Spring 2011,3.9,3
GVPT200,Spring 2012,3.3,1
GVPT200,Spring 2018,3.7,1
GVPT200,Spring 2020,3.3,1
GVPT200,Spring 2021,3.85,2
GVPT200,Spring 2022,4.0,4
GVPT200,Spring 2023,3.83,4
GVPT200,Spring 2024,3.77,3
GVPT200,Spring 2025,4.0,1
GVPT201,Fall 2019,4.0,1
GVPT201,Fall 2020,3.85,2
GVPT201,Fall 2021,4.0,1
GVPT201,Fall 2022,3.83,4
GVPT201,Fall 2023,3.9,3
GVPT201,Fall 2024,3.49,7
GVPT201,Spring 2020,3.2,2
GVPT201,Spring 2023,3.42,8
GVPT201,Spring 2024,3.54,7
GVPT202,Fall 2021,3.7,1
GVPT202,Fall 2022,4.0,3
GVPT202,Fall 2024,3.78,6
GVPT202,Spring 2022,4.0,2
GVPT202,Spring 2023,4.0,1
GVPT203,Spring 2022,4.0,1
GVPT203,Spring 2024,3.3,1
GVPT204,Fall 2023,4.0,1
GVPT204,Spring 2023,4.0,5
GVPT204,Spring 2024,3.5,2
GVPT205S,Spring 2018,3.7,1
GVPT206,Fall 2024,4.0,1
GVPT206,Spring 2023,2.85,2
GVPT210,Fall 2023,3.7,2
GVPT210,Spring 2022,3.7,1
GVPT210,Spring 2024,4.0,3
GVPT217,Spring 2012,3.7,1
GVPT221,Fall 2023,3.0,2
GVPT221,Spring 2025,4.0,1
GVPT241,Fall 2008,3.7,1
GVPT241,Fall 2010,3.0,1
GVPT241,Fall 2011,3.33,3
GVPT241,Fall 2012,3.3,1
GVPT241,Fall 2014,4.0,1
GVPT241,Fall 2018,3.2,2
GVPT241,Fall 2019,4.0,2
GVPT241,Fall 2020,3.0,1
GVPT241,Fall 2021,3.74,5
GVPT241,Fall 2022,3.92,4
GVPT241,Fall 2023,3.92,4
GVPT241,Fall 2024,3.83,7
GVPT241,Spring 2008,3.0,1
GVPT241,Spring 2011,3.85,2
GVPT241,Spring 2012,4.0,2
GVPT241,Spring 2014,3.0,1
GVPT241,Spring 2021,3.85,2
GVPT241,Spring 2022,4.0,1
GVPT241,Spring 2023,4.0,4
GVPT241,Spring 2024,3.3,2
GVPT241,Spring 2025,3.0,1
GVPT273,Fall 2020,3.7,1
GVPT273,Fall 2021,4.0,1
GVPT273,Fall 2023,3.7,2
GVPT273,Spring 2022,3.7,1
GVPT273,Spring 2023,4.0,1
GVPT273,Spring 2024,3.7,1
GVPT280,Fall 2019,3.3,1
GVPT280,Fall 2022,4.0,2
GVPT280,Fall 2023,4.0,1
GVPT280,Fall 2024,4.0,1
GVPT280,Spring 2023,4.0,1
GVPT280,Spring 2024,4.0,1
GVPT282,Spring 2021,4.0,1
GVPT282,Spring 2023,3.85,2
GVPT289A,Spring 2013,3.7,1
GVPT289F,Fall 2012,3.65,2
GVPT289J,Spring 2021,4.0,2
GVPT289L,Spring 2020,4.0,1
GVPT301,Spring 2023,3.3,1
GVPT306,Fall 2023,4.0,1
GVPT306,Fall 2024,4.0,1
GVPT306,Spring 2024,4.0,1
GVPT309C,Spring 2021,4.0,1
GVPT309C,Spring 2023,4.0,1
GVPT318C,Fall 2024,4.0,3
GVPT320,Spring 2022,4.0,1
GVPT320,Spring 2023,3.65,2
GVPT331,Fall 2011,4.0,1
GVPT331,Fall 2024,3.7,1
GVPT331,Spring 2011,4.0,1
GVPT331,Spring 2012,3.7,1
GVPT331,Spring 2023,3.0,4
GVPT331,Spring 2024,3.85,2
GVPT354,Fall 2022,4.0,1
GVPT354,Fall 2023,3.3,1
GVPT354,Fall 2024,4.0,1
GVPT354,Spring 2022,4.0,2
GVPT354,Spring 2024,4.0,1
GVPT356,Fall 2024,4.0,1
GVPT360,Spring 2013,3.3,1
GVPT368B,Fall 2023,4.0,1
GVPT368D,Fall 2021,3.9,3
GVPT368D,Fall 2022,4.0,1
GVPT368D,Fall 2023,3.35,2
GVPT368D,Fall 2024,4.0,1
GVPT368D,Spring 2021,4.0,1
GVPT368D,Spring 2022,4.0,1
GVPT368E,Fall 2024,3.7,1
GVPT368F,Fall 2023,3.5,2
GVPT368J,Spring 2024,3.7,1
GVPT368K,Fall 2024,4.0,1
GVPT368P,Spring 2022,4.0,1
GVPT368P,Spring 2023,4.0,1
GVPT379R,Fall 2021,4.0,1
GVPT388I,Spring 2011,4.0,1
GVPT390,Fall 2022,2.65,2
GVPT390,Spring 2015,3.0,1
GVPT404,Fall 2022,4.0,1
GVPT404,Spring 2023,3.3,1
GVPT406,Fall 2023,4.0,1
GVPT406,Spring 2022,3.7,1
GVPT409E,Spring 2018,3.0,1
GVPT409E,Spring 2020,4.0,1
GVPT409G,Fall 2023,3.7,1
GVPT409G,Fall 2024,4.0,1
GVPT409M,Fall 2019,4.0,1
GVPT409Q,Spring 2011,4.0,1
GVPT409U,Spring 2024,4.0,1
GVPT409W,Spring 2023,4.0,1
GVPT411,Spring 2023,4.0,1
GVPT414,Fall 2021,4.0,1
GVPT414,Fall 2024,4.0,1
GVPT417,Spring 2023,4.0,1
GVPT422,Fall 2010,4.0,1
GVPT422,Spring 2012,4.0,1
GVPT423,Fall 2023,4.0,1
GVPT423,Spring 2008,4.0,1
GVPT423,Spring 2011,3.0,1
GVPT423,Spring 2012,2.0,1
GVPT423,Spring 2015,2.0,1
GVPT423,Spring 2021,4.0,1
GVPT423,Spring 2022,4.0,1
GVPT423,Spring 2024,4.0,1
GVPT429T,Fall 2023,4.0,1
GVPT429T,Fall 2024,4.0,1
GVPT431,Fall 2011,3.0,1
GVPT431,Fall 2014,4.0,1
GVPT431,Fall 2015,3.3,1
GVPT431,Fall 2023,4.0,1
GVPT431,Spring 2018,3.7,1
GVPT439A,Fall 2014,4.0,1
GVPT439A,Fall 2022,3.5,2
GVPT439A,Spring 2022,2.0,1
GVPT439C,Spring 2011,4.0,1
GVPT439I,Spring 2023,4.0,1
GVPT445,Fall 2021,4.0,1
GVPT445,Spring 2021,4.0,1
GVPT449C,Fall 2011,3.7,1
GVPT449C,Spring 2014,3.7,1
GVPT449F,Spring 2022,4.0,1
GVPT449G,Spring 2022,4.0,1
GVPT449G,Spring 2023,4.0,1
GVPT449G,Spring 2024,3.3,1
GVPT456,Fall 2015,3.0,1
GVPT456,Fall 2021,4.0,1
GVPT457,Spring 2023,4.0,1
GVPT459B,Fall 2023,4.0,1
GVPT459C,Spring 2022,4.0,1
GVPT459C,Spring 2023,3.85,2
GVPT459D,Spring 2013,3.0,1
GVPT459D,Spring 2023,4.0,3
GVPT459E,Spring 2020,4.0,1
GVPT459F,Spring 2023,4.0,1
GVPT459J,Spring 2023,3.65,2
GVPT459J,Spring 2024,4.0,1
GVPT459K,Spring 2023,4.0,2
GVPT459K,Spring 2024,4.0,1
GVPT459M,Spring 2020,4.0,1
GVPT459M,Spring 2023,4.0,1
GVPT459R,Fall 2019,4.0,1
GVPT459W,Fall 2024,4.0,1
GVPT460,Spring 2021,4.0,1
GVPT461,Spring 2022,4.0,1
GVPT473,Fall 2015,3.3,1
GVPT473,Fall 2017,4.0,1
GVPT473,Spring 2011,3.3,1
GVPT473,Spring 2018,3.7,1
GVPT475,Fall 2022,1.7,1
GVPT475,Spring 2008,4.0,1
GVPT475,Spring 2023,4.0,1
GVPT479D,Fall 2009,3.0,1
GVPT479D,Spring 2022,3.7,1
GVPT479D,Spring 2023,3.7,1
GVPT479G,Fall 2023,3.7,1
GVPT479K,Fall 2020,4.0,1
GVPT479K,Fall 2024,4.0,1
GVPT479P,Fall 2024,4.0,2
GVPT479W,Fall 2023,4.0,3
GVPT479Y,Spring 2013,4.0,1
GVPT479Y,Spring 2015,3.7,1
GVPT484,Fall 2023,4.0,1
GVPT487,Spring 2018,4.0,1
GVPT604,Fall 2022,4.0,1
GVPT604,Spring 2023,4.0,1
GVPT605,Spring 2023,4.0,1
HACS100,Fall 2020,4.0,1
HACS100,Fall 2021,4.0,1
HACS100,Fall 2022,4.0,6
HACS100,Fall 2024,3.9,3
HACS100,Spring 2020,4.0,1
HACS100,Spring 2021,4.0,2
HACS100,Spring 2022,4.0,1
HACS100,Spring 2023,4.0,3
HACS100,Spring 2024,4.0,5
HACS101,Fall 2022,4.0,1
HACS101,Fall 2023,4.0,1
HACS101,Fall 2024,4.0,2
HACS101,Spring 2022,4.0,1
HACS101,Spring 2023,4.0,6
HACS101,Spring 2024,4.0,2
HACS200,Fall 2018,3.0,1
HACS200,Fall 2022,4.0,1
HACS200,Fall 2024,3.85,2
HACS200,Spring 2023,4.0,3
HACS200,Spring 2024,4.0,1
HACS201,Spring 2024,4.0,1
HACS202,Fall 2022,3.2,2
HACS202,Spring 2020,4.0,1
HACS202,Spring 2022,3.7,1
HACS202,Spring 2023,4.0,1
HACS202,Spring 2024,4.0,1
HACS208A,Spring 2020,3.7,1
HACS208A,Spring 2024,4.0,2
HACS208E,Spring 2024,3.35,2
HACS208I,Spring 2021,4.0,1
HACS208I,Spring 2022,4.0,1
HACS208I,Spring 2023,4.0,2
HACS208N,Fall 2021,4.0,1
HACS208N,Fall 2024,4.0,3
HACS208P,Fall 2023,3.7,1
HACS208P,Fall 2024,3.7,1
HACS208P,Spring 2023,4.0,1
HACS208Y,Fall 2018,4.0,2
HACS297,Fall 2024,4.0,2
HACS297,Spring 2022,4.0,1
HACS318A,Fall 2024,4.0,1
HACS318A,Spring 2024,4.0,1
HACS318A,Spring 2025,4.0,1
HACS408C,Fall 2021,4.0,1
HACS408D,Spring 2019,4.0,1
HACS408E,Fall 2024,4.0,4
HACS408L,Fall 2022,4.0,2
HACS408L,Fall 2023,3.0,1
HACS408L,Fall 2024,4.0,1
HACS408L,Spring 2024,4.0,1
HACS408M,Fall 2021,3.85,2
HACS408M,Fall 2023,4.0,2
HACS408M,Fall 2024,4.0,1
HACS408M,Spring 2023,4.0,1
HACS408M,Spring 2024,4.0,1
HACS408O,Fall 2022,4.0,1
HACS408O,Fall 2023,4.0,2
HACS408O,Fall 2024,4.0,2
HACS408P,Spring 2023,3.85,2
HACS408P,Spring 2025,4.0,1
HACS408T,Fall 2023,4.0,1
HACS408T,Spring 2022,4.0,1
HACS408T,Spring 2024,4.0,1
HACS408V,Fall 2023,4.0,1
HACS408V,Spring 2022,4.0,1
HACS408V,Spring 2024,4.0,1
HACS498,Fall 2022,3.85,2
HACS498,Fall 2024,4.0,1
HBUS100,Fall 2024,4.0,1
HBUS105,Spring 2023,4.0,1
HDCC105,Fall 2020,4.0,1
HDCC105,Fall 2022,3.82,5
HDCC105,Fall 2023,4.0,2
HDCC105,Fall 2024,4.0,1
HDCC105,Spring 2018,4.0,1
HDCC105,Spring 2019,3.7,1
HDCC105,Spring 2020,4.0,1
HDCC105,Spring 2022,4.0,1
HDCC105,Spring 2024,4.0,2
HDCC106,Fall 2020,4.0,1
HDCC106,Fall 2024,3.7,1
HDCC106,Spring 2020,4.0,2
HDCC106,Spring 2022,4.0,1
HDCC106,Spring 2024,4.0,1
HDCC106,Spring 2025,4.0,1
HDCC201,Fall 2023,4.0,1
HDCC201,Spring 2023,4.0,1
HDCC208B,Fall 2019,4.0,1
HDCC208F,Fall 2024,4.0,3
HDCC208F,Spring 2023,4.0,1
HDCC208I,Spring 2020,4.0,1
HDCC208J,Spring 2020,4.0,1
HDCC208Q,Fall 2024,4.0,1
HDCC208V,Fall 2023,4.0,1
HDCC209D,Spring 2023,4.0,1
HDCC379,Fall 2023,4.0,1
HEBR106,Fall 2021,4.0,1
HEBR106,Fall 2022,4.0,1
HEBR106,Fall 2024,4.0,1
HEBR313,Fall 2022,4.0,1
HEBR313,Fall 2024,4.0,1
HEIP143,Spring 2019,4.0,1
HEIP144,Spring 2019,4.0,1
HEIP241,Spring 2020,4.0,1
HESI217,Fall 2020,4.0,1
HESI217,Fall 2021,4.0,2
HESI217,Fall 2022,4.0,3
HESI217,Spring 2022,3.35,4
HESI217,Spring 2023,4.0,2
HESI220,Fall 2021,4.0,1
HESI315,Spring 2022,4.0,1
HESI318E,Fall 2024,4.0,1
HESI318O,Fall 2024,4.0,1
HESI418F,Fall 2022,4.0,1
HESI418F,Spring 2022,4.0,1
HESI421,Spring 2024,4.0,1
HESI423,Fall 2024,4.0,2
HESI423,Spring 2025,4.0,1
HESI424,Fall 2023,4.0,1
HESI470,Spring 2018,3.3,1
HESI470,Spring 2020,4.0,2
HESP120,Fall 2022,3.92,4
HESP120,Fall 2023,3.8,3
HESP120,Spring 2019,4.0,1
HESP120,Spring 2020,4.0,2
HESP120,Spring 2021,4.0,1
HESP120,Spring 2022,3.57,3
HESP120,Spring 2023,4.0,1
HESP120,Spring 2025,2.0,1
HESP202,Fall 2010,4.0,1
HESP202,Fall 2011,3.0,1
HESP202,Fall 2013,4.0,1
HESP202,Fall 2019,4.0,1
HESP202,Fall 2020,4.0,1
HESP202,Fall 2024,3.8,3
HESP202,Spring 2009,3.7,1
HESP202,Spring 2010,4.0,2
HESP202,Spring 2011,4.0,1
HESP202,Spring 2012,4.0,1
HESP202,Spring 2019,3.65,2
HESP202,Spring 2022,4.0,1
HESP202,Spring 2023,4.0,2
HESP202,Spring 2024,4.0,2
HESP204,Fall 2024,4.0,1
HESP204,Spring 2022,4.0,1
HESP214,Fall 2019,4.0,1
HESP214,Fall 2020,4.0,1
HESP214,Fall 2021,4.0,1
HESP214,Fall 2022,4.0,3
HESP214,Fall 2024,4.0,2
HESP214,Spring 2021,4.0,1
HESP214,Spring 2023,4.0,2
HESP214,Spring 2024,4.0,2
HESP214,Spring 2025,4.0,1
HESP300,Fall 2010,2.33,3
HESP300,Fall 2012,2.0,1
HESP300,Fall 2022,4.0,1
HESP300,Fall 2023,3.85,2
HESP300,Spring 2021,3.0,1
HESP305,Fall 2021,3.65,2
HESP305,Fall 2022,4.0,1
HESP305,Fall 2023,3.85,2
HESP305,Spring 2021,3.0,1
HESP305,Spring 2022,3.7,1
HESP305,Spring 2024,4.0,1
HESP307,Spring 2023,4.0,1
HESP311,Fall 2022,4.0,1
HESP311,Spring 2021,4.0,1
HESP311,Spring 2022,3.85,2
HESP311,Spring 2024,4.0,1
HESP400,Fall 2021,3.65,2
HESP400,Fall 2023,4.0,1
HESP400,Spring 2021,4.0,2
HESP400,Spring 2023,3.85,2
HESP400,Spring 2024,4.0,1
HESP403,Fall 2020,4.0,1
HESP406,Spring 2018,4.0,1
HESP411,Fall 2010,4.0,1
HESP411,Fall 2020,4.0,1
HESP411,Fall 2021,3.3,1
HESP411,Fall 2023,4.0,1
HESP411,Spring 2021,4.0,1
HESP411,Spring 2023,3.85,2
HESP413,Spring 2024,4.0,1
HESP415,Fall 2020,3.7,1
HESP416,Fall 2022,3.7,1
HGLO100,Fall 2023,4.0,1
HGLO100,Fall 2024,3.7,1
HGLO100,Spring 2023,4.0,1
HGLO100,Spring 2025,3.7,1
HGLO101,Fall 2022,4.0,1
HGLO101,Fall 2023,4.0,4
HGLO101,Fall 2024,4.0,4
HGLO101,Spring 2023,4.0,3
HGLO101,Spring 2024,4.0,1
HGLO208,Fall 2024,4.0,1
HHUM105,Fall 2019,4.0,1
HHUM105,Fall 2020,4.0,3
HHUM105,Fall 2021,4.0,1
HHUM105,Fall 2023,4.0,3
HHUM105,Fall 2024,3.65,2
HHUM105,Spring 2018,4.0,1
HHUM105,Spring 2022,4.0,1
HHUM105,Spring 2023,4.0,2
HHUM105,Spring 2025,4.0,1
HHUM106,Fall 2018,4.0,1
HHUM106,Fall 2023,4.0,1
HHUM106,Spring 2020,4.0,1
HHUM106,Spring 2021,4.0,3
HHUM106,Spring 2022,4.0,5
HHUM106,Spring 2023,4.0,6
HHUM106,Spring 2024,4.0,3
HHUM205,Fall 2021,4.0,1
HHUM205,Fall 2022,4.0,6
HHUM205,Fall 2023,4.0,2
HHUM205,Fall 2024,4.0,7
HHUM205,Spring 2021,4.0,1
HHUM205,Spring 2024,3.3,1
HHUM206,Fall 2019,4.0,1
HHUM206,Spring 2018,4.0,2
HHUM206,Spring 2021,4.0,1
HHUM328,Spring 2022,4.0,1
HISP200,Fall 2022,4.0,1
HISP200,Fall 2023,4.0,1
HISP200,Fall 2024,4.0,1
HISP200,Spring 2023,4.0,1
HISP200,Spring 2024,4.0,4
HISP200,Spring 2025,3.85,2
HIST106,Fall 2021,4.0,1
HIST106,Fall 2023,3.3,1
HIST106,Fall 2024,3.3,1
HIST106,Spring 2024,4.0,1
HIST106,Spring 2025,3.0,1
HIST108C,Fall 2022,3.3,1
HIST110,Fall 2010,3.0,1
HIST110,Fall 2011,3.3,1
HIST110,Fall 2012,3.3,1
HIST110,Fall 2024,3.67,3
HIST110,Spring 2009,3.0,1
HIST110,Spring 2014,4.0,1
HIST110,Spring 2023,3.15,2
HIST111,Fall 2020,4.0,1
HIST111,Fall 2021,3.7,1
HIST111,Fall 2023,3.26,8
HIST111,Fall 2024,3.95,6
HIST111,Spring 2020,3.85,2
HIST111,Spring 2022,3.7,1
HIST111,Spring 2023,3.7,1
HIST111,Spring 2024,4.0,2
HIST113,Fall 2010,3.0,1
HIST113,Fall 2017,4.0,1
HIST120,Fall 2012,3.65,2
HIST120,Fall 2023,4.0,4
HIST120,Spring 2011,4.0,1
HIST120,Spring 2012,4.0,1
HIST120,Spring 2023,4.0,1
HIST120,Spring 2024,4.0,1
HIST122,Fall 2023,3.7,1
HIST122,Spring 2023,3.7,1
HIST123,Fall 2020,4.0,1
HIST123,Fall 2023,4.0,1
HIST123,Spring 2021,4.0,1
HIST131,Fall 2023,3.7,1
HIST131,Spring 2020,4.0,2
HIST131,Spring 2023,3.57,3
HIST131,Spring 2024,4.0,2
HIST132,Fall 2023,4.0,1
HIST132,Fall 2024,3.7,1
HIST132,Spring 2023,4.0,1
HIST132,Spring 2024,3.7,1
HIST134,Fall 2016,4.0,1
HIST134,Fall 2018,3.7,1
HIST134,Fall 2022,3.43,3
HIST134,Fall 2023,3.96,7
HIST134,Fall 2024,3.88,6
HIST134,Spring 2021,4.0,1
HIST134,Spring 2022,4.0,1
HIST134,Spring 2023,3.65,2
HIST134,Spring 2024,4.0,3
HIST134,Spring 2025,4.0,1
HIST134S,Fall 2023,4.0,1
HIST135,Fall 2021,4.0,1
HIST135,Fall 2023,3.3,1
HIST135,Fall 2024,3.7,2
HIST135,Spring 2016,3.85,2
HIST135,Spring 2023,3.7,1
HIST135,Spring 2024,3.7,1
HIST136,Fall 2012,3.3,1
HIST136,Fall 2018,4.0,2
HIST136,Fall 2023,2.43,3
HIST136,Spring 2022,4.0,1
HIST142,Fall 2013,4.0,1
HIST142,Spring 2021,3.7,1
HIST187,Fall 2022,3.57,3
HIST200,Fall 2020,3.7,1
HIST200,Fall 2021,4.0,1
HIST200,Fall 2022,3.92,4
HIST200,Fall 2023,3.08,5
HIST200,Fall 2024,3.67,4
HIST200,Spring 2019,3.14,5
HIST200,Spring 2022,4.0,2
HIST200,Spring 2024,3.43,3
HIST200,Spring 2025,3.7,1
HIST201,Fall 2012,4.0,1
HIST201,Fall 2014,4.0,1
HIST201,Fall 2017,3.0,1
HIST201,Fall 2018,3.75,4
HIST201,Fall 2019,3.7,1
HIST201,Fall 2020,4.0,1
HIST201,Fall 2021,3.9,3
HIST201,Fall 2022,3.57,3
HIST201,Fall 2023,3.8,8
HIST201,Fall 2024,4.0,9
HIST201,Spring 2013,3.85,2
HIST201,Spring 2014,4.0,1
HIST201,Spring 2016,3.0,1
HIST201,Spring 2018,4.0,2
HIST201,Spring 2020,3.7,1
HIST201,Spring 2021,3.23,3
HIST201,Spring 2022,3.86,5
HIST201,Spring 2023,3.96,8
HIST201,Spring 2024,3.83,10
HIST201,Spring 2025,4.0,1
HIST204,Fall 2011,4.0,1
HIST204,Fall 2022,4.0,2
HIST204,Spring 2022,4.0,2
HIST204,Spring 2023,3.7,1
HIST205,Fall 2010,3.0,1
HIST205,Fall 2015,3.3,1
HIST205,Fall 2017,3.0,1
HIST205,Fall 2022,4.0,1
HIST205,Spring 2019,3.7,1
HIST208B,Spring 2024,3.7,1
HIST208C,Fall 2024,4.0,1
HIST208C,Spring 2024,4.0,1
HIST208D,Spring 2024,4.0,1
HIST208G,Fall 2024,3.7,1
HIST208J,Spring 2018,3.7,1
HIST208K,Fall 2021,4.0,1
HIST208K,Spring 2010,4.0,1
HIST208V,Fall 2023,3.0,2
HIST208X,Spring 2020,4.0,1
HIST211,Fall 2009,3.7,1
HIST211,Spring 2010,3.0,1
HIST211,Spring 2022,4.0,2
HIST211,Spring 2023,3.7,3
HIST211,Spring 2024,3.5,2
HIST213,Fall 2010,4.0,1
HIST213,Spring 2010,4.0,1
HIST215,Fall 2023,4.0,1
HIST215,Spring 2023,4.0,1
HIST219J,Spring 2023,3.5,2
HIST219X,Spring 2022,3.7,1
HIST221,Fall 2021,3.7,1
HIST222,Spring 2023,3.9,3
HIST222,Spring 2024,4.0,1
HIST224,Fall 2007,3.0,1
HIST224,Fall 2010,3.5,2
HIST224,Fall 2011,4.0,1
HIST224,Fall 2012,2.85,2
HIST224,Spring 2010,3.7,2
HIST224,Spring 2012,4.0,1
HIST225,Spring 2008,4.0,1
HIST225,Spring 2009,4.0,1
HIST225,Spring 2020,3.3,1
HIST226,Fall 2023,4.0,1
HIST233,Spring 2009,3.0,1
HIST233,Spring 2021,3.0,1
HIST234,Fall 2022,4.0,1
HIST234,Fall 2024,3.7,1
HIST234,Spring 2024,4.0,1
HIST234,Spring 2025,4.0,1
HIST235,Spring 2008,4.0,1
HIST235,Spring 2009,4.0,1
HIST235,Spring 2011,4.0,1
HIST235,Spring 2013,4.0,1
HIST235,Spring 2022,4.0,1
HIST236,Fall 2011,3.3,1
HIST236,Fall 2012,3.0,1
HIST236,Fall 2022,4.0,1
HIST236,Fall 2023,3.85,2
HIST236,Spring 2022,3.2,2
HIST237,Fall 2022,3.8,3
HIST237,Spring 2016,3.0,1
HIST240,Fall 2020,4.0,1
HIST240,Fall 2021,4.0,1
HIST245,Fall 2023,4.0,1
HIST245,Spring 2023,4.0,2
HIST250,Fall 2010,2.0,1
HIST250,Fall 2019,2.3,1
HIST250,Fall 2021,4.0,1
HIST250,Fall 2022,3.3,2
HIST250,Fall 2023,4.0,1
HIST251,Spring 2024,4.0,1
HIST254,Fall 2023,3.85,2
HIST261,Fall 2023,4.0,2
HIST261,Fall 2024,4.0,2
HIST266,Fall 2021,3.35,2
HIST266,Fall 2023,4.0,1
HIST284,Fall 2008,4.0,1
HIST284,Fall 2010,3.0,1
HIST284,Fall 2011,3.0,2
HIST284,Fall 2023,4.0,2
HIST284,Fall 2024,3.8,5
HIST284,Spring 2010,3.7,1
HIST284,Spring 2011,3.0,2
HIST284,Spring 2013,3.0,1
HIST284,Spring 2023,4.0,1
HIST285,Fall 2014,3.0,1
HIST285,Spring 2018,4.0,1
HIST285,Spring 2023,3.7,1
HIST286,Fall 2024,4.0,1
HIST289A,Fall 2019,4.0,1
HIST289A,Spring 2022,3.7,2
HIST289A,Spring 2023,2.35,2
HIST289A,Spring 2024,4.0,1
HIST289C,Fall 2023,3.7,1
HIST289L,Spring 2020,2.7,1
HIST289N,Fall 2024,3.85,2
HIST289N,Spring 2022,3.85,2
HIST289N,Spring 2024,3.7,1
HIST289O,Fall 2021,3.85,2
HIST289O,Fall 2022,3.3,1
HIST289O,Fall 2023,3.35,2
HIST289O,Fall 2024,3.67,4
HIST289O,Spring 2022,3.15,2
HIST289O,Spring 2024,4.0,2
HIST289R,Fall 2016,4.0,1
HIST289R,Fall 2022,3.85,2
HIST289R,Fall 2023,3.83,4
HIST289R,Spring 2013,4.0,2
HIST289R,Spring 2020,3.7,1
HIST289R,Spring 2021,3.7,1
HIST289R,Spring 2022,3.85,2
HIST289T,Fall 2023,4.0,2
HIST289V,Fall 2016,4.0,1
HIST289V,Spring 2016,4.0,1
HIST289V,Spring 2023,3.7,1
HIST289Y,Spring 2018,4.0,1
HIST289Y,Spring 2019,4.0,1
HIST289Y,Spring 2021,4.0,1
HIST289Y,Spring 2022,4.0,1
HIST304,Fall 2021,4.0,1
HIST307,Spring 2023,3.0,1
HIST319C,Spring 2023,3.3,1
HIST319E,Spring 2023,3.7,1
HIST319F,Fall 2020,4.0,1
HIST319J,Fall 2022,2.0,1
HIST319K,Fall 2024,4.0,1
HIST319L,Spring 2021,3.7,1
HIST319N,Spring 2014,2.5,2
HIST319P,Fall 2024,4.0,1
HIST319R,Spring 2021,3.85,2
HIST319V,Fall 2020,3.0,1
HIST319V,Fall 2021,2.7,1
HIST319V,Fall 2023,3.7,1
HIST319V,Fall 2024,4.0,1
HIST320,Spring 2023,3.3,2
HIST321,Fall 2024,4.0,1
HIST325,Spring 2023,3.7,1
HIST326,Fall 2020,3.3,1
HIST328E,Spring 2020,4.0,1
HIST328G,Spring 2024,2.0,2
HIST328L,Fall 2021,4.0,1
HIST328R,Fall 2020,4.0,1
HIST328R,Spring 2021,4.0,1
HIST328V,Fall 2024,3.0,1
HIST328X,Spring 2023,4.0,2
HIST329A,Spring 2025,2.7,1
HIST329B,Spring 2022,3.7,1
HIST329L,Fall 2019,4.0,1
HIST329P,Spring 2024,4.0,1
HIST329Q,Fall 2024,4.0,1
HIST329Q,Spring 2024,3.33,3
HIST329W,Fall 2023,4.0,1
HIST330,Fall 2020,4.0,1
HIST331,Fall 2015,4.0,1
HIST331,Fall 2024,4.0,1
HIST331,Spring 2023,3.0,1
HIST333,Fall 2024,4.0,1
HIST339A,Fall 2020,2.3,1
HIST339A,Spring 2021,1.7,1
HIST339E,Spring 2021,4.0,1
HIST339L,Fall 2022,3.3,1
HIST339R,Spring 2023,3.7,1
HIST352,Fall 2011,4.0,1
HIST353,Fall 2011,2.0,1
HIST353,Fall 2012,4.0,1
HIST353,Fall 2020,4.0,1
HIST353,Spring 2012,3.0,1
HIST354,Spring 2023,3.9,3
HIST354,Spring 2024,4.0,1
HIST355,Fall 2023,4.0,1
HIST355,Fall 2024,4.0,1
HIST355,Spring 2025,4.0,1
HIST356,Fall 2020,4.0,1
HIST356,Spring 2019,4.0,1
HIST357,Spring 2011,3.7,1
HIST357,Spring 2012,4.0,1
HIST357,Spring 2018,4.0,1
HIST357,Spring 2021,4.0,1
HIST357,Spring 2022,4.0,1
HIST376,Fall 2016,3.0,1
HIST386,Fall 2024,4.0,1
HIST395,Spring 2012,3.0,1
HIST406,Fall 2008,4.0,1
HIST418C,Fall 2023,4.0,1
HIST419A,Fall 2020,4.0,1
HIST419A,Spring 2023,3.7,1
HIST419B,Spring 2018,4.0,1
HIST419E,Spring 2009,2.0,1
HIST419M,Fall 2013,4.0,1
HIST419M,Fall 2015,3.0,1
HIST419P,Fall 2012,3.7,1
HIST419P,Fall 2023,4.0,1
HIST419P,Spring 2012,3.5,2
HIST419P,Spring 2023,4.0,3
HIST419P,Spring 2024,4.0,1
HIST419R,Fall 2010,3.0,1
HIST419T,Fall 2024,4.0,1
HIST425,Spring 2025,4.0,1
HIST428N,Spring 2009,4.0,1
HIST428O,Spring 2024,4.0,1
HIST428T,Fall 2010,4.0,1
HIST428W,Fall 2022,4.0,1
HIST428Z,Fall 2021,4.0,1
HIST429A,Fall 2023,4.0,1
HIST429A,Spring 2025,4.0,1
HIST429D,Fall 2009,3.7,1
HIST429G,Spring 2022,3.0,1
HIST429I,Spring 2011,3.3,1
HIST429N,Spring 2022,3.0,1
HIST429W,Spring 2023,4.0,1
HIST429Y,Spring 2012,2.7,1
HIST430,Spring 2008,4.0,1
HIST431,Spring 2011,4.0,1
HIST442,Spring 2022,3.3,1
HIST455,Spring 2013,3.0,1
HIST455,Spring 2021,4.0,1
HIST455,Spring 2023,3.3,1
HIST457,Fall 2011,4.0,1
HIST457,Spring 2011,4.0,1
HIST460,Fall 2023,4.0,1
HIST462,Spring 2021,0.0,1
HIST466,Fall 2023,4.0,1
HIST473,Fall 2014,2.3,1
HIST473,Spring 2012,3.7,1
HIST482,Spring 2022,3.7,1
HIST483,Fall 2024,3.7,2
HIST491,Fall 2012,4.0,1
HIST491,Spring 2013,4.0,1
HIST619O,Fall 2023,3.3,1
HIST619O,Spring 2024,4.0,1
HLSA300,Fall 2023,4.0,1
HLSA300,Spring 2023,3.7,1
HLSA300,Spring 2024,4.0,1
HLSA710,Spring 2020,3.0,1
HLSA760,Spring 2024,4.0,1
HLSA778,Fall 2024,4.0,1
HLSC100,Fall 2023,4.0,2
HLSC100,Spring 2021,4.0,1
HLSC102,Spring 2023,4.0,1
HLSC207,Fall 2020,3.57,3
HLSC207,Fall 2021,3.7,2
HLSC207,Fall 2022,3.7,1
HLSC207,Spring 2022,3.78,4
HLSC208,Fall 2022,3.47,10
HLSC208,Fall 2023,4.0,1
HLSC208,Spring 2023,3.55,6
HLSC280,Fall 2023,3.76,10
HLSC280,Fall 2024,3.82,5
HLSC280,Spring 2024,3.67,3
HLSC280,Spring 2025,3.5,2
HLSC322,Fall 2023,4.0,1
HLSC322,Spring 2018,4.0,1
HLSC322,Spring 2020,4.0,1
HLSC322,Spring 2021,4.0,1
HLSC322,Spring 2022,4.0,1
HLSC322,Spring 2023,3.96,7
HLSC322,Spring 2024,3.75,4
HLSC374,Fall 2023,4.0,1
HLTH106,Spring 2012,3.7,1
HLTH106,Spring 2013,3.0,1
HLTH124,Fall 2022,4.0,1
HLTH124,Spring 2023,4.0,2
HLTH124,Spring 2024,4.0,1
HLTH130,Fall 2010,3.23,3
HLTH130,Fall 2011,4.0,2
HLTH130,Fall 2012,4.0,1
HLTH130,Spring 2009,4.0,1
HLTH130,Spring 2010,3.35,2
HLTH130,Spring 2011,3.0,1
HLTH130,Spring 2012,3.3,1
HLTH140,Fall 2020,4.0,1
HLTH140,Fall 2022,3.9,3
HLTH140,Fall 2023,4.0,2
HLTH140,Fall 2024,4.0,2
HLTH140,Spring 2022,4.0,1
HLTH140,Spring 2023,4.0,3
HLTH140,Spring 2024,4.0,1
HLTH200,Fall 2023,3.3,1
HLTH200,Spring 2011,2.0,1
HLTH200,Spring 2023,3.85,2
HLTH200,Spring 2024,3.7,1
HLTH230,Fall 2009,4.0,1
HLTH230,Fall 2010,4.0,1
HLTH230,Fall 2024,4.0,1
HLTH230,Spring 2010,3.0,1
HLTH230,Spring 2011,4.0,2
HLTH230,Spring 2024,3.7,1
HLTH234,Fall 2019,4.0,1
HLTH234,Fall 2022,4.0,2
HLTH234,Fall 2024,4.0,1
HLTH234,Spring 2021,4.0,1
HLTH234,Spring 2022,3.85,2
HLTH264,Fall 2019,4.0,2
HLTH264,Spring 2023,4.0,1
HLTH285,Fall 2012,4.0,1
HLTH285,Fall 2023,3.7,1
HLTH285,Fall 2024,4.0,1
HLTH285,Spring 2012,3.85,2
HLTH285,Spring 2021,4.0,1
HLTH285,Spring 2024,4.0,1
HLTH292,Fall 2023,4.0,1
HLTH292,Fall 2024,4.0,1
HLTH300,Spring 2011,4.0,1
HLTH301,Fall 2010,4.0,1
HLTH302,Fall 2024,3.7,1
HLTH364,Spring 2023,4.0,1
HLTH366,Fall 2022,4.0,1
HLTH366,Fall 2023,3.35,2
HLTH366,Fall 2024,4.0,1
HLTH366,Spring 2021,3.0,1
HLTH366,Spring 2024,3.94,5
HLTH366,Spring 2025,3.0,1
HLTH377,Fall 2009,4.0,1
HLTH377,Fall 2010,4.0,1
HLTH377,Fall 2011,3.65,2
HLTH377,Fall 2012,4.0,1
HLTH377,Fall 2014,4.0,1
HLTH377,Fall 2019,4.0,1
HLTH377,Fall 2023,4.0,3
HLTH377,Fall 2024,4.0,1
HLTH377,Spring 2011,3.0,1
HLTH377,Spring 2012,3.0,1
HLTH377,Spring 2015,4.0,1
HLTH377,Spring 2021,4.0,1
HLTH377,Spring 2023,4.0,2
HLTH377,Spring 2024,4.0,1
HLTH402,Fall 2023,4.0,1
HLTH431,Fall 2024,4.0,1
HLTH431,Spring 2021,4.0,1
HLTH431,Spring 2023,4.0,1
HLTH431,Spring 2024,4.0,1
HLTH432,Spring 2023,4.0,1
HLTH434,Fall 2023,4.0,1
HLTH471,Fall 2020,4.0,2
HLTH471,Spring 2024,4.0,1
HLTH471H,Spring 2023,4.0,1
HLTH490,Fall 2024,3.85,2
HLTH490,Spring 2012,4.0,3
HLTH491,Fall 2023,4.0,1
HLTH710,Fall 2020,4.0,1
HNUH100,Fall 2021,4.0,4
HNUH100,Fall 2022,4.0,8
HNUH100,Fall 2023,4.0,14
HNUH100,Fall 2024,4.0,16
HNUH100,Spring 2021,4.0,1
HNUH100,Spring 2022,4.0,2
HNUH100,Spring 2023,4.0,3
HNUH100,Spring 2024,3.25,4
HNUH100,Spring 2025,4.0,1
HNUH218A,Fall 2020,3.35,2
HNUH218A,Spring 2021,3.85,2
HNUH218A,Spring 2022,4.0,2
HNUH218B,Fall 2023,4.0,2
HNUH218B,Spring 2023,4.0,2
HNUH218B,Spring 2024,3.7,1
HNUH218R,Fall 2024,4.0,3
HNUH218U,Fall 2022,4.0,3
HNUH218W,Fall 2023,4.0,1
HNUH218W,Spring 2023,4.0,2
HNUH218W,Spring 2024,4.0,2
HNUH218X,Spring 2021,3.92,4
HNUH218X,Spring 2022,4.0,1
HNUH218Y,Spring 2021,4.0,1
HNUH218Z,Spring 2023,4.0,1
HNUH219T,Spring 2022,3.7,1
HNUH228A,Spring 2021,4.0,1
HNUH228B,Fall 2022,3.85,2
HNUH228B,Fall 2023,3.92,4
HNUH228B,Fall 2024,4.0,1
HNUH228B,Spring 2023,4.0,5
HNUH228B,Spring 2024,4.0,3
HNUH228C,Fall 2024,4.0,2
HNUH228R,Fall 2024,4.0,1
HNUH228U,Fall 2022,4.0,8
HNUH228U,Spring 2023,4.0,4
HNUH228U,Spring 2024,4.0,1
HNUH228W,Spring 2024,4.0,2
HNUH228Z,Spring 2021,4.0,1
HNUH238B,Fall 2023,4.0,5
HNUH238B,Spring 2024,4.0,1
HNUH238C,Fall 2024,4.0,2
HNUH238C,Spring 2025,4.0,1
HNUH238R,Fall 2024,4.0,1
HNUH238U,Fall 2023,4.0,1
HNUH238U,Spring 2024,4.0,2
HNUH238X,Spring 2021,4.0,1
HNUH238Y,Fall 2021,4.0,2
HNUH239P,Fall 2023,4.0,4
HNUH239P,Spring 2024,4.0,2
HNUH248A,Fall 2021,4.0,1
HNUH248A,Spring 2021,4.0,1
HNUH248A,Spring 2022,4.0,2
HNUH248B,Fall 2023,4.0,3
HNUH248B,Spring 2023,4.0,3
HNUH248B,Spring 2024,4.0,1
HNUH248C,Fall 2024,3.77,3
HNUH248O,Fall 2024,4.0,1
HNUH248Q,Spring 2025,4.0,1
HNUH248R,Spring 2025,4.0,1
HNUH248U,Fall 2022,4.0,2
HNUH248U,Fall 2023,4.0,3
HNUH248U,Fall 2024,4.0,1
HNUH248U,Spring 2023,4.0,1
HNUH248U,Spring 2024,4.0,4
HNUH248V,Fall 2022,3.35,2
HNUH248X,Spring 2021,4.0,2
HNUH248X,Spring 2022,4.0,2
HNUH249P,Fall 2023,4.0,1
HNUH249P,Fall 2024,4.0,1
HNUH249T,Fall 2024,4.0,1
HNUH249T,Spring 2023,4.0,1
HNUH249T,Spring 2024,4.0,2
HNUH258A,Fall 2021,3.8,3
HNUH258A,Fall 2022,3.67,3
HNUH258A,Spring 2022,3.3,1
HNUH258A,Spring 2023,3.7,1
HNUH258B,Fall 2023,4.0,1
HNUH258B,Fall 2024,4.0,5
HNUH258U,Fall 2023,4.0,2
HNUH258W,Spring 2024,4.0,2
HNUH258X,Fall 2022,3.97,9
HNUH258X,Spring 2023,4.0,4
HNUH268A,Fall 2021,4.0,1
HNUH268A,Spring 2023,4.0,2
HNUH268B,Fall 2024,4.0,1
HNUH268B,Spring 2024,3.58,4
HNUH268I,Fall 2024,4.0,1
HNUH268U,Fall 2023,4.0,1
HNUH268U,Spring 2024,4.0,1
HNUH268V,Spring 2024,3.85,2
HNUH268Y,Fall 2022,4.0,1
HNUH268Y,Spring 2022,4.0,1
HNUH268Z,Fall 2023,4.0,1
HNUH268Z,Spring 2023,4.0,3
HNUH269P,Fall 2024,4.0,4
HNUH278A,Fall 2022,4.0,2
HNUH278A,Fall 2023,4.0,3
HNUH278A,Spring 2023,4.0,2
HNUH278B,Fall 2023,4.0,2
HNUH278B,Fall 2024,3.85,2
HNUH278B,Spring 2024,4.0,6
HNUH278I,Fall 2024,4.0,2
HNUH278U,Fall 2023,4.0,3
HNUH278U,Spring 2024,4.0,1
HNUH278V,Fall 2023,4.0,1
HNUH278V,Fall 2024,4.0,1
HNUH278X,Fall 2022,4.0,1
HNUH278X,Spring 2023,3.9,3
HNUH288A,Fall 2021,3.7,1
HNUH288A,Spring 2022,3.5,2
HNUH288A,Spring 2023,3.3,1
HNUH288B,Fall 2023,3.67,3
HNUH288B,Fall 2024,3.3,2
HNUH288B,Spring 2024,4.0,5
HNUH288U,Fall 2023,4.0,1
HNUH288V,Fall 2024,4.0,1
HNUH288V,Spring 2024,4.0,2
HNUH288W,Fall 2023,4.0,2
HNUH288W,Spring 2024,4.0,1
HNUH288X,Fall 2022,4.0,1
HNUH288X,Spring 2022,4.0,2
HNUH288Y,Fall 2024,3.7,1
HNUH288Y,Spring 2022,4.0,1
HNUH288Z,Fall 2022,4.0,1
HNUH300,Fall 2023,4.0,4
HNUH300,Fall 2024,4.0,7
HNUH300,Spring 2022,4.0,1
HNUH300,Spring 2023,3.95,6
HNUH300,Spring 2024,4.0,2
HNUH300,Spring 2025,4.0,1
HNUH328T,Fall 2022,4.0,1
HNUH328T,Fall 2024,4.0,1
HONR100,Fall 2011,4.0,1
HONR208B,Fall 2010,4.0,1
HONR208L,Spring 2018,4.0,1
HONR208M,Fall 2011,4.0,1
HONR208M,Spring 2012,4.0,1
HONR208P,Spring 2020,4.0,1
HONR209I,Spring 2020,4.0,1
HONR209O,Fall 2008,3.0,1
HONR209O,Fall 2010,2.7,1
HONR209O,Fall 2011,2.0,1
HONR209O,Fall 2018,2.7,1
HONR209O,Spring 2009,3.0,1
HONR209O,Spring 2010,3.0,1
HONR209O,Spring 2012,4.0,2
HONR217,Fall 2007,4.0,2
HONR217,Fall 2008,4.0,1
HONR217,Fall 2009,4.0,3
HONR217,Fall 2011,4.0,1
HONR217,Fall 2013,4.0,1
HONR217,Fall 2016,4.0,1
HONR217,Fall 2017,4.0,2
HONR217,Spring 2014,3.7,1
HONR218A,Spring 2020,3.7,1
HONR218B,Spring 2020,4.0,1
HONR218C,Spring 2019,4.0,1
HONR218I,Spring 2020,4.0,1
HONR218J,Fall 2019,3.7,1
HONR218J,Spring 2014,3.3,1
HONR218L,Fall 2007,2.0,1
HONR218L,Fall 2018,4.0,1
HONR218L,Spring 2009,4.0,1
HONR218L,Spring 2010,4.0,1
HONR218L,Spring 2012,4.0,1
HONR218L,Spring 2018,4.0,1
HONR218M,Fall 2015,2.7,1
HONR218M,Fall 2016,4.0,1
HONR218M,Spring 2020,4.0,1
HONR218P,Fall 2018,4.0,1
HONR218W,Fall 2007,3.5,2
HONR219T,Fall 2008,4.0,1
HONR219T,Fall 2009,4.0,1
HONR219T,Spring 2009,4.0,1
HONR219T,Spring 2012,4.0,1
HONR219T,Spring 2015,4.0,1
HONR219Z,Fall 2013,4.0,1
HONR228G,Spring 2018,4.0,1
HONR228J,Fall 2019,3.0,1
HONR228T,Fall 2008,4.0,1
HONR228T,Fall 2009,4.0,2
HONR228T,Fall 2010,4.0,2
HONR228T,Fall 2012,4.0,1
HONR228T,Fall 2016,4.0,1
HONR228T,Spring 2010,3.3,1
HONR228T,Spring 2011,4.0,1
HONR228T,Spring 2012,4.0,1
HONR228V,Spring 2009,4.0,2
HONR228V,Spring 2014,4.0,1
HONR229O,Fall 2009,3.7,1
HONR229O,Fall 2014,4.0,1
HONR229O,Spring 2010,2.7,1
HONR229R,Spring 2020,3.85,2
HONR238C,Fall 2020,4.0,1
HONR238D,Fall 2009,3.75,4
HONR238D,Fall 2011,4.0,2
HONR238D,Fall 2015,4.0,1
HONR238D,Spring 2010,4.0,1
HONR238D,Spring 2011,4.0,1
HONR238D,Spring 2012,4.0,2
HONR238F,Fall 2016,4.0,1
HONR238F,Fall 2019,3.85,2
HONR238F,Spring 2010,4.0,1
HONR238G,Spring 2018,4.0,1
HONR238L,Fall 2009,4.0,2
HONR238L,Spring 2010,4.0,1
HONR238R,Spring 2021,4.0,1
HONR238V,Spring 2019,4.0,1
HONR239B,Fall 2008,3.0,2
HONR239B,Fall 2014,4.0,1
HONR239B,Spring 2018,3.7,1
HONR239B,Spring 2020,4.0,1
HONR239C,Fall 2020,4.0,1
HONR239C,Spring 2009,4.0,1
HONR239C,Spring 2012,4.0,1
HONR239F,Fall 2008,4.0,1
HONR239F,Fall 2009,4.0,1
HONR239F,Spring 2009,3.7,1
HONR239G,Spring 2021,4.0,1
HONR239J,Fall 2019,4.0,2
HONR239N,Spring 2019,4.0,1
HONR248H,Fall 2007,4.0,1
HONR248H,Fall 2009,4.0,1
HONR248J,Spring 2020,4.0,2
HONR248V,Fall 2020,4.0,1
HONR249E,Fall 2008,4.0,1
HONR249E,Spring 2008,4.0,1
HONR258D,Spring 2020,3.3,1
HONR258E,Fall 2019,4.0,1
HONR258E,Spring 2020,3.7,1
HONR258O,Fall 2007,4.0,1
HONR258O,Fall 2009,3.0,1
HONR258O,Fall 2010,4.0,1
HONR258O,Fall 2011,4.0,1
HONR258O,Fall 2012,4.0,1
HONR258O,Fall 2018,3.7,1
HONR258O,Spring 2019,4.0,1
HONR258T,Fall 2008,4.0,1
HONR258T,Fall 2010,4.0,1
HONR258T,Fall 2014,4.0,1
HONR258T,Spring 2020,3.7,1
HONR259C,Spring 2020,4.0,1
HONR259G,Fall 2020,4.0,2
HONR259G,Fall 2021,3.3,1
HONR259L,Fall 2010,4.0,1
HONR259L,Spring 2010,4.0,1
HONR268G,Fall 2021,4.0,1
HONR268L,Fall 2011,3.7,1
HONR268L,Fall 2014,3.7,1
HONR268L,Spring 2012,3.3,1
HONR268N,Fall 2018,4.0,2
HONR268Z,Spring 2021,4.0,1
HONR269E,Fall 2010,4.0,1
HONR269E,Fall 2011,4.0,2
HONR269E,Spring 2011,3.3,1
HONR269E,Spring 2012,4.0,1
HONR269L,Spring 2020,4.0,1
HONR269T,Fall 2020,4.0,1
HONR269V,Fall 2019,4.0,3
HONR278D,Fall 2020,4.0,1
HONR278D,Spring 2018,4.0,1
HONR278E,Spring 2018,4.0,1
HONR278F,Fall 2012,3.7,1
HONR278F,Spring 2008,4.0,1
HONR278G,Fall 2020,4.0,1
HONR278R,Spring 2018,4.0,1
HONR278Z,Spring 2020,3.0,1
HONR279K,Fall 2019,4.0,1
HONR279Y,Spring 2021,4.0,1
HONR288L,Fall 2007,3.7,1
HONR288L,Fall 2010,3.85,2
HONR288L,Spring 2010,4.0,1
HONR288L,Spring 2015,4.0,2
HONR288N,Spring 2013,4.0,1
HONR288O,Fall 2018,3.7,1
HONR288O,Fall 2021,4.0,2
HONR289A,Fall 2007,4.0,1
HONR289A,Spring 2021,4.0,1
HONR289N,Fall 2019,4.0,1
HONR289N,Spring 2016,4.0,1
HONR298J,Spring 2019,4.0,1
HONR298J,Spring 2021,4.0,1
HONR299F,Fall 2024,4.0,1
HONR299F,Spring 2024,4.0,1
HONR299G,Spring 2019,4.0,1
HONR299I,Fall 2019,4.0,1
HONR299K,Spring 2019,4.0,1
HONR299K,Spring 2020,4.0,1
HONR348D,Fall 2019,3.7,1
HONR348D,Spring 2019,3.7,1
HONR348D,Spring 2020,3.85,2
HONR348J,Fall 2014,4.0,1
HONR348M,Fall 2012,4.0,1
HONR348M,Fall 2015,4.0,1
HONR348M,Fall 2020,4.0,1
HONR348M,Spring 2013,4.0,1
HONR359B,Fall 2008,4.0,1
IDEA101,Fall 2020,4.0,2
IDEA101,Fall 2022,4.0,2
IDEA101,Fall 2024,3.81,12
IDEA101,Spring 2021,4.0,2
IDEA101,Spring 2022,4.0,1
IDEA101,Spring 2023,4.0,2
IDEA201,Spring 2024,4.0,3
IDEA258A,Fall 2023,4.0,1
IDEA258A,Spring 2022,3.85,2
IDEA311,Fall 2023,3.35,2
IDEA398C,Fall 2023,4.0,2
IDEA398C,Fall 2024,4.0,2
IMDM101,Fall 2022,4.0,3
IMDM101,Fall 2024,4.0,1
IMDM101,Spring 2023,3.5,2
IMDM101,Spring 2024,4.0,2
IMDM127,Fall 2022,2.7,1
IMDM127,Spring 2024,4.0,2
IMDM150,Fall 2023,4.0,1
IMDM150,Fall 2024,3.7,2
IMDM150,Spring 2021,4.0,1
IMDM150,Spring 2023,3.9,3
IMDM150,Spring 2024,4.0,1
IMDM227,Fall 2023,3.7,1
IMDM227,Fall 2024,3.7,2
IMDM290,Spring 2024,4.0,1
IMMR219C,Spring 2022,4.0,1
INAG100,Spring 2025,3.0,1
INAG102,Fall 2023,3.85,2
INAG102,Spring 2024,3.65,2
INAG103,Fall 2023,4.0,2
INAG103,Spring 2024,4.0,2
INAG105,Spring 2022,4.0,1
INAG105,Spring 2024,3.7,1
INAG106,Fall 2024,4.0,3
INAG110,Fall 2018,3.94,5
INAG110,Fall 2019,4.0,3
INAG110,Fall 2020,4.0,8
INAG110,Fall 2021,3.98,15
INAG110,Fall 2022,3.91,28
INAG110,Fall 2023,3.96,52
INAG110,Fall 2024,3.96,46
INAG110,Spring 2018,3.88,5
INAG110,Spring 2019,3.9,7
INAG110,Spring 2020,3.91,7
INAG110,Spring 2021,3.97,10
INAG110,Spring 2022,3.88,25
INAG110,Spring 2023,4.0,28
INAG110,Spring 2024,3.98,54
INAG110,Spring 2025,3.77,6
INAG110S,Fall 2023,4.0,3
INAG110S,Fall 2024,4.0,2
INAG110S,Spring 2021,4.0,1
INAG110S,Spring 2023,4.0,1
INAG110S,Spring 2024,4.0,1
INAG123,Fall 2023,4.0,1
INAG203,Fall 2024,4.0,1
INAG203,Spring 2025,3.3,1
INAG207,Fall 2024,4.0,1
INAG242,Fall 2024,4.0,1
INAG250,Fall 2022,4.0,1
INAG250,Fall 2023,3.67,3
INAG250,Fall 2024,4.0,7
INAG250,Spring 2022,4.0,1
INAG250,Spring 2023,4.0,1
INAG250,Spring 2024,3.85,2
INAG289,Fall 2024,4.0,2
INAG289,Spring 2025,4.0,1
INFM289I,Fall 2021,4.0,1
INFM289I,Spring 2020,4.0,1
INFM603,Fall 2007,4.0,1
INST104,Fall 2023,4.0,3
INST104,Fall 2024,4.0,6
INST104,Spring 2023,4.0,2
INST104,Spring 2024,4.0,1
INST123,Fall 2021,4.0,2
INST123,Fall 2023,3.77,3
INST123,Fall 2024,4.0,2
INST123,Spring 2020,4.0,1
INST123,Spring 2021,4.0,1
INST123,Spring 2022,4.0,3
INST123,Spring 2023,4.0,2
INST123,Spring 2024,4.0,2
INST126,Fall 2018,4.0,2
INST126,Fall 2019,4.0,1
INST126,Fall 2020,3.5,2
INST126,Fall 2021,1.3,1
INST126,Fall 2022,3.6,10
INST126,Fall 2023,3.88,6
INST126,Fall 2024,3.31,16
INST126,Spring 2020,4.0,2
INST126,Spring 2021,4.0,2
INST126,Spring 2022,3.83,6
INST126,Spring 2023,4.0,4
INST126,Spring 2024,3.6,15
INST126,Spring 2025,4.0,2
INST151,Fall 2023,4.0,1
INST151,Fall 2024,4.0,1
INST152,Fall 2021,4.0,4
INST152,Fall 2022,4.0,4
INST152,Fall 2023,3.57,3
INST152,Fall 2024,4.0,5
INST152,Spring 2019,4.0,1
INST152,Spring 2023,4.0,2
INST152,Spring 2024,3.41,14
INST153,Fall 2023,3.94,5
INST153,Fall 2024,4.0,4
INST153,Spring 2023,4.0,2
INST153,Spring 2024,4.0,3
INST153,Spring 2025,4.0,2
INST154,Fall 2021,4.0,2
INST154,Fall 2022,4.0,3
INST154,Fall 2023,3.9,3
INST154,Spring 2020,4.0,1
INST154,Spring 2021,4.0,3
INST154,Spring 2022,4.0,3
INST154,Spring 2024,4.0,2
INST155,Fall 2021,4.0,1
INST155,Fall 2022,3.9,3
INST155,Fall 2023,4.0,2
INST155,Fall 2024,4.0,7
INST155,Spring 2020,4.0,1
INST155,Spring 2021,3.0,1
INST155,Spring 2022,3.0,1
INST155,Spring 2023,4.0,3
INST155,Spring 2024,4.0,3
INST156,Fall 2023,4.0,1
INST156,Spring 2023,4.0,2
INST156,Spring 2024,4.0,1
INST201,Fall 2019,2.85,2
INST201,Fall 2020,4.0,2
INST201,Fall 2021,4.0,2
INST201,Fall 2022,3.83,6
INST201,Fall 2023,3.7,11
INST201,Fall 2024,4.0,15
INST201,Spring 2019,4.0,1
INST201,Spring 2020,4.0,3
INST201,Spring 2021,3.88,6
INST201,Spring 2022,4.0,7
INST201,Spring 2023,3.14,12
INST201,Spring 2024,3.81,14
INST201,Spring 2025,4.0,2
INST204,Fall 2022,4.0,3
INST204,Fall 2024,4.0,2
INST204,Spring 2023,4.0,2
INST204,Spring 2024,4.0,1
INST208B,Spring 2024,4.0,1
INST208L,Fall 2020,4.0,1
INST208L,Spring 2021,4.0,1
INST210,Fall 2023,4.0,1
INST228,Fall 2024,4.0,1
INST232C,Fall 2023,4.0,1
INST232C,Spring 2023,4.0,1
INST232C,Spring 2024,4.0,2
INST311,Fall 2018,3.85,2
INST311,Fall 2019,4.0,1
INST311,Fall 2020,4.0,1
INST311,Fall 2021,4.0,4
INST311,Fall 2022,3.54,5
INST311,Fall 2023,4.0,5
INST311,Fall 2024,4.0,3
INST311,Spring 2021,4.0,2
INST311,Spring 2022,4.0,1
INST311,Spring 2023,3.71,8
INST311,Spring 2024,4.0,2
INST311,Spring 2025,4.0,1
INST314,Fall 2018,4.0,1
INST314,Fall 2020,4.0,1
INST314,Fall 2021,3.5,2
INST314,Fall 2022,3.33,4
INST314,Fall 2023,3.73,9
INST314,Fall 2024,3.88,5
INST314,Spring 2018,3.0,1
INST314,Spring 2019,4.0,1
INST314,Spring 2021,3.33,6
INST314,Spring 2022,3.83,4
INST314,Spring 2023,3.92,4
INST314,Spring 2024,3.73,6
INST314,Spring 2025,4.0,1
INST326,Fall 2017,4.0,1
INST326,Fall 2019,3.65,2
INST326,Fall 2020,3.3,1
INST326,Fall 2021,3.65,2
INST326,Fall 2022,3.2,5
INST326,Fall 2023,4.0,7
INST326,Fall 2024,3.48,9
INST326,Spring 2020,4.0,2
INST326,Spring 2021,4.0,2
INST326,Spring 2022,3.57,3
INST326,Spring 2023,3.58,4
INST326,Spring 2024,3.25,4
INST326,Spring 2025,4.0,3
INST327,Fall 2018,3.0,1
INST327,Fall 2019,4.0,3
INST327,Fall 2021,4.0,2
INST327,Fall 2022,4.0,1
INST327,Fall 2023,3.62,6
INST327,Fall 2024,3.5,2
INST327,Spring 2023,3.8,5
INST327,Spring 2024,4.0,2
INST335,Fall 2017,3.7,1
INST335,Fall 2018,3.5,2
INST335,Fall 2021,3.85,2
INST335,Fall 2022,4.0,4
INST335,Fall 2023,4.0,2
INST335,Fall 2024,4.0,1
INST335,Spring 2019,2.85,2
INST335,Spring 2020,3.85,2
INST335,Spring 2021,4.0,1
INST335,Spring 2022,4.0,2
INST335,Spring 2023,4.0,1
INST335,Spring 2024,3.92,4
INST341,Fall 2022,4.0,1
INST341,Fall 2023,2.3,1
INST341,Fall 2024,4.0,1
INST346,Fall 2019,4.0,1
INST346,Fall 2020,4.0,2
INST346,Fall 2021,4.0,1
INST346,Fall 2022,4.0,1
INST346,Fall 2023,4.0,2
INST346,Fall 2024,3.86,7
INST346,Spring 2021,3.9,3
INST346,Spring 2022,4.0,1
INST346,Spring 2023,4.0,2
INST346,Spring 2024,4.0,1
INST346,Spring 2025,4.0,1
INST352,Fall 2019,4.0,2
INST352,Fall 2021,4.0,1
INST352,Fall 2022,3.3,1
INST352,Fall 2023,4.0,4
INST352,Fall 2024,3.8,5
INST352,Spring 2022,4.0,1
INST352,Spring 2023,4.0,6
INST352,Spring 2024,4.0,1
INST352,Spring 2025,3.5,2
INST354,Fall 2019,3.65,2
INST354,Fall 2022,3.3,1
INST354,Spring 2022,2.7,1
INST354,Spring 2023,3.9,3
INST362,Fall 2019,4.0,1
INST362,Fall 2020,3.7,1
INST362,Fall 2021,4.0,3
INST362,Fall 2022,4.0,1
INST362,Fall 2023,4.0,2
INST362,Fall 2024,3.83,6
INST362,Spring 2020,4.0,2
INST362,Spring 2023,4.0,3
INST362,Spring 2024,3.92,4
INST362,Spring 2025,3.3,1
INST363,Fall 2024,3.3,1
INST364,Fall 2023,4.0,1
INST364,Fall 2024,3.0,1
INST364,Spring 2023,3.7,1
INST364,Spring 2024,1.7,1
INST366,Fall 2023,4.0,2
INST366,Fall 2024,4.0,3
INST366,Spring 2021,3.85,2
INST366,Spring 2025,4.0,2
INST367,Fall 2023,4.0,1
INST367,Spring 2023,4.0,1
INST371,Fall 2024,4.0,1
INST371,Spring 2023,4.0,1
INST371,Spring 2024,4.0,1
INST377,Fall 2020,4.0,1
INST377,Fall 2021,3.0,1
INST377,Fall 2022,4.0,1
INST377,Fall 2023,3.85,2
INST377,Fall 2024,4.0,1
INST377,Spring 2022,4.0,1
INST377,Spring 2023,4.0,1
INST377,Spring 2024,4.0,2
INST380,Fall 2023,3.0,1
INST380,Spring 2023,4.0,1
INST380,Spring 2024,4.0,3
INST398C,Fall 2024,4.0,1
INST398J,Fall 2023,2.5,2
INST398K,Spring 2025,4.0,1
INST402,Fall 2023,4.0,1
INST402,Spring 2024,3.5,2
INST405,Fall 2024,4.0,1
INST406,Spring 2023,4.0,1
INST408I,Fall 2023,3.3,1
INST408I,Spring 2023,2.3,1
INST408I,Spring 2024,3.0,1
INST408K,Spring 2021,4.0,2
INST408M,Fall 2023,4.0,1
INST408O,Fall 2020,4.0,1
INST408O,Fall 2021,4.0,1
INST408V,Fall 2021,4.0,1
INST408V,Fall 2022,4.0,2
INST408V,Fall 2023,3.14,5
INST408Z,Fall 2023,4.0,1
INST408Z,Fall 2024,4.0,1
INST414,Fall 2019,4.0,2
INST414,Fall 2021,4.0,1
INST414,Fall 2022,4.0,1
INST414,Fall 2023,4.0,3
INST414,Fall 2024,4.0,1
INST414,Spring 2020,3.3,1
INST414,Spring 2023,2.87,3
INST414,Spring 2024,2.83,4
INST441,Spring 2021,4.0,1
INST442,Fall 2024,4.0,1
INST447,Fall 2021,4.0,1
INST447,Fall 2023,3.53,4
INST447,Spring 2022,3.85,2
INST447,Spring 2023,4.0,2
INST447,Spring 2025,3.7,1
INST451,Fall 2024,3.85,2
INST452,Fall 2024,3.3,1
INST453,Fall 2024,4.0,1
INST462,Fall 2019,3.85,2
INST462,Fall 2021,4.0,1
INST462,Fall 2023,3.7,1
INST462,Fall 2024,4.0,4
INST462,Spring 2020,4.0,1
INST462,Spring 2023,4.0,2
INST462,Spring 2024,4.0,3
INST462,Spring 2025,4.0,2
INST464,Fall 2023,4.0,1
INST464,Fall 2024,4.0,1
INST464,Spring 2020,4.0,1
INST466,Fall 2019,3.3,1
INST466,Fall 2020,4.0,1
INST466,Fall 2021,3.85,2
INST466,Fall 2022,4.0,1
INST466,Fall 2023,4.0,1
INST466,Fall 2024,4.0,3
INST466,Spring 2020,3.0,3
INST466,Spring 2022,2.7,1
INST466,Spring 2023,4.0,1
INST466,Spring 2024,4.0,2
INST490,Fall 2019,4.0,3
INST490,Fall 2024,4.0,3
INST490,Spring 2022,4.0,1
INST490,Spring 2023,4.0,1
INST490,Spring 2024,3.9,3
INST490,Spring 2025,3.7,1
INST600,Fall 2024,4.0,1
INST627,Spring 2025,3.7,1
INST641,Spring 2024,4.0,1
INST673,Spring 2020,4.0,1
INST762,Spring 2024,3.3,1
ISRL289I,Fall 2020,4.0,1
ISRL289I,Fall 2021,2.7,1
ISRL289I,Spring 2025,3.3,1
ISRL329B,Fall 2022,4.0,1
ISRL329Y,Fall 2024,4.0,1
ISRL342,Fall 2021,4.0,1
ISRL342,Spring 2018,2.7,1
ISRL448T,Spring 2018,4.0,1
ITAL103,Fall 2011,3.5,2
ITAL103,Fall 2015,3.0,1
ITAL103,Fall 2022,3.3,1
ITAL103,Fall 2023,3.85,2
ITAL103,Fall 2024,4.0,1
ITAL103,Spring 2008,3.0,1
ITAL103,Spring 2009,3.65,2
ITAL103,Spring 2010,4.0,1
ITAL103,Spring 2011,4.0,1
ITAL103,Spring 2012,3.0,1
ITAL103,Spring 2016,4.0,1
ITAL103,Spring 2020,4.0,1
ITAL103,Spring 2022,3.3,1
ITAL203,Fall 2012,3.7,1
ITAL203,Fall 2023,3.3,1
ITAL203,Spring 2013,3.3,1
ITAL203,Spring 2022,4.0,1
ITAL203,Spring 2024,4.0,1
ITAL204,Fall 2010,3.0,1
ITAL207,Spring 2023,4.0,2
ITAL473,Fall 2009,3.0,1
JAPN101,Fall 2009,3.5,2
JAPN101,Fall 2013,4.0,1
JAPN101,Fall 2014,3.3,1
JAPN101,Spring 2011,4.0,1
JAPN101,Spring 2012,3.3,1
JAPN101,Spring 2020,3.7,1
JAPN101,Spring 2024,3.6,4
JAPN102,Spring 2011,4.0,1
JAPN102,Spring 2022,3.7,1
JAPN201,Fall 2007,4.0,1
JAPN201,Fall 2011,3.0,1
JAPN201,Spring 2010,2.3,1
JAPN202,Fall 2014,3.0,1
JAPN202,Spring 2014,4.0,1
JAPN202,Spring 2023,3.3,1
JAPN202,Spring 2024,1.7,1
JAPN302,Fall 2014,4.0,1
JAPN302,Spring 2023,2.3,1
JAPN311,Spring 2021,4.0,1
JAPN421,Spring 2020,4.0,1
JAPN445,Spring 2022,2.7,1
JAPN498A,Fall 2023,4.0,1
JAPN498Z,Spring 2018,4.0,1
JOUR130,Fall 2015,3.7,1
JOUR130,Fall 2017,4.0,1
JOUR130,Fall 2018,4.0,1
JOUR130,Fall 2019,4.0,2
JOUR130,Fall 2021,3.77,3
JOUR130,Fall 2022,3.75,4
JOUR130,Fall 2023,4.0,4
JOUR130,Fall 2024,4.0,5
JOUR130,Spring 2022,4.0,4
JOUR130,Spring 2023,4.0,2
JOUR130,Spring 2024,4.0,4
JOUR150,Fall 2011,4.0,1
JOUR150,Fall 2019,4.0,1
JOUR150,Fall 2020,4.0,1
JOUR150,Fall 2021,4.0,4
JOUR150,Fall 2022,3.8,5
JOUR150,Fall 2023,3.92,4
JOUR150,Fall 2024,3.95,6
JOUR150,Spring 2013,3.85,2
JOUR150,Spring 2015,3.7,1
JOUR150,Spring 2020,3.85,2
JOUR150,Spring 2021,4.0,2
JOUR150,Spring 2022,3.85,2
JOUR150,Spring 2023,3.77,3
JOUR150,Spring 2024,3.6,9
JOUR150,Spring 2025,4.0,3
JOUR152,Spring 2023,4.0,2
JOUR152,Spring 2024,4.0,2
JOUR175,Fall 2009,3.0,1
JOUR175,Fall 2010,3.3,1
JOUR175,Fall 2011,4.0,1
JOUR175,Fall 2012,3.77,3
JOUR175,Fall 2018,3.85,4
JOUR175,Fall 2019,3.7,1
JOUR175,Fall 2020,4.0,1
JOUR175,Fall 2021,3.67,4
JOUR175,Fall 2022,4.0,3
JOUR175,Fall 2023,3.85,2
JOUR175,Fall 2024,3.15,2
JOUR175,Spring 2009,4.0,2
JOUR175,Spring 2010,3.5,2
JOUR175,Spring 2011,3.0,1
JOUR175,Spring 2012,3.0,1
JOUR175,Spring 2013,4.0,1
JOUR175,Spring 2015,3.85,2
JOUR175,Spring 2018,4.0,1
JOUR175,Spring 2020,4.0,2
JOUR175,Spring 2023,4.0,6
JOUR175,Spring 2024,3.0,1
JOUR175,Spring 2025,4.0,1
JOUR181,Fall 2008,2.0,1
JOUR181,Fall 2023,2.57,3
JOUR181,Spring 2023,1.7,1
JOUR181,Spring 2024,3.0,1
JOUR200,Fall 2013,3.3,1
JOUR200,Fall 2018,4.0,1
JOUR200,Fall 2019,4.0,1
JOUR200,Fall 2020,4.0,1
JOUR200,Fall 2021,4.0,2
JOUR200,Fall 2023,3.96,7
JOUR200,Fall 2024,4.0,8
JOUR200,Spring 2018,3.7,1
JOUR200,Spring 2020,4.0,1
JOUR200,Spring 2021,4.0,1
JOUR200,Spring 2023,4.0,3
JOUR200,Spring 2024,4.0,2
JOUR200,Spring 2025,4.0,2
JOUR200U,Spring 2018,4.0,1
JOUR201,Fall 2021,3.7,1
JOUR201,Fall 2023,3.85,2
JOUR201,Fall 2024,4.0,1
JOUR201,Spring 2018,3.0,1
JOUR201,Spring 2020,3.7,1
JOUR201,Spring 2021,3.3,1
JOUR201,Spring 2023,3.2,8
JOUR201,Spring 2024,3.9,3
JOUR202,Fall 2023,3.7,1
JOUR202,Spring 2023,3.3,1
JOUR203,Spring 2013,3.7,1
JOUR262,Spring 2023,3.7,1
JOUR281,Fall 2022,4.0,1
JOUR281,Spring 2022,4.0,2
JOUR282,Fall 2021,3.85,2
JOUR282,Fall 2022,4.0,2
JOUR282,Fall 2023,3.86,5
JOUR282,Spring 2021,4.0,1
JOUR282,Spring 2022,4.0,2
JOUR282,Spring 2023,4.0,1
JOUR282,Spring 2024,4.0,2
JOUR283,Fall 2023,4.0,3
JOUR283,Fall 2024,4.0,1
JOUR283,Spring 2022,4.0,1
JOUR283,Spring 2023,4.0,1
JOUR283,Spring 2024,3.15,2
JOUR284,Fall 2022,4.0,2
JOUR284,Fall 2023,3.57,3
JOUR284,Spring 2021,3.85,2
JOUR284,Spring 2023,4.0,1
JOUR284,Spring 2024,3.65,2
JOUR289E,Fall 2020,4.0,1
JOUR289E,Spring 2018,4.0,1
JOUR289F,Spring 2020,4.0,1
JOUR289F,Spring 2021,4.0,1
JOUR289I,Fall 2016,3.0,2
JOUR289I,Fall 2023,4.0,1
JOUR289I,Spring 2012,3.85,2
JOUR289I,Spring 2023,4.0,2
JOUR289P,Spring 2021,4.0,1
JOUR300,Spring 2010,3.0,1
JOUR320,Fall 2012,3.3,1
JOUR320,Fall 2021,3.3,1
JOUR320,Fall 2023,3.67,4
JOUR320,Fall 2024,3.71,7
JOUR320,Spring 2020,4.0,1
JOUR320,Spring 2023,3.0,1
JOUR320,Spring 2024,3.35,2
JOUR324,Spring 2013,4.0,1
JOUR328C,Spring 2024,4.0,1
JOUR328I,Fall 2023,4.0,1
JOUR328M,Spring 2012,4.0,1
JOUR347,Fall 2024,4.0,1
JOUR347,Spring 2024,4.0,2
JOUR350,Fall 2010,4.0,1
JOUR352,Fall 2010,4.0,1
JOUR352,Fall 2024,4.0,1
JOUR360,Fall 2008,3.7,1
JOUR360,Fall 2022,3.3,1
JOUR360,Fall 2023,4.0,1
JOUR360,Spring 2022,3.3,1
JOUR360,Spring 2023,3.7,1
JOUR360,Spring 2024,4.0,1
JOUR361,Spring 2020,4.0,1
JOUR368I,Spring 2022,4.0,1
JOUR368X,Fall 2024,4.0,1
JOUR368Y,Spring 2025,3.7,1
JOUR370,Fall 2022,3.7,1
JOUR370,Fall 2024,4.0,1
JOUR370,Spring 2023,3.7,1
JOUR370,Spring 2024,4.0,1
JOUR400,Fall 2010,4.0,1
JOUR400,Fall 2012,4.0,1
JOUR402,Fall 2020,3.65,2
JOUR402,Fall 2024,4.0,4
JOUR402,Spring 2022,4.0,1
JOUR402,Spring 2025,4.0,1
JOUR405,Spring 2023,3.0,1
JOUR453,Fall 2024,3.85,2
JOUR455,Fall 2022,4.0,1
JOUR455,Spring 2023,0.7,1
JOUR456,Fall 2021,4.0,1
JOUR456,Fall 2023,3.7,1
JOUR458F,Spring 2025,3.0,1
JOUR458L,Spring 2020,4.0,1
JOUR458V,Fall 2024,4.0,1
JOUR458V,Spring 2024,4.0,1
JOUR459R,Fall 2022,3.7,2
JOUR471,Fall 2023,2.7,1
JOUR476,Spring 2023,4.0,1
JOUR772,Fall 2022,4.0,1
JWST141,Fall 2021,4.0,1
JWST141,Fall 2023,2.0,1
JWST141,Fall 2024,2.23,3
JWST141,Spring 2025,2.0,1
JWST171,Fall 2023,4.0,1
JWST171,Fall 2024,3.67,3
JWST171,Spring 2024,4.0,1
JWST187,Fall 2021,4.0,2
JWST219O,Spring 2025,4.0,1
JWST225,Spring 2020,4.0,1
JWST230,Fall 2022,4.0,1
JWST262,Fall 2021,4.0,1
JWST262,Fall 2024,3.7,1
JWST272,Fall 2021,1.7,1
JWST272,Fall 2024,3.35,2
JWST272,Spring 2008,3.3,1
JWST272,Spring 2023,4.0,1
JWST272,Spring 2025,4.0,1
JWST274,Fall 2024,4.0,2
JWST275,Fall 2024,3.7,1
JWST281,Spring 2024,4.0,1
JWST289J,Fall 2020,4.0,1
JWST289J,Spring 2021,4.0,1
JWST289J,Spring 2024,4.0,1
JWST345,Fall 2021,4.0,1
JWST345,Spring 2022,1.0,1
KNES100N,Spring 2023,4.0,1
KNES100O,Spring 2020,4.0,1
KNES120A,Fall 2022,4.0,1
KNES132N,Fall 2023,4.0,1
KNES137N,Fall 2023,4.0,1
KNES137O,Fall 2023,4.0,1
KNES144Q,Fall 2019,4.0,1
KNES144Q,Spring 2024,4.0,3
KNES144R,Fall 2024,4.0,1
KNES144R,Spring 2009,4.0,1
KNES144T,Spring 2012,4.0,1
KNES144T,Spring 2024,4.0,1
KNES151,Fall 2023,4.0,1
KNES151,Fall 2024,4.0,1
KNES157N,Fall 2022,4.0,1
KNES157N,Fall 2023,4.0,1
KNES157N,Spring 2019,4.0,1
KNES161C,Spring 2023,4.0,1
KNES161N,Spring 2023,4.0,1
KNES161T,Fall 2020,4.0,1
KNES161T,Fall 2024,4.0,2
KNES173,Fall 2024,4.0,2
KNES200,Fall 2022,4.0,1
KNES200,Fall 2023,4.0,2
KNES200,Fall 2024,4.0,1
KNES200,Spring 2022,4.0,1
KNES200,Spring 2023,3.85,2
KNES201,Spring 2021,3.3,1
KNES214,Fall 2023,3.3,1
KNES214,Spring 2023,3.35,2
KNES225,Fall 2021,4.0,1
KNES225,Fall 2023,3.85,2
KNES225,Fall 2024,4.0,1
KNES225,Spring 2023,3.7,1
KNES226,Fall 2021,3.85,2
KNES226,Fall 2023,4.0,1
KNES226,Fall 2024,3.9,3
KNES226,Spring 2022,3.47,3
KNES226,Spring 2023,4.0,1
KNES246,Spring 2023,3.3,1
KNES246,Spring 2024,3.7,1
KNES260,Fall 2010,4.0,1
KNES260,Fall 2011,2.0,1
KNES260,Spring 2010,4.0,1
KNES260,Spring 2023,3.7,1
KNES260,Spring 2024,4.0,1
KNES282,Fall 2023,3.5,2
KNES282,Spring 2023,4.0,1
KNES285,Fall 2022,3.8,5
KNES285,Fall 2023,3.3,8
KNES285,Spring 2023,4.0,4
KNES285,Spring 2024,3.65,4
KNES287,Fall 2008,3.0,2
KNES287,Fall 2011,4.0,1
KNES287,Fall 2013,4.0,1
KNES287,Fall 2018,3.3,1
KNES287,Fall 2022,3.7,1
KNES287,Fall 2023,3.7,1
KNES287,Fall 2024,3.57,3
KNES287,Spring 2012,3.0,1
KNES287,Spring 2016,3.0,1
KNES287,Spring 2018,3.0,1
KNES287,Spring 2020,3.0,1
KNES287,Spring 2023,3.9,3
KNES287,Spring 2024,4.0,2
KNES289B,Fall 2024,3.3,1
KNES289F,Spring 2023,4.0,1
KNES289F,Spring 2024,4.0,1
KNES289L,Fall 2021,4.0,1
KNES289L,Spring 2021,4.0,1
KNES289L,Spring 2023,4.0,1
KNES289R,Fall 2019,4.0,1
KNES289R,Fall 2020,3.7,1
KNES289R,Spring 2018,3.0,1
KNES289W,Fall 2018,3.7,1
KNES293,Fall 2018,3.3,1
KNES293,Fall 2020,4.0,1
KNES293,Fall 2021,4.0,1
KNES293,Spring 2016,3.0,1
KNES293,Spring 2019,3.0,1
KNES293,Spring 2021,2.65,2
KNES300,Fall 2020,4.0,1
KNES300,Fall 2022,4.0,1
KNES300,Fall 2023,3.5,2
KNES300,Spring 2023,3.35,2
KNES300,Spring 2024,4.0,2
KNES305,Fall 2023,3.0,1
KNES306,Fall 2024,4.0,1
KNES320,Fall 2022,4.0,1
KNES320,Fall 2023,3.7,1
KNES320,Fall 2024,3.76,8
KNES320,Spring 2022,3.75,4
KNES320,Spring 2023,3.85,2
KNES320,Spring 2024,3.46,5
KNES347,Spring 2025,3.0,1
KNES350,Fall 2010,4.0,2
KNES350,Fall 2022,3.5,2
KNES350,Fall 2023,4.0,1
KNES350,Fall 2024,4.0,1
KNES350,Spring 2009,4.0,1
KNES350,Spring 2011,4.0,1
KNES350,Spring 2012,4.0,1
KNES350,Spring 2023,3.6,6
KNES355,Fall 2011,3.0,1
KNES355,Spring 2024,2.7,1
KNES360,Fall 2008,1.7,1
KNES360,Fall 2021,3.7,1
KNES360,Fall 2023,4.0,1
KNES360,Fall 2024,4.0,2
KNES360,Spring 2014,3.0,1
KNES360,Spring 2023,4.0,1
KNES370,Fall 2022,3.1,3
KNES370,Fall 2024,4.0,1
KNES370,Spring 2021,2.3,1
KNES370,Spring 2022,2.7,1
KNES370,Spring 2023,3.77,3
KNES370,Spring 2025,3.7,1
KNES385,Fall 2023,4.0,1
KNES385,Fall 2024,3.3,1
KNES385,Spring 2021,0.0,1
KNES385,Spring 2024,4.0,1
KNES385,Spring 2025,3.3,1
KNES386,Spring 2012,3.0,1
KNES389E,Fall 2011,4.0,1
KNES389E,Spring 2014,4.0,1
KNES389E,Spring 2015,4.0,1
KNES400,Fall 2020,4.0,1
KNES401,Spring 2023,4.0,1
KNES405,Fall 2022,3.3,2
KNES442,Fall 2011,3.0,1
KNES442,Spring 2015,3.3,1
KNES442,Spring 2023,4.0,1
KNES442,Spring 2024,2.3,1
KNES451,Fall 2011,4.0,1
KNES451,Fall 2022,4.0,1
KNES451,Spring 2024,4.0,1
KNES460,Fall 2024,4.0,1
KNES462,Fall 2011,4.0,1
KNES462,Fall 2012,4.0,1
KNES462,Spring 2012,4.0,2
KNES483,Fall 2024,2.7,1
KNES484,Fall 2021,2.0,1
KNES485,Fall 2023,3.7,1
KNES485,Spring 2024,3.7,2
KNES497,Fall 2015,4.0,1
KNES497,Fall 2021,4.0,1
KNES498A,Fall 2023,4.0,1
KNES498O,Fall 2024,3.7,1
KNES498T,Fall 2011,3.0,1
KNES498V,Fall 2024,3.5,2
KORA102,Spring 2010,4.0,1
KORA211,Fall 2010,4.0,1
KORA211,Spring 2012,3.0,1
KORA212,Spring 2011,4.0,2
KORA311,Fall 2010,4.0,1
KORA311,Fall 2015,3.5,2
LACS234,Fall 2022,3.0,1
LACS234,Fall 2023,4.0,2
LACS234,Spring 2023,3.15,2
LACS235,Fall 2024,4.0,1
LACS235,Spring 2023,3.14,5
LARC121,Fall 2024,4.0,3
LARC151,Fall 2018,4.0,3
LARC151,Fall 2019,4.0,1
LARC151,Fall 2020,4.0,1
LARC151,Fall 2021,4.0,1
LARC151,Fall 2022,4.0,2
LARC151,Fall 2023,4.0,6
LARC151,Fall 2024,3.57,3
LARC151,Spring 2019,4.0,1
LARC151,Spring 2021,4.0,1
LARC151,Spring 2022,4.0,1
LARC151,Spring 2023,4.0,1
LARC151,Spring 2024,4.0,2
LARC151,Spring 2025,4.0,3
LARC160,Fall 2016,4.0,1
LARC160,Fall 2022,3.3,1
LARC160,Fall 2023,4.0,1
LARC160,Fall 2024,3.85,2
LARC160,Spring 2019,4.0,1
LARC160,Spring 2020,3.7,1
LARC160,Spring 2021,3.5,2
LARC160,Spring 2023,4.0,3
LARC160,Spring 2024,4.0,4
LARC162,Spring 2025,4.0,1
LARC240,Spring 2024,4.0,1
LARC321,Spring 2023,4.0,1
LARC321,Spring 2024,4.0,1
LARC341,Fall 2009,4.0,1
LARC640,Spring 2024,4.0,1
LASC251,Spring 2025,3.7,1
LATN101,Spring 2025,4.0,1
LATN102,Spring 2024,2.3,1
LATN201,Fall 2022,4.0,1
LBSC602,Fall 2022,4.0,1
LBSC645,Fall 2020,4.0,1
LBSC645,Fall 2024,4.0,1
LEAD217,Fall 2023,4.0,2
LEAD217,Fall 2024,4.0,3
LEAD217,Spring 2024,4.0,4
LEAD315,Fall 2023,3.85,2
LGBT200,Fall 2017,3.7,1
LGBT200,Fall 2020,4.0,1
LGBT200,Fall 2021,4.0,1
LGBT200,Fall 2022,4.0,5
LGBT200,Fall 2023,3.0,2
LGBT200,Fall 2024,4.0,3
LGBT200,Spring 2022,3.75,4
LGBT200,Spring 2023,4.0,2
LGBT200,Spring 2024,4.0,3
LGBT200,Spring 2025,4.0,1
LGBT265,Fall 2024,4.0,1
LGBT310,Fall 2024,4.0,2
LING200,Fall 2007,4.0,1
LING200,Fall 2008,3.0,1
LING200,Fall 2009,4.0,2
LING200,Fall 2010,3.0,1
LING200,Fall 2011,3.3,1
LING200,Fall 2014,4.0,1
LING200,Fall 2023,3.33,3
LING200,Fall 2024,4.0,1
LING200,Spring 2010,4.0,4
LING200,Spring 2011,3.65,2
LING200,Spring 2014,2.0,1
LING200,Spring 2021,4.0,3
LING200,Spring 2022,2.7,1
LING200,Spring 2024,4.0,1
LING240,Fall 2011,2.0,1
LING240,Fall 2012,4.0,1
LING240,Fall 2017,3.35,2
LING240,Fall 2020,4.0,1
LING240,Fall 2023,4.0,1
LING240,Fall 2024,4.0,1
LING240,Spring 2014,4.0,1
LING240,Spring 2021,4.0,1
LING240,Spring 2022,3.3,1
LING240,Spring 2023,3.35,2
LING240,Spring 2024,4.0,3
LING262,Fall 2023,2.3,1
LING262,Spring 2024,3.3,1
LING272,Fall 2020,4.0,1
LING311,Fall 2017,3.85,2
LING311,Fall 2022,4.0,1
LING311,Fall 2023,4.0,1
LING311,Fall 2024,3.0,1
LING311,Spring 2020,4.0,1
LING311,Spring 2024,3.0,1
LING312,Spring 2010,3.0,1
LING312,Spring 2024,4.0,1
LING320,Fall 2024,4.0,2
LING321,Fall 2022,4.0,1
LING321,Spring 2012,4.0,1
LING321,Spring 2018,4.0,1
LING322,Spring 2012,4.0,1
LING410,Fall 2021,4.0,1
LING410,Fall 2022,4.0,1
LING440,Fall 2022,4.0,1
LING440,Spring 2025,4.0,1
LING444,Fall 2009,4.0,1
LING444,Spring 2021,4.0,1
MATH003,Fall 2008,4.0,1
MATH003,Fall 2013,3.0,1
MATH003,Fall 2022,4.0,3
MATH003,Fall 2023,3.0,2
MATH003,Fall 2024,3.85,4
MATH003,Spring 2020,1.3,1
MATH003,Spring 2021,3.3,1
MATH010,Fall 2013,3.0,1
MATH011,Fall 2008,4.0,1
MATH011,Fall 2009,4.0,1
MATH013,Fall 2008,4.0,1
MATH013,Fall 2010,4.0,1
MATH013,Fall 2011,3.0,1
MATH013,Fall 2022,3.33,3
MATH013,Fall 2023,2.8,3
MATH013,Fall 2024,4.0,1
MATH013,Spring 2010,4.0,1
MATH013,Spring 2011,4.0,1
MATH013,Spring 2023,3.5,4
MATH013,Spring 2024,2.35,2
MATH015,Fall 2021,4.0,1
MATH015,Fall 2024,3.7,1
MATH015,Spring 2008,4.0,1
MATH015,Spring 2024,0.0,1
MATH015,Spring 2025,4.0,1
MATH107,Fall 2019,3.0,2
MATH107,Fall 2020,3.3,1
MATH107,Fall 2022,3.67,3
MATH107,Fall 2023,2.65,2
MATH107,Fall 2024,3.1,7
MATH107,Spring 2023,3.62,8
MATH107,Spring 2024,3.33,3
MATH107,Spring 2025,2.8,2
MATH110,Fall 2009,3.5,2
MATH110,Spring 2011,4.0,1
MATH111,Fall 2007,4.0,3
MATH111,Fall 2008,3.5,4
MATH111,Fall 2009,4.0,2
MATH111,Fall 2010,3.43,3
MATH111,Fall 2011,4.0,1
MATH111,Fall 2014,3.85,2
MATH111,Spring 2008,4.0,1
MATH111,Spring 2010,4.0,1
MATH111,Spring 2011,3.65,2
MATH111,Spring 2012,4.0,1
MATH113,Fall 2009,3.65,4
MATH113,Fall 2010,4.0,1
MATH113,Fall 2011,3.0,1
MATH113,Fall 2012,4.0,1
MATH113,Fall 2014,4.0,1
MATH113,Fall 2020,3.14,5
MATH113,Fall 2021,2.54,8
MATH113,Fall 2022,2.64,13
MATH113,Fall 2023,2.54,34
MATH113,Fall 2024,2.7,34
MATH113,Spring 2010,4.0,2
MATH113,Spring 2012,4.0,1
MATH113,Spring 2020,4.0,1
MATH113,Spring 2021,1.15,2
MATH113,Spring 2022,3.5,4
MATH113,Spring 2023,2.43,19
MATH113,Spring 2024,2.26,12
MATH113,Spring 2025,4.0,1
MATH115,Fall 2007,4.0,1
MATH115,Fall 2013,2.5,2
MATH115,Fall 2017,4.0,1
MATH115,Fall 2018,3.65,2
MATH115,Fall 2019,1.7,1
MATH115,Fall 2020,3.66,5
MATH115,Fall 2021,2.95,6
MATH115,Fall 2022,2.88,12
MATH115,Fall 2023,2.78,16
MATH115,Fall 2024,3.15,20
MATH115,Spring 2008,2.0,1
MATH115,Spring 2016,1.0,2
MATH115,Spring 2018,1.7,1
MATH115,Spring 2019,3.5,2
MATH115,Spring 2021,3.8,3
MATH115,Spring 2022,2.08,5
MATH115,Spring 2023,1.7,1
MATH115,Spring 2024,2.65,6
MATH120,Fall 2017,4.0,1
MATH120,Fall 2019,2.85,6
MATH120,Fall 2020,3.19,9
MATH120,Fall 2021,3.64,12
MATH120,Fall 2022,3.75,32
MATH120,Fall 2023,3.71,28
MATH120,Fall 2024,3.6,45
MATH120,Spring 2018,3.5,2
MATH120,Spring 2019,2.7,1
MATH120,Spring 2020,1.86,5
MATH120,Spring 2021,3.57,7
MATH120,Spring 2022,3.03,18
MATH120,Spring 2023,3.75,33
MATH120,Spring 2024,3.66,37
MATH120,Spring 2025,3.4,6
MATH121,Fall 2024,4.0,1
MATH121,Spring 2021,4.0,1
MATH121,Spring 2023,3.0,1
MATH121,Spring 2024,3.0,1
MATH130,Fall 2009,4.0,1
MATH130,Fall 2010,3.67,3
MATH130,Fall 2011,4.0,1
MATH130,Fall 2012,3.47,3
MATH130,Fall 2013,3.5,2
MATH130,Fall 2015,3.3,1
MATH130,Spring 2009,2.5,2
MATH130,Spring 2010,3.5,2
MATH130,Spring 2011,4.0,1
MATH130,Spring 2012,4.0,1
MATH130,Spring 2013,3.7,1
MATH131,Fall 2009,4.0,3
MATH131,Fall 2010,3.9,3
MATH131,Fall 2011,3.5,2
MATH131,Fall 2012,3.0,1
MATH131,Fall 2013,3.7,1
MATH131,Fall 2018,3.0,1
MATH131,Spring 2010,3.59,8
MATH131,Spring 2011,4.0,2
MATH131,Spring 2012,3.5,2
MATH131,Spring 2013,4.0,1
MATH131,Spring 2014,4.0,1
MATH131,Spring 2016,2.0,1
MATH131,Spring 2018,4.0,1
MATH135,Fall 2018,4.0,1
MATH135,Fall 2019,3.85,2
MATH135,Fall 2020,3.5,2
MATH135,Fall 2021,4.0,2
MATH135,Fall 2022,3.86,21
MATH135,Fall 2023,3.65,16
MATH135,Fall 2024,3.72,34
MATH135,Spring 2019,3.5,2
MATH135,Spring 2020,3.7,1
MATH135,Spring 2021,3.7,1
MATH135,Spring 2022,4.0,1
MATH135,Spring 2023,3.89,13
MATH135,Spring 2024,3.81,7
MATH135,Spring 2025,3.5,2
MATH136,Fall 2020,4.0,1
MATH136,Fall 2022,4.0,3
MATH136,Fall 2023,4.0,2
MATH136,Fall 2024,3.96,8
MATH136,Spring 2022,3.2,3
MATH136,Spring 2023,3.58,4
MATH136,Spring 2024,3.15,2
MATH140,Fall 2007,2.0,1
MATH140,Fall 2008,3.61,11
MATH140,Fall 2009,2.9,3
MATH140,Fall 2010,3.11,12
MATH140,Fall 2011,3.5,4
MATH140,Fall 2012,4.0,2
MATH140,Fall 2013,4.0,1
MATH140,Fall 2014,3.3,1
MATH140,Fall 2015,4.0,1
MATH140,Fall 2017,3.0,1
MATH140,Fall 2018,2.34,10
MATH140,Fall 2019,3.24,7
MATH140,Fall 2020,2.88,8
MATH140,Fall 2021,3.01,19
MATH140,Fall 2022,3.12,38
MATH140,Fall 2023,3.24,43
MATH140,Fall 2024,3.56,65
MATH140,Spring 2009,1.5,2
MATH140,Spring 2010,3.23,6
MATH140,Spring 2011,2.54,5
MATH140,Spring 2012,3.5,2
MATH140,Spring 2015,2.0,1
MATH140,Spring 2016,3.0,1
MATH140,Spring 2018,3.33,4
MATH140,Spring 2019,4.0,3
MATH140,Spring 2020,3.82,5
MATH140,Spring 2021,2.69,9
MATH140,Spring 2022,3.35,17
MATH140,Spring 2023,2.96,34
MATH140,Spring 2024,3.13,20
MATH140,Spring 2025,2.8,5
MATH140H,Fall 2008,4.0,1
MATH140H,Fall 2018,2.3,1
MATH140H,Fall 2022,4.0,1
MATH140H,Fall 2023,3.4,6
MATH140H,Fall 2024,4.0,1
MATH140H,Spring 2021,4.0,1
MATH140H,Spring 2022,3.85,2
MATH140H,Spring 2024,4.0,1
MATH141,Fall 2007,2.85,2
MATH141,Fall 2008,3.17,6
MATH141,Fall 2009,3.38,8
MATH141,Fall 2010,3.28,6
MATH141,Fall 2011,2.8,5
MATH141,Fall 2012,2.0,1
MATH141,Fall 2013,4.0,1
MATH141,Fall 2014,3.0,1
MATH141,Fall 2015,3.0,1
MATH141,Fall 2016,3.35,2
MATH141,Fall 2017,2.7,1
MATH141,Fall 2018,2.94,5
MATH141,Fall 2019,2.89,9
MATH141,Fall 2020,3.39,9
MATH141,Fall 2021,3.2,27
MATH141,Fall 2022,3.41,41
MATH141,Fall 2023,3.35,40
MATH141,Fall 2024,3.32,38
MATH141,Spring 2008,3.5,2
MATH141,Spring 2009,3.05,6
MATH141,Spring 2010,3.12,5
MATH141,Spring 2011,2.97,12
MATH141,Spring 2012,2.92,4
MATH141,Spring 2013,3.0,1
MATH141,Spring 2014,3.5,2
MATH141,Spring 2015,4.0,1
MATH141,Spring 2016,1.7,1
MATH141,Spring 2018,3.42,4
MATH141,Spring 2019,3.02,6
MATH141,Spring 2020,2.2,2
MATH141,Spring 2021,3.6,20
MATH141,Spring 2022,3.42,18
MATH141,Spring 2023,3.45,50
MATH141,Spring 2024,3.13,39
MATH141,Spring 2025,3.55,6
MATH141H,Fall 2008,3.3,1
MATH141H,Fall 2009,4.0,1
MATH141H,Fall 2020,3.33,3
MATH141H,Fall 2021,3.0,1
MATH141H,Fall 2023,3.15,2
MATH141H,Fall 2024,3.92,12
MATH141H,Spring 2019,4.0,1
MATH141H,Spring 2020,3.7,1
MATH141H,Spring 2022,2.0,1
MATH141H,Spring 2023,3.0,4
MATH141H,Spring 2024,3.74,5
MATH141H,Spring 2025,4.0,1
MATH206,Fall 2011,4.0,1
MATH206,Fall 2012,4.0,2
MATH206,Fall 2014,4.0,1
MATH206,Fall 2019,4.0,3
MATH206,Fall 2022,3.54,5
MATH206,Fall 2023,4.0,2
MATH206,Fall 2024,4.0,1
MATH206,Spring 2013,4.0,1
MATH206,Spring 2015,4.0,1
MATH206,Spring 2018,4.0,1
MATH206,Spring 2019,3.85,2
MATH206,Spring 2020,4.0,2
MATH206,Spring 2021,4.0,4
MATH206,Spring 2022,4.0,3
MATH206,Spring 2023,4.0,5
MATH206,Spring 2024,4.0,5
MATH206,Spring 2025,4.0,1
MATH212,Fall 2008,3.3,1
MATH212,Fall 2022,4.0,3
MATH212,Fall 2024,3.65,2
MATH212,Spring 2022,4.0,2
MATH212,Spring 2024,4.0,2
MATH213,Fall 2023,3.7,1
MATH213,Fall 2024,3.5,2
MATH213,Spring 2019,4.0,1
MATH213,Spring 2022,4.0,1
MATH213,Spring 2023,4.0,1
MATH213,Spring 2025,4.0,1
MATH220,Fall 2008,3.71,7
MATH220,Fall 2009,3.67,9
MATH220,Fall 2010,2.58,4
MATH220,Fall 2011,4.0,5
MATH220,Spring 2008,3.65,2
MATH220,Spring 2009,3.17,10
MATH220,Spring 2010,3.75,4
MATH220,Spring 2011,3.79,8
MATH220,Spring 2013,4.0,2
MATH220,Spring 2016,4.0,1
MATH221,Fall 2007,4.0,4
MATH221,Fall 2008,3.0,3
MATH221,Fall 2009,3.5,2
MATH221,Fall 2010,4.0,2
MATH221,Fall 2011,3.5,2
MATH221,Spring 2009,3.7,1
MATH221,Spring 2011,4.0,1
MATH221,Spring 2012,4.0,2
MATH221,Spring 2013,4.0,1
MATH221,Spring 2015,3.0,1
MATH240,Fall 2007,3.0,1
MATH240,Fall 2008,3.7,2
MATH240,Fall 2010,3.0,1
MATH240,Fall 2011,3.0,1
MATH240,Fall 2012,4.0,1
MATH240,Fall 2013,2.3,1
MATH240,Fall 2014,3.35,2
MATH240,Fall 2017,4.0,1
MATH240,Fall 2018,2.67,4
MATH240,Fall 2019,2.55,6
MATH240,Fall 2020,3.57,6
MATH240,Fall 2021,3.55,13
MATH240,Fall 2022,3.13,29
MATH240,Fall 2023,3.48,36
MATH240,Fall 2024,3.6,26
MATH240,Spring 2008,3.42,4
MATH240,Spring 2009,3.94,5
MATH240,Spring 2010,4.0,1
MATH240,Spring 2011,3.33,3
MATH240,Spring 2012,3.75,4
MATH240,Spring 2013,3.5,2
MATH240,Spring 2018,3.3,1
MATH240,Spring 2019,4.0,3
MATH240,Spring 2020,3.67,3
MATH240,Spring 2021,3.57,10
MATH240,Spring 2022,3.34,12
MATH240,Spring 2023,3.3,31
MATH240,Spring 2024,3.33,36
MATH240,Spring 2025,3.0,4
MATH241,Fall 2007,3.5,2
MATH241,Fall 2008,3.92,12
MATH241,Fall 2009,3.36,12
MATH241,Fall 2010,3.48,14
MATH241,Fall 2011,3.27,12
MATH241,Fall 2012,3.74,5
MATH241,Fall 2013,3.38,6
MATH241,Fall 2014,3.75,4
MATH241,Fall 2015,2.0,1
MATH241,Fall 2017,3.5,2
MATH241,Fall 2018,2.93,6
MATH241,Fall 2019,3.67,9
MATH241,Fall 2020,3.61,15
MATH241,Fall 2021,3.84,8
MATH241,Fall 2022,3.34,27
MATH241,Fall 2023,3.42,37
MATH241,Fall 2024,3.69,41
MATH241,Spring 2008,3.3,1
MATH241,Spring 2009,3.12,11
MATH241,Spring 2010,2.77,3
MATH241,Spring 2011,3.7,10
MATH241,Spring 2012,3.5,6
MATH241,Spring 2013,3.4,5
MATH241,Spring 2014,3.57,3
MATH241,Spring 2015,3.58,4
MATH241,Spring 2018,4.0,1
MATH241,Spring 2019,3.67,4
MATH241,Spring 2020,3.97,9
MATH241,Spring 2021,3.46,8
MATH241,Spring 2022,3.63,17
MATH241,Spring 2023,3.57,15
MATH241,Spring 2024,3.47,32
MATH241,Spring 2025,3.71,7
MATH241H,Fall 2018,4.0,3
MATH241H,Fall 2019,4.0,1
MATH241H,Fall 2020,4.0,1
MATH241H,Fall 2021,3.33,3
MATH241H,Fall 2022,3.54,10
MATH241H,Fall 2023,3.74,10
MATH241H,Fall 2024,3.43,11
MATH241H,Spring 2011,4.0,3
MATH241H,Spring 2013,2.0,1
MATH241H,Spring 2019,4.0,1
MATH241H,Spring 2020,3.0,1
MATH241H,Spring 2021,3.5,2
MATH241H,Spring 2022,3.7,1
MATH241H,Spring 2023,3.33,3
MATH241H,Spring 2024,3.33,4
MATH241H,Spring 2025,3.6,5
MATH243,Fall 2024,3.85,2
MATH246,Fall 2008,3.0,4
MATH246,Fall 2009,3.33,3
MATH246,Fall 2010,4.0,1
MATH246,Fall 2011,3.0,4
MATH246,Fall 2012,3.42,4
MATH246,Fall 2013,3.75,4
MATH246,Fall 2014,3.42,4
MATH246,Fall 2016,4.0,1
MATH246,Fall 2017,2.85,2
MATH246,Fall 2018,2.8,3
MATH246,Fall 2019,2.67,4
MATH246,Fall 2020,3.85,6
MATH246,Fall 2021,3.53,14
MATH246,Fall 2022,3.37,7
MATH246,Fall 2023,3.53,20
MATH246,Fall 2024,3.6,29
MATH246,Spring 2008,4.0,2
MATH246,Spring 2009,3.29,7
MATH246,Spring 2010,3.67,7
MATH246,Spring 2011,4.0,4
MATH246,Spring 2012,3.5,2
MATH246,Spring 2013,3.3,8
MATH246,Spring 2014,3.0,2
MATH246,Spring 2016,4.0,1
MATH246,Spring 2018,4.0,1
MATH246,Spring 2019,3.45,4
MATH246,Spring 2020,4.0,2
MATH246,Spring 2021,3.37,10
MATH246,Spring 2022,3.69,14
MATH246,Spring 2023,3.38,36
MATH246,Spring 2024,3.52,21
MATH246,Spring 2025,3.9,3
MATH246H,Fall 2010,4.0,1
MATH246H,Fall 2011,3.3,1
MATH246H,Fall 2018,3.0,1
MATH246H,Fall 2019,4.0,1
MATH246H,Fall 2020,3.85,2
MATH246H,Fall 2021,2.85,2
MATH246H,Fall 2022,3.56,5
MATH246H,Fall 2024,3.5,4
MATH246H,Spring 2009,4.0,1
MATH246H,Spring 2010,4.0,1
MATH246H,Spring 2019,4.0,4
MATH246H,Spring 2021,4.0,1
MATH246H,Spring 2022,3.33,3
MATH246H,Spring 2023,3.47,3
MATH246H,Spring 2024,4.0,3
MATH274,Fall 2024,4.0,1
MATH274,Spring 2022,2.0,1
MATH299B,Fall 2024,4.0,1
MATH310,Fall 2011,3.0,1
MATH310,Fall 2014,4.0,1
MATH310,Fall 2017,4.0,1
MATH310,Fall 2020,2.8,2
MATH310,Fall 2023,3.43,6
MATH310,Fall 2024,3.37,7
MATH310,Spring 2009,4.0,1
MATH310,Spring 2010,3.7,1
MATH310,Spring 2014,2.0,1
MATH310,Spring 2016,3.35,2
MATH310,Spring 2019,3.3,1
MATH310,Spring 2020,2.0,1
MATH310,Spring 2021,3.23,6
MATH310,Spring 2022,2.67,3
MATH310,Spring 2023,3.46,8
MATH310,Spring 2024,3.7,8
MATH310,Spring 2025,2.7,1
MATH312,Fall 2024,2.3,2
MATH340,Fall 2008,4.0,1
MATH340,Fall 2009,3.0,2
MATH340,Fall 2018,4.0,3
MATH340,Fall 2021,4.0,1
MATH340,Fall 2022,4.0,6
MATH340,Fall 2023,3.96,7
MATH340,Fall 2024,3.48,5
MATH340,Spring 2009,2.0,1
MATH340,Spring 2011,3.0,1
MATH340,Spring 2013,4.0,1
MATH340,Spring 2015,4.0,4
MATH340,Spring 2018,3.6,4
MATH340,Spring 2020,4.0,1
MATH340,Spring 2021,3.35,2
MATH340,Spring 2023,3.52,5
MATH340,Spring 2024,4.0,1
MATH341,Fall 2011,4.0,1
MATH341,Fall 2018,4.0,1
MATH341,Fall 2023,4.0,2
MATH341,Spring 2009,3.0,1
MATH341,Spring 2018,3.7,2
MATH341,Spring 2019,4.0,1
MATH341,Spring 2021,4.0,1
MATH341,Spring 2023,3.94,5
MATH341,Spring 2024,4.0,1
MATH401,Fall 2012,4.0,1
MATH401,Fall 2018,4.0,1
MATH401,Fall 2019,3.0,3
MATH401,Fall 2020,4.0,2
MATH401,Fall 2021,3.8,5
MATH401,Fall 2022,3.94,12
MATH401,Fall 2023,4.0,9
MATH401,Fall 2024,3.72,13
MATH401,Spring 2010,4.0,1
MATH401,Spring 2015,3.0,1
MATH401,Spring 2019,3.75,4
MATH401,Spring 2020,4.0,3
MATH401,Spring 2021,3.7,1
MATH401,Spring 2022,3.86,9
MATH401,Spring 2023,3.37,15
MATH401,Spring 2024,4.0,6
MATH401,Spring 2025,4.0,1
MATH402,Fall 2011,2.0,1
MATH402,Spring 2019,4.0,1
MATH402,Spring 2022,3.0,1
MATH403,Fall 2007,3.5,2
MATH403,Fall 2009,3.0,1
MATH403,Fall 2017,3.7,1
MATH403,Fall 2018,1.7,1
MATH403,Fall 2019,3.0,3
MATH403,Fall 2020,4.0,1
MATH403,Fall 2021,4.0,1
MATH403,Fall 2022,3.0,2
MATH403,Fall 2023,4.0,1
MATH403,Fall 2024,3.91,8
MATH403,Spring 2019,3.9,3
MATH403,Spring 2020,3.85,2
MATH403,Spring 2021,3.42,4
MATH403,Spring 2022,3.9,3
MATH403,Spring 2023,3.0,2
MATH403,Spring 2024,4.0,1
MATH404,Fall 2022,3.0,1
MATH404,Spring 2010,4.0,1
MATH404,Spring 2020,4.0,2
MATH404,Spring 2023,4.0,2
MATH405,Fall 2013,3.7,1
MATH405,Fall 2019,3.5,2
MATH405,Fall 2021,4.0,3
MATH405,Fall 2022,3.23,3
MATH405,Fall 2023,3.75,4
MATH405,Fall 2024,3.08,4
MATH405,Spring 2020,3.9,3
MATH405,Spring 2021,3.65,2
MATH405,Spring 2023,4.0,2
MATH405,Spring 2024,4.0,2
MATH406,Fall 2008,4.0,2
MATH406,Fall 2011,4.0,1
MATH406,Fall 2012,4.0,2
MATH406,Fall 2019,4.0,1
MATH406,Fall 2020,3.85,2
MATH406,Fall 2021,3.7,1
MATH406,Fall 2022,3.96,8
MATH406,Fall 2023,3.34,5
MATH406,Fall 2024,4.0,3
MATH406,Spring 2008,3.5,2
MATH406,Spring 2009,4.0,1
MATH406,Spring 2010,2.0,2
MATH406,Spring 2011,4.0,1
MATH406,Spring 2018,2.7,1
MATH406,Spring 2020,3.85,2
MATH406,Spring 2021,1.7,1
MATH406,Spring 2022,2.0,1
MATH406,Spring 2023,3.66,7
MATH406,Spring 2024,3.9,3
MATH410,Fall 2010,2.5,2
MATH410,Fall 2011,3.5,2
MATH410,Fall 2012,3.5,4
MATH410,Fall 2013,4.0,1
MATH410,Fall 2016,4.0,1
MATH410,Fall 2017,3.7,1
MATH410,Fall 2018,3.75,4
MATH410,Fall 2019,3.38,6
MATH410,Fall 2020,3.67,4
MATH410,Fall 2021,2.9,3
MATH410,Fall 2022,3.63,9
MATH410,Fall 2023,3.67,8
MATH410,Fall 2024,3.46,13
MATH410,Spring 2010,4.0,1
MATH410,Spring 2013,3.0,1
MATH410,Spring 2018,3.7,1
MATH410,Spring 2020,3.86,5
MATH410,Spring 2021,3.77,3
MATH410,Spring 2022,3.4,5
MATH410,Spring 2023,2.34,5
MATH410,Spring 2024,3.23,6
MATH410,Spring 2025,4.0,1
MATH411,Fall 2007,4.0,1
MATH411,Fall 2011,3.0,1
MATH411,Fall 2012,3.0,1
MATH411,Fall 2017,4.0,1
MATH411,Fall 2019,3.0,1
MATH411,Fall 2020,3.3,1
MATH411,Fall 2021,3.15,2
MATH411,Fall 2022,4.0,2
MATH411,Fall 2023,3.3,1
MATH411,Fall 2024,3.67,3
MATH411,Spring 2010,3.5,2
MATH411,Spring 2013,4.0,1
MATH411,Spring 2014,4.0,1
MATH411,Spring 2018,3.0,1
MATH411,Spring 2019,3.0,1
MATH411,Spring 2020,4.0,1
MATH411,Spring 2021,4.0,1
MATH411,Spring 2022,2.92,4
MATH411,Spring 2024,3.62,6
MATH416,Fall 2019,4.0,1
MATH416,Fall 2024,4.0,1
MATH416,Spring 2020,4.0,1
MATH416,Spring 2021,3.0,1
MATH416,Spring 2024,4.0,2
MATH420,Fall 2023,4.0,1
MATH420,Spring 2024,4.0,1
MATH423,Fall 2024,4.0,1
MATH423,Spring 2025,3.0,1
MATH424,Spring 2020,4.0,2
MATH424,Spring 2022,3.35,2
MATH424,Spring 2023,4.0,1
MATH430,Fall 2011,3.7,1
MATH430,Fall 2021,4.0,1
MATH430,Fall 2024,4.0,1
MATH430,Spring 2008,4.0,1
MATH430,Spring 2020,4.0,5
MATH430,Spring 2021,3.7,1
MATH430,Spring 2022,3.65,2
MATH431,Fall 2008,3.0,1
MATH431,Fall 2013,2.0,1
MATH431,Fall 2020,4.0,1
MATH431,Fall 2021,3.7,1
MATH431,Fall 2023,4.0,1
MATH431,Fall 2024,4.0,1
MATH432,Fall 2019,4.0,1
MATH432,Fall 2024,3.45,6
MATH432,Spring 2018,4.0,1
MATH436,Fall 2021,4.0,1
MATH436,Fall 2024,4.0,1
MATH436,Spring 2020,4.0,3
MATH436,Spring 2024,4.0,1
MATH437,Fall 2022,4.0,1
MATH437,Spring 2021,2.3,1
MATH437,Spring 2023,3.7,1
MATH445,Spring 2018,2.0,1
MATH445,Spring 2021,4.0,1
MATH445,Spring 2022,3.0,1
MATH446,Fall 2023,4.0,1
MATH446,Spring 2021,4.0,1
MATH446,Spring 2023,4.0,1
MATH452,Fall 2011,4.0,1
MATH452,Fall 2022,4.0,1
MATH456,Fall 2019,4.0,1
MATH456,Fall 2022,2.0,1
MATH456,Fall 2024,4.0,1
MATH456,Spring 2010,4.0,1
MATH456,Spring 2011,4.0,1
MATH456,Spring 2013,4.0,1
MATH456,Spring 2021,4.0,1
MATH456,Spring 2022,3.2,2
MATH461,Fall 2008,4.0,1
MATH461,Fall 2009,4.0,2
MATH461,Fall 2010,4.0,2
MATH461,Fall 2011,4.0,2
MATH461,Fall 2012,4.0,1
MATH461,Fall 2017,3.3,1
MATH461,Fall 2018,2.83,4
MATH461,Fall 2019,3.85,2
MATH461,Fall 2020,4.0,1
MATH461,Fall 2021,3.3,1
MATH461,Fall 2022,3.15,2
MATH461,Fall 2023,3.62,6
MATH461,Fall 2024,3.34,7
MATH461,Spring 2008,3.0,1
MATH461,Spring 2010,3.85,2
MATH461,Spring 2011,4.0,1
MATH461,Spring 2012,3.0,1
MATH461,Spring 2013,3.65,2
MATH461,Spring 2018,3.3,1
MATH461,Spring 2019,4.0,2
MATH461,Spring 2020,3.76,7
MATH461,Spring 2021,3.33,6
MATH461,Spring 2022,3.67,3
MATH461,Spring 2023,3.6,4
MATH461,Spring 2024,3.58,11
MATH462,Fall 2007,3.0,1
MATH462,Fall 2008,3.7,1
MATH462,Fall 2009,4.0,1
MATH462,Fall 2011,4.0,1
MATH462,Fall 2012,4.0,1
MATH462,Fall 2017,4.0,1
MATH462,Fall 2019,4.0,1
MATH462,Fall 2023,4.0,2
MATH462,Fall 2024,2.0,1
MATH462,Spring 2008,4.0,1
MATH462,Spring 2010,4.0,1
MATH462,Spring 2012,3.0,1
MATH462,Spring 2023,3.3,1
MATH463,Fall 2009,4.0,1
MATH463,Fall 2010,4.0,2
MATH463,Fall 2015,4.0,1
MATH463,Fall 2022,3.85,4
MATH463,Fall 2023,3.72,6
MATH463,Fall 2024,3.0,1
MATH463,Spring 2011,4.0,1
MATH463,Spring 2012,4.0,1
MATH463,Spring 2019,3.7,1
MATH463,Spring 2020,4.0,1
MATH463,Spring 2021,4.0,2
MATH463,Spring 2023,3.65,4
MATH463,Spring 2024,3.67,7
MATH464,Fall 2010,3.0,1
MATH464,Fall 2021,4.0,1
MATH464,Spring 2012,4.0,1
MATH464,Spring 2024,3.33,4
MATH470,Fall 2022,4.0,1
MATH470,Spring 2020,4.0,1
MATH470,Spring 2022,4.0,1
MATH475,Fall 2022,3.3,1
MATH475,Fall 2024,3.65,2
MATH475,Spring 2011,4.0,1
MATH475,Spring 2012,4.0,1
MATH475,Spring 2021,4.0,2
MATH475,Spring 2023,2.77,3
MATH481,Spring 2025,4.0,1
MATH498E,Spring 2023,4.0,1
MATH498E,Spring 2024,4.0,1
MATH498R,Spring 2024,4.0,1
MATH498T,Fall 2023,4.0,1
MATH498T,Spring 2023,3.8,3
MATH600,Fall 2007,4.0,1
MATH600,Fall 2024,4.0,1
MATH630,Fall 2021,3.7,1
MATH630,Fall 2022,4.0,1
MATH630,Spring 2010,4.0,1
MATH673,Spring 2024,4.0,1
MATH674,Spring 2022,3.0,1
MATH675,Fall 2024,4.0,1
MATH858G,Spring 2024,4.0,1
MIEH300,Fall 2017,3.3,1
MIEH300,Fall 2022,4.0,1
MIEH300,Fall 2023,3.9,3
MIEH300,Fall 2024,3.81,7
MIEH300,Spring 2023,3.85,2
MIEH300,Spring 2024,3.85,2
MIEH321,Fall 2024,4.0,1
MIEH321,Spring 2020,4.0,1
MIEH321,Spring 2023,3.7,1
MIEH325,Spring 2023,4.0,1
MIEH400,Fall 2020,4.0,1
MIEH400,Fall 2021,2.7,2
MIEH400,Fall 2022,3.7,1
MIEH400,Fall 2023,4.0,1
MIEH400,Spring 2023,4.0,1
MLAW100,Fall 2021,4.0,1
MLAW100,Fall 2022,4.0,2
MLAW100,Fall 2023,3.47,3
MLAW100,Fall 2024,3.65,2
MLAW100,Spring 2023,4.0,3
MLAW100,Spring 2024,4.0,1
MLAW101,Fall 2022,3.3,1
MLAW150,Fall 2022,4.0,1
MLAW150,Spring 2023,4.0,2
MLAW150,Spring 2024,3.0,1
MLAW304,Fall 2020,4.0,1
MLAW304,Fall 2021,4.0,2
MLAW304,Fall 2023,3.0,1
MLAW304,Fall 2024,4.0,2
MLAW304,Spring 2023,3.7,1
MLAW304,Spring 2024,4.0,1
MLAW305,Fall 2024,4.0,1
MLAW305,Spring 2022,4.0,2
MLAW358F,Spring 2023,4.0,1
MLAW358J,Spring 2023,2.7,1
MLAW358T,Fall 2024,4.0,2
MLAW358T,Spring 2023,4.0,2
MLAW358T,Spring 2024,4.0,2
MLAW358T,Spring 2025,4.0,1
MLAW358U,Spring 2022,4.0,1
MLAW358Z,Spring 2024,4.0,1
MLAW378J,Spring 2024,4.0,1
MLAW378K,Fall 2023,4.0,1
MLAW388,Fall 2023,4.0,1
MLAW388,Spring 2024,4.0,1
MLAW404,Spring 2024,4.0,1
MLAW411,Spring 2023,4.0,1
MLSC250,Fall 2022,4.0,1
MLSC250,Fall 2023,3.15,2
MLSC250,Spring 2023,3.5,2
MSML601,Spring 2025,3.7,1
MSML602,Spring 2025,3.3,1
MSML603,Fall 2024,3.7,1
MSML603,Spring 2021,4.0,1
MSML603,Spring 2025,4.0,1
MSML604,Spring 2021,3.7,1
MSML604,Spring 2024,4.0,1
MSML605,Fall 2023,3.7,1
MUED155,Fall 2022,4.0,3
MUED155,Spring 2019,4.0,1
MUED155,Spring 2020,4.0,1
MUED155,Spring 2023,4.0,1
MUED155,Spring 2024,4.0,1
MUED186,Fall 2024,3.3,1
MUET210,Spring 2020,2.7,1
MUSC102,Fall 2022,4.0,1
MUSC102B,Fall 2020,4.0,1
MUSC102B,Spring 2020,3.7,1
MUSC106,Fall 2015,4.0,1
MUSC106,Fall 2021,4.0,1
MUSC106,Spring 2018,4.0,1
MUSC106,Spring 2020,4.0,1
MUSC129G,Spring 2012,4.0,1
MUSC129G,Spring 2023,4.0,2
MUSC129K,Spring 2023,3.7,1
MUSC129K,Spring 2024,4.0,1
MUSC129Q,Fall 2009,4.0,1
MUSC129Q,Fall 2010,4.0,2
MUSC129Q,Spring 2023,4.0,1
MUSC130,Fall 2011,3.1,4
MUSC130,Spring 2010,3.83,6
MUSC130,Spring 2018,4.0,1
MUSC130,Spring 2021,4.0,3
MUSC130H,Spring 2020,4.0,1
MUSC130H,Spring 2021,4.0,1
MUSC140,Fall 2020,4.0,1
MUSC140,Fall 2021,4.0,1
MUSC140,Fall 2022,3.2,2
MUSC140,Fall 2024,3.3,1
MUSC140,Spring 2018,4.0,1
MUSC140,Spring 2020,3.65,2
MUSC140,Spring 2022,3.15,2
MUSC140,Spring 2023,4.0,1
MUSC150,Fall 2009,4.0,1
MUSC150,Fall 2010,4.0,1
MUSC150,Fall 2024,3.0,2
MUSC150,Spring 2018,4.0,1
MUSC151,Fall 2024,2.3,1
MUSC151,Spring 2024,3.7,1
MUSC204,Fall 2022,4.0,1
MUSC204,Fall 2023,4.0,2
MUSC204,Fall 2024,3.85,2
MUSC204,Spring 2020,4.0,1
MUSC204,Spring 2022,3.7,1
MUSC204,Spring 2023,3.9,3
MUSC205,Fall 2007,3.65,2
MUSC205,Fall 2009,3.7,1
MUSC205,Fall 2010,3.75,4
MUSC205,Fall 2011,3.5,2
MUSC205,Fall 2012,3.35,2
MUSC205,Fall 2014,4.0,1
MUSC205,Fall 2016,2.7,1
MUSC205,Fall 2020,4.0,1
MUSC205,Fall 2022,3.86,5
MUSC205,Fall 2023,3.85,6
MUSC205,Fall 2024,3.88,8
MUSC205,Spring 2008,4.0,1
MUSC205,Spring 2010,4.0,2
MUSC205,Spring 2011,3.65,2
MUSC205,Spring 2012,3.75,4
MUSC205,Spring 2013,4.0,1
MUSC205,Spring 2018,3.0,1
MUSC205,Spring 2021,4.0,2
MUSC205,Spring 2022,4.0,1
MUSC205,Spring 2023,4.0,7
MUSC205,Spring 2024,4.0,3
MUSC205,Spring 2025,4.0,1
MUSC210,Fall 2014,4.0,1
MUSC210,Fall 2019,3.5,2
MUSC210,Fall 2020,4.0,1
MUSC210,Fall 2022,3.55,6
MUSC210,Fall 2023,4.0,2
MUSC210,Fall 2024,3.67,3
MUSC210,Spring 2015,4.0,1
MUSC210,Spring 2018,3.85,2
MUSC210,Spring 2020,4.0,1
MUSC210,Spring 2022,4.0,1
MUSC210,Spring 2023,3.67,3
MUSC210,Spring 2024,4.0,1
MUSC215,Fall 2019,3.7,1
MUSC215,Fall 2020,3.35,2
MUSC215,Fall 2021,4.0,1
MUSC215,Fall 2022,3.57,3
MUSC215,Fall 2023,3.6,5
MUSC215,Spring 2020,4.0,1
MUSC215,Spring 2021,3.33,3
MUSC215,Spring 2022,4.0,1
MUSC215,Spring 2023,3.48,5
MUSC215,Spring 2024,3.8,3
MUSC220,Fall 2018,4.0,1
MUSC220,Spring 2020,4.0,2
MUSC220,Spring 2022,3.5,2
MUSC220,Spring 2023,4.0,1
MUSC220,Spring 2024,4.0,1
MUSC229F,Fall 2020,4.0,1
MUSC229R,Fall 2023,4.0,1
MUSC229U,Spring 2021,4.0,1
MUSC229U,Spring 2024,4.0,1
MUSC240,Spring 2023,4.0,1
MUSC250,Fall 2024,4.0,1
MUSC250,Spring 2022,4.0,1
MUSC289I,Spring 2019,4.0,1
MUSC289I,Spring 2021,4.0,1
MUSC329M,Spring 2022,4.0,1
MUSC436,Spring 2022,4.0,1
MUSC492,Fall 2023,4.0,1
MUSC629G,Fall 2009,4.0,1
MUSC629U,Fall 2023,4.0,1
NAVY301,Spring 2024,4.0,1
NAVY401,Spring 2022,4.0,1
NEUR200,Fall 2021,3.0,2
NEUR200,Fall 2022,3.5,2
NEUR200,Fall 2023,3.3,8
NEUR200,Fall 2024,3.61,11
NEUR200,Spring 2021,4.0,1
NEUR200,Spring 2022,3.2,2
NEUR200,Spring 2023,3.49,7
NEUR200,Spring 2024,3.9,3
NEUR200,Spring 2025,3.85,2
NEUR305,Fall 2021,4.0,1
NEUR305,Fall 2022,3.75,4
NEUR305,Fall 2023,4.0,1
NEUR305,Fall 2024,4.0,1
NEUR305,Spring 2021,4.0,1
NEUR305,Spring 2023,3.35,2
NEUR305,Spring 2024,3.3,1
NEUR306,Fall 2021,1.85,2
NEUR405,Fall 2023,3.7,1
NEUR405,Spring 2023,3.5,2
NEUR405,Spring 2024,4.0,1
NFSC100,Fall 2009,2.5,2
NFSC100,Fall 2010,2.0,1
NFSC100,Fall 2019,4.0,1
NFSC100,Fall 2022,3.7,1
NFSC100,Fall 2023,3.83,4
NFSC100,Fall 2024,3.78,6
NFSC100,Spring 2008,2.7,1
NFSC100,Spring 2009,3.25,4
NFSC100,Spring 2019,3.0,2
NFSC100,Spring 2022,4.0,3
NFSC100,Spring 2023,4.0,2
NFSC100,Spring 2024,3.3,1
NFSC100,Spring 2025,3.85,2
NFSC100H,Spring 2023,4.0,1
NFSC112,Fall 2021,4.0,1
NFSC112,Fall 2022,3.77,3
NFSC112,Fall 2023,3.74,5
NFSC112,Fall 2024,3.7,1
NFSC220,Fall 2022,4.0,1
NFSC220,Fall 2023,3.57,3
NFSC220,Fall 2024,4.0,3
NFSC220,Spring 2021,4.0,2
NFSC220,Spring 2023,4.0,4
NFSC315,Spring 2010,4.0,1
NFSC315,Spring 2023,4.0,1
NFSC380,Fall 2021,4.0,1
NFSC421,Fall 2010,4.0,1
NFSC423,Spring 2022,3.3,1
NFSC440,Fall 2024,4.0,1
NFSC450,Spring 2022,3.3,1
NFSC470,Spring 2024,4.0,1
PEER318,Fall 2023,4.0,1
PERS102,Spring 2023,4.0,1
PERS251,Spring 2022,3.7,1
PERS252,Spring 2019,4.0,1
PERS280,Spring 2025,4.0,1
PERS283,Fall 2018,4.0,1
PERS371,Spring 2011,4.0,1
PERS405,Spring 2025,4.0,1
PERS498G,Fall 2024,4.0,1
PHIL100,Fall 2011,4.0,1
PHIL100,Fall 2013,3.7,1
PHIL100,Fall 2018,3.0,1
PHIL100,Fall 2019,3.35,4
PHIL100,Fall 2020,3.57,3
PHIL100,Fall 2021,4.0,1
PHIL100,Fall 2022,3.0,4
PHIL100,Fall 2023,4.0,2
PHIL100,Fall 2024,3.75,8
PHIL100,Spring 2010,3.15,2
PHIL100,Spring 2012,4.0,1
PHIL100,Spring 2018,4.0,1
PHIL100,Spring 2023,3.3,1
PHIL100,Spring 2025,4.0,1
PHIL140,Fall 2008,2.67,3
PHIL140,Fall 2011,3.0,1
PHIL140,Fall 2018,3.13,3
PHIL140,Fall 2019,4.0,1
PHIL140,Fall 2020,4.0,1
PHIL140,Fall 2021,3.43,3
PHIL140,Fall 2022,3.53,7
PHIL140,Fall 2023,3.7,8
PHIL140,Fall 2024,3.48,12
PHIL140,Spring 2008,4.0,1
PHIL140,Spring 2009,3.33,6
PHIL140,Spring 2011,4.0,1
PHIL140,Spring 2012,4.0,2
PHIL140,Spring 2014,4.0,1
PHIL140,Spring 2015,4.0,1
PHIL140,Spring 2019,4.0,2
PHIL140,Spring 2020,4.0,1
PHIL140,Spring 2021,3.7,1
PHIL140,Spring 2022,3.26,5
PHIL140,Spring 2023,3.91,7
PHIL140,Spring 2024,3.11,15
PHIL140,Spring 2025,3.58,4
PHIL170,Fall 2019,4.0,1
PHIL170,Fall 2020,3.65,2
PHIL170,Fall 2021,4.0,4
PHIL170,Fall 2023,3.33,3
PHIL170,Fall 2024,3.5,2
PHIL170,Spring 2012,4.0,2
PHIL170,Spring 2013,2.0,1
PHIL170,Spring 2021,4.0,1
PHIL170,Spring 2022,4.0,1
PHIL170,Spring 2023,4.0,2
PHIL170,Spring 2024,4.0,3
PHIL201,Fall 2020,1.7,1
PHIL201,Fall 2022,2.0,2
PHIL201,Spring 2021,4.0,1
PHIL202,Fall 2020,4.0,1
PHIL202,Fall 2021,4.0,2
PHIL202,Fall 2024,3.57,3
PHIL202,Spring 2021,4.0,1
PHIL202,Spring 2024,3.42,4
PHIL203,Fall 2021,3.7,1
PHIL203,Fall 2022,3.76,7
PHIL203,Fall 2023,4.0,1
PHIL203,Fall 2024,3.83,4
PHIL203,Spring 2022,4.0,1
PHIL203,Spring 2023,3.78,4
PHIL203,Spring 2024,3.8,3
PHIL203,Spring 2025,4.0,1
PHIL205,Spring 2023,3.7,1
PHIL205,Spring 2024,4.0,1
PHIL209A,Spring 2018,4.0,1
PHIL209E,Spring 2019,4.0,1
PHIL209I,Fall 2018,2.3,1
PHIL209J,Fall 2013,3.0,1
PHIL209J,Spring 2012,3.7,1
PHIL209N,Fall 2012,4.0,1
PHIL209N,Fall 2016,4.0,1
PHIL209N,Spring 2013,4.0,1
PHIL209N,Spring 2020,4.0,1
PHIL209T,Spring 2025,4.0,1
PHIL210,Spring 2023,3.65,2
PHIL211,Spring 2025,4.0,1
PHIL220,Fall 2022,3.9,3
PHIL220,Fall 2023,3.0,1
PHIL220,Spring 2022,4.0,2
PHIL220,Spring 2023,4.0,1
PHIL230,Fall 2012,4.0,1
PHIL230,Spring 2008,4.0,1
PHIL230,Spring 2012,4.0,1
PHIL233,Spring 2009,4.0,1
PHIL233,Spring 2010,4.0,1
PHIL236,Fall 2018,3.3,1
PHIL236,Spring 2012,2.7,1
PHIL245,Fall 2022,3.85,2
PHIL245,Fall 2023,3.78,4
PHIL245,Fall 2024,3.7,1
PHIL245,Spring 2022,4.0,2
PHIL245,Spring 2023,3.7,1
PHIL245,Spring 2024,3.85,2
PHIL245,Spring 2025,4.0,1
PHIL250,Fall 2022,4.0,1
PHIL250,Spring 2011,3.0,1
PHIL256,Fall 2012,3.7,1
PHIL261,Spring 2019,4.0,1
PHIL261,Spring 2021,4.0,1
PHIL261,Spring 2022,4.0,1
PHIL271,Spring 2023,4.0,1
PHIL271,Spring 2024,4.0,1
PHIL282,Spring 2023,3.7,1
PHIL308T,Fall 2011,2.7,1
PHIL308U,Fall 2024,4.0,1
PHIL309D,Spring 2024,3.7,1
PHIL309K,Fall 2021,3.7,1
PHIL309K,Fall 2023,4.0,1
PHIL309P,Fall 2019,4.0,1
PHIL309P,Spring 2018,4.0,1
PHIL310,Fall 2019,3.3,2
PHIL310,Fall 2022,3.9,3
PHIL310,Fall 2024,4.0,2
PHIL310,Spring 2009,4.0,1
PHIL310,Spring 2022,4.0,1
PHIL318B,Spring 2023,4.0,1
PHIL318B,Spring 2024,3.35,2
PHIL318G,Fall 2023,3.8,3
PHIL318X,Spring 2018,4.0,1
PHIL320,Spring 2019,3.85,2
PHIL320,Spring 2020,4.0,1
PHIL320,Spring 2021,4.0,1
PHIL320,Spring 2023,4.0,1
PHIL320,Spring 2024,3.7,1
PHIL332,Fall 2012,3.3,1
PHIL338D,Fall 2020,4.0,2
PHIL338E,Fall 2024,4.0,1
PHIL341,Fall 2017,3.0,1
PHIL341,Fall 2023,3.0,1
PHIL341,Spring 2009,4.0,1
PHIL341,Spring 2011,2.7,1
PHIL341,Spring 2023,3.8,3
PHIL341,Spring 2025,4.0,1
PHIL344,Fall 2021,3.3,1
PHIL344,Spring 2022,4.0,1
PHIL347,Spring 2021,4.0,1
PHIL354,Spring 2014,4.0,1
PHIL360,Fall 2017,4.0,1
PHIL360,Spring 2022,2.3,1
PHIL360,Spring 2023,3.7,1
PHIL362,Fall 2021,4.0,1
PHIL364,Fall 2023,4.0,1
PHIL364,Fall 2024,4.0,1
PHIL364,Spring 2022,4.0,1
PHIL364,Spring 2023,4.0,1
PHIL366,Fall 2022,3.7,1
PHIL366,Spring 2019,3.0,1
PHIL370,Fall 2018,4.0,1
PHIL370,Fall 2022,4.0,1
PHIL408L,Spring 2024,3.7,1
PHIL408P,Fall 2023,4.0,1
PHIL412,Fall 2018,3.3,1
PHIL412,Fall 2024,4.0,1
PHIL414,Fall 2017,3.7,1
PHIL414,Spring 2011,4.0,1
PHIL414,Spring 2024,4.0,1
PHIL418B,Spring 2024,4.0,1
PHIL418I,Spring 2020,4.0,1
PHIL428K,Spring 2012,4.0,1
PHIL438L,Fall 2023,3.67,3
PHIL445,Fall 2022,3.7,1
PHIL445,Fall 2024,3.7,1
PHIL445,Spring 2022,4.0,1
PHIL446,Spring 2024,4.0,1
PHIL453,Spring 2024,4.0,1
PHIL454,Fall 2018,4.0,1
PHIL470,Spring 2024,4.0,1
PHIL478,Spring 2022,3.0,1
PHPE308T,Fall 2022,4.0,1
PHPE308X,Spring 2023,4.0,1
PHPE350,Fall 2021,4.0,1
PHPE400,Fall 2022,3.9,3
PHPE400,Fall 2024,4.0,2
PHPE401,Fall 2023,4.0,1
PHPE401,Fall 2024,3.7,1
PHPE401,Spring 2023,3.77,3
PHPE401,Spring 2025,3.7,1
PHPE402,Fall 2022,4.0,1
PHSC321,Fall 2021,3.7,1
PHSC388F,Spring 2024,4.0,1
PHSC415,Fall 2024,4.0,2
PHSC415,Spring 2023,3.3,1
PHSC415,Spring 2024,4.0,1
PHSC420,Fall 2024,4.0,1
PHSC430,Fall 2024,4.0,1
PHSC440,Fall 2022,4.0,1
PHSC440,Spring 2023,3.85,2
PHSC450,Fall 2023,4.0,1
PHSC450,Fall 2024,4.0,1
PHSC497,Fall 2022,2.7,1
PHSC497,Fall 2024,4.0,1
PHSC497,Spring 2022,4.0,1
PHSC497,Spring 2023,3.77,3
PHSC497,Spring 2024,3.35,2
PHYS102,Fall 2020,4.0,1
PHYS102,Fall 2021,3.13,3
PHYS102,Fall 2022,3.23,3
PHYS102,Fall 2023,3.67,3
PHYS102,Fall 2024,3.5,2
PHYS102,Spring 2022,4.0,1
PHYS102,Spring 2023,4.0,1
PHYS103,Fall 2022,4.0,1
PHYS103,Fall 2023,4.0,1
PHYS105,Fall 2011,4.0,1
PHYS105,Fall 2022,3.3,1
PHYS105,Fall 2023,4.0,3
PHYS105,Spring 2008,4.0,1
PHYS105,Spring 2013,4.0,1
PHYS105,Spring 2018,3.35,2
PHYS106,Fall 2008,3.0,2
PHYS106,Spring 2009,4.0,1
PHYS106,Spring 2011,4.0,1
PHYS106,Spring 2023,3.7,1
PHYS106,Spring 2024,3.33,6
PHYS106,Spring 2025,4.0,1
PHYS107,Fall 2008,4.0,1
PHYS107,Spring 2011,4.0,1
PHYS107,Spring 2024,4.0,4
PHYS115,Fall 2021,4.0,2
PHYS115,Fall 2022,3.85,2
PHYS115,Fall 2023,4.0,1
PHYS115,Fall 2024,3.0,1
PHYS115,Spring 2022,4.0,1
PHYS115,Spring 2024,3.85,2
PHYS121,Fall 2008,3.67,3
PHYS121,Fall 2009,4.0,1
PHYS121,Fall 2010,3.45,6
PHYS121,Fall 2011,4.0,1
PHYS121,Fall 2012,4.0,1
PHYS121,Fall 2013,4.0,1
PHYS121,Fall 2014,4.0,1
PHYS121,Fall 2019,2.7,1
PHYS121,Fall 2020,2.0,1
PHYS121,Fall 2023,3.67,4
PHYS121,Fall 2024,3.2,5
PHYS121,Spring 2009,4.0,2
PHYS121,Spring 2011,3.77,3
PHYS121,Spring 2012,3.57,3
PHYS121,Spring 2013,4.0,2
PHYS121,Spring 2015,3.0,1
PHYS121,Spring 2019,4.0,1
PHYS121,Spring 2020,3.7,1
PHYS121,Spring 2022,3.67,4
PHYS121,Spring 2023,4.0,4
PHYS121,Spring 2024,3.57,3
PHYS122,Fall 2009,4.0,1
PHYS122,Fall 2013,3.43,3
PHYS122,Fall 2023,3.5,2
PHYS122,Fall 2024,4.0,1
PHYS122,Spring 2020,4.0,1
PHYS122,Spring 2023,3.0,1
PHYS122,Spring 2024,4.0,1
PHYS131,Fall 2012,3.0,1
PHYS131,Fall 2014,3.0,1
PHYS131,Fall 2020,3.85,2
PHYS131,Fall 2021,4.0,1
PHYS131,Fall 2022,3.74,5
PHYS131,Fall 2023,3.77,6
PHYS131,Fall 2024,3.6,10
PHYS131,Spring 2014,4.0,1
PHYS131,Spring 2021,4.0,2
PHYS131,Spring 2022,4.0,1
PHYS131,Spring 2023,3.8,3
PHYS131,Spring 2024,4.0,1
PHYS131,Spring 2025,3.67,3
PHYS132,Fall 2018,3.7,1
PHYS132,Fall 2021,4.0,1
PHYS132,Fall 2022,3.9,3
PHYS132,Fall 2023,4.0,2
PHYS132,Fall 2024,3.7,2
PHYS132,Spring 2015,3.7,1
PHYS132,Spring 2016,4.0,1
PHYS132,Spring 2021,4.0,1
PHYS132,Spring 2023,4.0,4
PHYS132,Spring 2024,3.85,2
PHYS141,Spring 2008,4.0,1
PHYS142,Fall 2010,3.0,1
PHYS142,Fall 2011,3.0,1
PHYS161,Fall 2008,4.0,1
PHYS161,Fall 2009,3.5,2
PHYS161,Fall 2013,3.0,1
PHYS161,Fall 2014,4.0,2
PHYS161,Fall 2016,3.7,1
PHYS161,Fall 2017,2.0,1
PHYS161,Fall 2019,3.2,3
PHYS161,Fall 2020,3.15,2
PHYS161,Fall 2021,3.33,3
PHYS161,Fall 2022,3.85,2
PHYS161,Fall 2023,3.33,9
PHYS161,Fall 2024,3.02,23
PHYS161,Spring 2008,4.0,1
PHYS161,Spring 2009,3.0,2
PHYS161,Spring 2010,3.57,3
PHYS161,Spring 2011,2.5,2
PHYS161,Spring 2013,2.62,6
PHYS161,Spring 2014,3.67,3
PHYS161,Spring 2015,3.1,4
PHYS161,Spring 2018,3.0,1
PHYS161,Spring 2019,3.0,3
PHYS161,Spring 2020,3.42,5
PHYS161,Spring 2021,3.5,4
PHYS161,Spring 2022,3.6,8
PHYS161,Spring 2023,2.89,14
PHYS161,Spring 2024,3.11,16
PHYS161,Spring 2025,3.26,5
PHYS165,Fall 2022,3.85,2
PHYS165,Fall 2023,4.0,2
PHYS165,Spring 2023,3.7,1
PHYS171,Fall 2019,4.0,1
PHYS171,Fall 2021,4.0,1
PHYS171,Fall 2022,2.7,1
PHYS171,Fall 2023,3.73,6
PHYS171,Fall 2024,4.0,2
PHYS171,Spring 2019,4.0,1
PHYS171,Spring 2022,4.0,3
PHYS171,Spring 2023,3.6,4
PHYS171,Spring 2025,3.0,2
PHYS171H,Fall 2018,4.0,1
PHYS174,Fall 2007,4.0,1
PHYS174,Fall 2010,4.0,1
PHYS174,Fall 2018,3.7,1
PHYS174,Fall 2023,3.3,1
PHYS174,Spring 2018,2.0,1
PHYS174,Spring 2019,4.0,1
PHYS199M,Fall 2012,3.5,2
PHYS199M,Fall 2018,3.0,1
PHYS199M,Fall 2019,3.3,1
PHYS199M,Spring 2014,4.0,1
PHYS235,Fall 2022,3.7,1
PHYS235,Fall 2023,3.33,7
PHYS235,Fall 2024,3.43,3
PHYS235,Spring 2024,3.3,1
PHYS260,Fall 2008,4.0,1
PHYS260,Fall 2009,3.67,3
PHYS260,Fall 2010,2.0,1
PHYS260,Fall 2011,4.0,1
PHYS260,Fall 2012,3.3,1
PHYS260,Fall 2015,3.7,1
PHYS260,Fall 2018,2.35,2
PHYS260,Fall 2020,3.15,2
PHYS260,Fall 2021,4.0,1
PHYS260,Fall 2022,3.57,6
PHYS260,Fall 2023,2.73,22
PHYS260,Fall 2024,3.36,18
PHYS260,Spring 2009,2.72,6
PHYS260,Spring 2010,4.0,2
PHYS260,Spring 2011,3.1,3
PHYS260,Spring 2014,4.0,1
PHYS260,Spring 2019,3.67,3
PHYS260,Spring 2020,2.7,1
PHYS260,Spring 2021,3.67,3
PHYS260,Spring 2022,3.7,1
PHYS260,Spring 2023,3.27,10
PHYS260,Spring 2024,3.22,17
PHYS260,Spring 2025,3.33,4
PHYS260H,Fall 2019,4.0,1
PHYS260H,Spring 2021,4.0,1
PHYS261,Fall 2010,3.5,2
PHYS261,Fall 2011,4.0,1
PHYS261,Fall 2020,4.0,1
PHYS261,Fall 2021,4.0,1
PHYS261,Fall 2022,4.0,3
PHYS261,Fall 2023,4.0,1
PHYS261,Fall 2024,4.0,1
PHYS261,Spring 2010,3.0,1
PHYS261,Spring 2011,3.3,1
PHYS261,Spring 2019,4.0,1
PHYS261,Spring 2021,4.0,1
PHYS261,Spring 2024,4.0,1
PHYS265,Spring 2024,3.85,2
PHYS270,Fall 2009,4.0,2
PHYS270,Fall 2010,4.0,2
PHYS270,Fall 2011,4.0,1
PHYS270,Fall 2018,4.0,2
PHYS270,Fall 2019,3.0,1
PHYS270,Fall 2020,4.0,1
PHYS270,Fall 2021,3.22,4
PHYS270,Fall 2023,3.75,4
PHYS270,Fall 2024,3.45,6
PHYS270,Spring 2008,4.0,1
PHYS270,Spring 2009,2.5,2
PHYS270,Spring 2010,3.0,1
PHYS270,Spring 2011,4.0,1
PHYS270,Spring 2012,4.0,1
PHYS270,Spring 2018,4.0,1
PHYS270,Spring 2019,2.0,1
PHYS270,Spring 2020,3.5,2
PHYS270,Spring 2021,3.85,2
PHYS270,Spring 2022,3.0,1
PHYS270,Spring 2023,3.48,5
PHYS270,Spring 2024,3.42,4
PHYS270,Spring 2025,3.85,2
PHYS271,Fall 2011,4.0,1
PHYS271,Fall 2014,3.0,1
PHYS271,Fall 2018,4.0,1
PHYS271,Fall 2020,4.0,1
PHYS271,Spring 2009,4.0,1
PHYS271,Spring 2021,4.0,2
PHYS272,Fall 2008,4.0,1
PHYS272,Fall 2011,3.0,1
PHYS272,Fall 2013,4.0,1
PHYS272,Fall 2019,3.7,1
PHYS272,Fall 2020,2.7,1
PHYS272,Fall 2022,3.65,2
PHYS272,Fall 2023,3.32,9
PHYS272,Fall 2024,4.0,1
PHYS272,Spring 2008,4.0,1
PHYS272,Spring 2012,3.0,1
PHYS272,Spring 2024,3.46,8
PHYS272H,Fall 2022,3.3,1
PHYS272H,Spring 2011,4.0,1
PHYS272H,Spring 2024,4.0,1
PHYS273,Fall 2009,3.0,1
PHYS273,Fall 2012,4.0,1
PHYS273,Fall 2022,4.0,2
PHYS273,Fall 2023,2.85,2
PHYS273,Fall 2024,2.3,2
PHYS273,Spring 2009,4.0,1
PHYS273,Spring 2019,3.0,1
PHYS273,Spring 2020,4.0,1
PHYS273,Spring 2022,3.3,1
PHYS273,Spring 2023,1.0,1
PHYS273,Spring 2024,3.17,9
PHYS273H,Fall 2010,4.0,1
PHYS273H,Fall 2011,4.0,1
PHYS273H,Spring 2010,3.5,2
PHYS274,Fall 2022,2.85,2
PHYS274,Fall 2023,4.0,2
PHYS274,Spring 2020,4.0,1
PHYS274,Spring 2023,4.0,1
PHYS274,Spring 2024,3.3,2
PHYS275,Fall 2021,4.0,1
PHYS275,Fall 2022,3.35,2
PHYS275,Fall 2023,3.57,3
PHYS275,Spring 2023,3.0,1
PHYS275,Spring 2024,3.5,2
PHYS276,Fall 2023,3.7,1
PHYS276,Fall 2024,3.85,2
PHYS276,Spring 2013,4.0,1
PHYS276,Spring 2014,4.0,1
PHYS276,Spring 2023,4.0,2
PHYS276,Spring 2024,4.0,7
PHYS313,Fall 2024,3.83,4
PHYS371,Fall 2020,4.0,1
PHYS371,Fall 2022,4.0,1
PHYS371,Fall 2023,3.67,4
PHYS371,Fall 2024,3.83,6
PHYS371,Spring 2020,4.0,1
PHYS371,Spring 2021,3.7,1
PHYS371,Spring 2022,3.85,2
PHYS371,Spring 2023,3.15,2
PHYS371,Spring 2024,3.0,1
PHYS373,Fall 2022,4.0,1
PHYS373,Fall 2023,4.0,2
PHYS373,Fall 2024,3.54,5
PHYS373,Spring 2020,3.3,1
PHYS373,Spring 2021,3.65,2
PHYS373,Spring 2024,2.7,1
PHYS375,Fall 2009,4.0,1
PHYS375,Fall 2010,4.0,1
PHYS375,Fall 2024,3.67,3
PHYS375,Spring 2024,4.0,5
PHYS375,Spring 2025,3.0,1
PHYS401,Fall 2011,2.7,1
PHYS401,Fall 2012,4.0,1
PHYS401,Fall 2013,2.0,1
PHYS401,Fall 2017,4.0,1
PHYS401,Fall 2024,1.7,1
PHYS401,Spring 2023,4.0,1
PHYS401,Spring 2024,3.8,5
PHYS402,Fall 2010,3.3,1
PHYS402,Fall 2014,3.0,1
PHYS402,Fall 2024,4.0,2
PHYS402,Spring 2008,4.0,1
PHYS402,Spring 2010,3.3,1
PHYS402,Spring 2024,4.0,3
PHYS402,Spring 2025,4.0,1
PHYS404,Fall 2010,2.3,1
PHYS404,Fall 2024,4.0,1
PHYS404,Spring 2023,4.0,2
PHYS404,Spring 2024,3.92,4
PHYS410,Fall 2009,3.0,1
PHYS410,Fall 2010,4.0,1
PHYS410,Fall 2013,4.0,1
PHYS410,Fall 2020,4.0,1
PHYS410,Fall 2022,3.35,2
PHYS410,Fall 2024,4.0,1
PHYS410,Spring 2014,3.7,1
PHYS410,Spring 2021,2.3,1
PHYS410,Spring 2023,4.0,1
PHYS410,Spring 2024,3.15,2
PHYS411,Fall 2021,3.3,1
PHYS411,Fall 2023,4.0,1
PHYS411,Spring 2011,3.0,1
PHYS411,Spring 2013,4.0,1
PHYS411,Spring 2022,3.7,1
PHYS411,Spring 2023,4.0,1
PHYS411,Spring 2025,4.0,1
PHYS420,Spring 2024,3.15,2
PHYS431,Spring 2023,4.0,1
PHYS457,Spring 2021,4.0,1
PHYS467,Fall 2022,4.0,1
PHYS474,Spring 2024,4.0,2
PHYS485,Fall 2024,4.0,1
PHYS485,Spring 2025,4.0,1
PHYS487,Fall 2024,4.0,1
PHYS487,Spring 2024,4.0,1
PHYS488P,Fall 2024,4.0,1
PHYS603,Spring 2012,3.0,1
PHYS675,Spring 2024,3.0,1
PHYS715,Spring 2022,4.0,1
PHYS721,Fall 2013,4.0,1
PHYS752,Fall 2022,4.0,1
PLCY100,Fall 2020,3.0,1
PLCY100,Fall 2021,4.0,4
PLCY100,Fall 2022,3.75,4
PLCY100,Fall 2023,3.85,8
PLCY100,Fall 2024,3.8,10
PLCY100,Spring 2022,3.3,1
PLCY100,Spring 2023,3.81,7
PLCY100,Spring 2024,3.63,7
PLCY101,Fall 2019,4.0,1
PLCY101,Fall 2021,4.0,1
PLCY101,Fall 2022,4.0,2
PLCY101,Fall 2023,3.9,3
PLCY101,Fall 2024,4.0,3
PLCY101,Spring 2019,4.0,1
PLCY101,Spring 2022,4.0,2
PLCY101,Spring 2023,4.0,4
PLCY101,Spring 2024,3.94,5
PLCY201,Fall 2019,4.0,1
PLCY201,Fall 2020,4.0,2
PLCY201,Fall 2021,3.87,7
PLCY201,Fall 2022,3.86,5
PLCY201,Fall 2023,3.88,8
PLCY201,Fall 2024,3.81,12
PLCY201,Spring 2018,4.0,1
PLCY201,Spring 2022,3.5,2
PLCY201,Spring 2023,3.54,8
PLCY201,Spring 2024,3.86,7
PLCY201,Spring 2025,4.0,2
PLCY201S,Fall 2021,4.0,1
PLCY201S,Fall 2022,4.0,3
PLCY201S,Fall 2024,4.0,1
PLCY201S,Spring 2024,3.7,1
PLCY203,Fall 2022,3.42,4
PLCY203,Fall 2023,3.0,1
PLCY203,Fall 2024,3.54,5
PLCY203,Spring 2022,4.0,1
PLCY203,Spring 2024,4.0,1
PLCY203,Spring 2025,3.57,3
PLCY213,Fall 2021,4.0,1
PLCY213,Fall 2022,3.8,3
PLCY213,Fall 2023,3.67,3
PLCY213,Fall 2024,3.6,4
PLCY213,Spring 2022,3.5,2
PLCY213,Spring 2023,4.0,1
PLCY213,Spring 2024,4.0,4
PLCY214,Fall 2024,3.7,1
PLCY288A,Fall 2022,3.7,1
PLCY288A,Fall 2023,4.0,1
PLCY288B,Spring 2023,4.0,1
PLCY288F,Fall 2023,3.85,2
PLCY288J,Fall 2024,3.7,1
PLCY288L,Fall 2022,4.0,1
PLCY288W,Spring 2024,4.0,1
PLCY300,Fall 2022,3.7,1
PLCY300,Fall 2024,4.0,1
PLCY300,Spring 2023,4.0,1
PLCY300,Spring 2024,3.85,2
PLCY300,Spring 2025,4.0,1
PLCY301,Fall 2020,4.0,1
PLCY301,Fall 2022,3.0,1
PLCY301,Fall 2024,4.0,1
PLCY301,Spring 2021,3.3,1
PLCY302,Fall 2022,4.0,3
PLCY302,Fall 2023,4.0,1
PLCY302,Fall 2024,3.85,6
PLCY302,Spring 2020,4.0,1
PLCY302,Spring 2022,4.0,1
PLCY302,Spring 2023,3.67,6
PLCY302,Spring 2024,4.0,1
PLCY303,Fall 2023,4.0,1
PLCY303,Fall 2024,4.0,3
PLCY303,Spring 2022,4.0,1
PLCY303,Spring 2024,4.0,1
PLCY304,Fall 2024,3.65,4
PLCY304,Spring 2023,3.3,2
PLCY306,Fall 2023,3.35,2
PLCY306,Fall 2024,3.78,6
PLCY310,Fall 2022,4.0,2
PLCY310,Fall 2023,4.0,1
PLCY310,Spring 2021,4.0,1
PLCY310,Spring 2023,4.0,1
PLCY311,Fall 2019,3.0,1
PLCY311,Fall 2021,4.0,1
PLCY311,Spring 2018,3.7,1
PLCY313,Fall 2019,4.0,1
PLCY313,Fall 2022,3.5,2
PLCY313,Fall 2023,4.0,1
PLCY313,Fall 2024,3.67,3
PLCY313,Spring 2022,4.0,1
PLCY313,Spring 2023,4.0,1
PLCY380,Fall 2023,4.0,1
PLCY380,Spring 2023,3.7,1
PLCY380,Spring 2024,4.0,2
PLCY388A,Fall 2023,4.0,2
PLCY388A,Spring 2025,4.0,2
PLCY388B,Fall 2024,3.85,2
PLCY388D,Fall 2020,3.7,1
PLCY388D,Spring 2020,4.0,1
PLCY388D,Spring 2021,3.3,1
PLCY388D,Spring 2023,4.0,1
PLCY388M,Fall 2019,4.0,1
PLCY400,Fall 2024,4.0,1
PLCY401,Fall 2024,3.7,1
PLCY401,Spring 2025,4.0,1
PLCY610,Fall 2023,4.0,2
PLCY610,Spring 2024,4.0,1
PLCY630,Fall 2023,4.0,1
PLCY630,Fall 2024,3.76,12
PLCY630,Spring 2024,3.7,1
PLCY631,Fall 2024,3.7,1
PLCY640,Fall 2024,2.0,1
PLCY688E,Fall 2024,3.7,1
PLCY711,Fall 2024,4.0,1
PLCY752,Fall 2024,4.0,2
PLSC100,Fall 2012,3.0,1
PLSC100,Fall 2014,3.7,1
PLSC100,Spring 2019,3.35,2
PLSC100,Spring 2020,3.7,1
PLSC101,Spring 2019,4.0,1
PLSC110,Fall 2021,4.0,1
PLSC110,Spring 2021,3.7,1
PLSC110,Spring 2023,3.43,3
PLSC110,Spring 2024,4.0,3
PLSC111,Spring 2022,2.0,1
PLSC112,Fall 2023,4.0,1
PLSC112,Fall 2024,3.7,1
PLSC112,Spring 2024,4.0,1
PLSC113,Fall 2023,3.7,1
PLSC113,Fall 2024,2.4,4
PLSC113,Spring 2025,3.0,1
PLSC115,Fall 2020,4.0,1
PLSC115,Fall 2024,3.7,1
PLSC115,Spring 2019,3.7,1
PLSC125,Fall 2018,4.0,2
PLSC125,Fall 2022,4.0,2
PLSC125,Spring 2018,3.7,1
PLSC125,Spring 2024,3.7,1
PLSC130,Fall 2022,3.7,1
PLSC201,Fall 2024,4.0,1
PLSC201,Spring 2022,3.3,1
PLSC203,Fall 2022,4.0,1
PLSC203,Spring 2019,3.3,1
PLSC205,Fall 2022,3.7,1
PLSC253,Fall 2022,4.0,1
PLSC253,Spring 2023,4.0,1
PLSC254,Spring 2022,4.0,1
PLSC271,Spring 2024,4.0,1
PLSC275,Fall 2020,4.0,1
PLSC275,Spring 2016,3.7,1
PLSC275,Spring 2022,4.0,1
PLSC275,Spring 2023,2.0,1
PLSC303,Fall 2023,4.0,1
PLSC400,Spring 2024,2.7,1
PLSC420,Spring 2023,3.9,3
PORT203,Spring 2023,4.0,1
PORT203,Spring 2024,4.0,1
PORT223,Fall 2008,4.0,1
PORT223,Fall 2011,4.0,1
PORT409A,Fall 2024,4.0,2
PSYC100,Fall 2011,3.7,1
PSYC100,Fall 2013,3.0,1
PSYC100,Fall 2017,2.3,1
PSYC100,Fall 2018,3.0,1
PSYC100,Fall 2019,3.5,2
PSYC100,Fall 2020,3.75,4
PSYC100,Fall 2021,4.0,7
PSYC100,Fall 2022,3.92,16
PSYC100,Fall 2023,3.67,17
PSYC100,Fall 2024,3.91,22
PSYC100,Spring 2011,3.85,2
PSYC100,Spring 2014,4.0,1
PSYC100,Spring 2015,1.0,1
PSYC100,Spring 2018,3.3,1
PSYC100,Spring 2020,4.0,1
PSYC100,Spring 2021,3.67,4
PSYC100,Spring 2022,3.87,10
PSYC100,Spring 2023,3.94,10
PSYC100,Spring 2024,3.87,18
PSYC100,Spring 2025,4.0,3
PSYC123,Spring 2021,4.0,1
PSYC123,Spring 2024,4.0,3
PSYC200,Fall 2010,3.43,7
PSYC200,Fall 2011,4.0,1
PSYC200,Fall 2013,3.0,1
PSYC200,Fall 2022,4.0,2
PSYC200,Fall 2023,2.0,1
PSYC200,Fall 2024,3.34,12
PSYC200,Spring 2011,3.75,4
PSYC200,Spring 2012,4.0,1
PSYC200,Spring 2013,4.0,1
PSYC200,Spring 2014,2.0,1
PSYC200,Spring 2015,4.0,1
PSYC200,Spring 2016,1.7,1
PSYC200,Spring 2019,4.0,1
PSYC200,Spring 2020,3.0,1
PSYC200,Spring 2021,3.77,3
PSYC200,Spring 2022,3.68,5
PSYC200,Spring 2023,3.59,7
PSYC200,Spring 2024,3.67,10
PSYC200,Spring 2025,3.85,2
PSYC202,Fall 2024,4.0,1
PSYC202,Spring 2021,4.0,1
PSYC207,Spring 2022,4.0,1
PSYC207,Spring 2023,4.0,1
PSYC210,Fall 2023,3.7,1
PSYC210,Spring 2022,4.0,2
PSYC221,Fall 2008,4.0,1
PSYC221,Fall 2010,3.0,3
PSYC221,Fall 2011,3.92,4
PSYC221,Fall 2012,3.7,1
PSYC221,Fall 2015,4.0,1
PSYC221,Fall 2018,3.65,2
PSYC221,Fall 2019,4.0,1
PSYC221,Fall 2020,4.0,1
PSYC221,Fall 2021,4.0,1
PSYC221,Fall 2022,4.0,10
PSYC221,Fall 2023,3.98,12
PSYC221,Fall 2024,3.95,19
PSYC221,Spring 2009,3.74,5
PSYC221,Spring 2010,3.75,4
PSYC221,Spring 2011,2.66,8
PSYC221,Spring 2012,4.0,1
PSYC221,Spring 2016,4.0,1
PSYC221,Spring 2019,3.85,2
PSYC221,Spring 2020,4.0,2
PSYC221,Spring 2021,4.0,6
PSYC221,Spring 2022,3.92,4
PSYC221,Spring 2023,3.88,5
PSYC221,Spring 2024,3.92,11
PSYC221,Spring 2025,4.0,2
PSYC221H,Fall 2015,4.0,1
PSYC221H,Spring 2009,4.0,1
PSYC232,Spring 2021,4.0,1
PSYC234,Fall 2021,4.0,1
PSYC234,Fall 2022,4.0,6
PSYC234,Fall 2023,3.94,5
PSYC234,Fall 2024,3.8,5
PSYC234,Spring 2022,4.0,4
PSYC234,Spring 2023,3.94,5
PSYC234,Spring 2024,3.92,4
PSYC262,Fall 2023,3.92,4
PSYC262,Fall 2024,4.0,1
PSYC262,Spring 2024,3.5,2
PSYC289D,Spring 2014,4.0,1
PSYC289D,Spring 2016,3.7,1
PSYC289D,Spring 2018,4.0,1
PSYC289D,Spring 2019,1.7,1
PSYC289E,Fall 2012,4.0,2
PSYC289E,Fall 2013,3.85,2
PSYC289E,Spring 2013,4.0,1
PSYC289E,Spring 2014,4.0,1
PSYC289E,Spring 2015,4.0,2
PSYC300,Fall 2010,3.0,1
PSYC300,Fall 2012,3.0,1
PSYC300,Fall 2018,3.7,1
PSYC300,Fall 2022,3.7,1
PSYC300,Fall 2023,3.79,11
PSYC300,Fall 2024,3.78,11
PSYC300,Spring 2018,4.0,1
PSYC300,Spring 2022,3.9,3
PSYC300,Spring 2023,4.0,1
PSYC300,Spring 2024,3.82,5
PSYC301,Fall 2009,3.7,1
PSYC301,Fall 2013,4.0,1
PSYC301,Fall 2019,4.0,2
PSYC301,Fall 2020,4.0,1
PSYC301,Spring 2010,3.0,1
PSYC301,Spring 2013,2.0,1
PSYC301,Spring 2015,3.3,1
PSYC301,Spring 2020,3.65,2
PSYC302,Fall 2021,2.87,3
PSYC302,Fall 2022,4.0,1
PSYC302,Fall 2023,3.35,2
PSYC303,Fall 2024,4.0,1
PSYC304,Fall 2022,3.67,3
PSYC304,Fall 2024,4.0,4
PSYC304,Spring 2024,3.35,2
PSYC304,Spring 2025,3.7,1
PSYC309K,Fall 2009,4.0,1
PSYC309K,Fall 2010,4.0,1
PSYC309U,Spring 2020,4.0,1
PSYC318D,Fall 2020,4.0,2
PSYC318D,Fall 2024,4.0,1
PSYC330,Fall 2022,4.0,1
PSYC330,Fall 2023,4.0,1
PSYC330,Fall 2024,4.0,1
PSYC330,Spring 2021,4.0,1
PSYC330,Spring 2023,3.7,1
PSYC330,Spring 2024,4.0,2
PSYC334,Fall 2010,3.25,4
PSYC334,Fall 2011,4.0,1
PSYC334,Fall 2015,3.7,1
PSYC334,Fall 2023,4.0,1
PSYC334,Fall 2024,3.7,1
PSYC334,Spring 2009,4.0,1
PSYC334,Spring 2010,3.9,3
PSYC334,Spring 2011,4.0,2
PSYC334,Spring 2012,4.0,2
PSYC334,Spring 2013,4.0,1
PSYC334,Spring 2015,3.3,1
PSYC334,Spring 2020,4.0,1
PSYC334,Spring 2024,3.75,4
PSYC336,Fall 2010,3.65,2
PSYC336,Fall 2011,4.0,1
PSYC336,Fall 2022,3.2,2
PSYC336,Fall 2023,3.7,1
PSYC336,Fall 2024,3.43,3
PSYC336,Spring 2011,3.7,1
PSYC336,Spring 2012,3.67,3
PSYC336,Spring 2014,4.0,1
PSYC336,Spring 2023,4.0,1
PSYC336,Spring 2024,3.67,3
PSYC336,Spring 2025,4.0,1
PSYC341,Fall 2007,4.0,2
PSYC341,Fall 2022,3.85,2
PSYC341,Spring 2022,3.85,2
PSYC341,Spring 2023,3.77,3
PSYC341,Spring 2024,4.0,1
PSYC341,Spring 2025,3.7,1
PSYC344,Fall 2021,4.0,2
PSYC344,Fall 2022,4.0,1
PSYC344,Fall 2024,4.0,2
PSYC344,Spring 2023,4.0,1
PSYC344,Spring 2024,4.0,1
PSYC353,Fall 2010,4.0,1
PSYC353,Fall 2011,4.0,1
PSYC353,Fall 2015,4.0,1
PSYC353,Fall 2020,4.0,1
PSYC353,Fall 2023,4.0,3
PSYC353,Fall 2024,4.0,2
PSYC353,Spring 2009,4.0,1
PSYC353,Spring 2010,3.12,6
PSYC353,Spring 2011,4.0,1
PSYC353,Spring 2018,3.0,1
PSYC353,Spring 2019,4.0,1
PSYC353,Spring 2020,4.0,1
PSYC353,Spring 2022,3.7,1
PSYC353,Spring 2024,4.0,3
PSYC354,Fall 2012,4.0,1
PSYC354,Fall 2022,3.5,4
PSYC354,Fall 2023,3.6,5
PSYC354,Fall 2024,3.85,2
PSYC354,Spring 2013,3.3,1
PSYC354,Spring 2018,4.0,1
PSYC354,Spring 2020,4.0,2
PSYC354,Spring 2021,2.7,1
PSYC354,Spring 2022,4.0,2
PSYC354,Spring 2024,4.0,2
PSYC355,Fall 2008,4.0,1
PSYC355,Fall 2009,3.0,1
PSYC355,Fall 2011,3.33,3
PSYC355,Fall 2014,3.35,2
PSYC355,Fall 2018,4.0,1
PSYC355,Fall 2023,3.77,3
PSYC355,Fall 2024,3.86,5
PSYC355,Spring 2009,4.0,1
PSYC355,Spring 2023,4.0,1
PSYC355,Spring 2024,3.5,6
PSYC361,Fall 2010,4.0,1
PSYC361,Fall 2023,4.0,1
PSYC361,Fall 2024,4.0,2
PSYC361,Spring 2011,4.0,1
PSYC361,Spring 2024,4.0,1
PSYC381,Fall 2024,4.0,1
PSYC381,Spring 2024,4.0,1
PSYC401,Spring 2011,4.0,1
PSYC402,Fall 2012,4.0,1
PSYC402,Spring 2009,4.0,1
PSYC402,Spring 2012,4.0,1
PSYC404,Fall 2023,4.0,2
PSYC406,Spring 2013,3.3,1
PSYC407,Fall 2013,3.0,1
PSYC409,Fall 2018,4.0,1
PSYC411,Fall 2022,4.0,1
PSYC416,Fall 2018,4.0,1
PSYC417,Fall 2024,4.0,1
PSYC417,Spring 2022,4.0,2
PSYC420,Fall 2012,3.3,1
PSYC420,Fall 2024,3.88,11
PSYC420,Spring 2023,4.0,2
PSYC424,Spring 2012,4.0,2
PSYC425,Fall 2022,4.0,1
PSYC425,Spring 2024,3.3,1
PSYC425,Spring 2025,3.65,2
PSYC432,Fall 2017,4.0,1
PSYC432,Fall 2021,4.0,1
PSYC432,Fall 2022,4.0,1
PSYC432,Fall 2023,3.7,1
PSYC432,Fall 2024,3.74,5
PSYC432,Spring 2011,4.0,2
PSYC432,Spring 2023,3.0,1
PSYC432,Spring 2025,4.0,1
PSYC433,Fall 2010,4.0,1
PSYC433,Fall 2023,3.15,2
PSYC433,Fall 2024,4.0,2
PSYC433,Spring 2024,4.0,1
PSYC436,Fall 2012,4.0,1
PSYC436,Fall 2022,4.0,1
PSYC436,Fall 2023,4.0,1
PSYC436,Fall 2024,4.0,2
PSYC436,Spring 2012,4.0,1
PSYC436,Spring 2018,3.7,1
PSYC437,Fall 2023,4.0,2
PSYC437,Fall 2024,4.0,2
PSYC437,Spring 2021,4.0,1
PSYC440,Fall 2011,3.3,1
PSYC444,Fall 2007,4.0,1
PSYC444,Fall 2010,4.0,1
PSYC444,Spring 2009,4.0,1
PSYC444,Spring 2013,4.0,1
PSYC445,Fall 2014,4.0,1
PSYC447,Fall 2024,4.0,1
PSYC450,Fall 2023,4.0,1
PSYC450,Spring 2024,4.0,2
PSYC460,Fall 2015,4.0,1
PSYC460,Fall 2024,3.15,2
PSYC460,Spring 2016,4.0,1
PSYC489A,Fall 2023,4.0,1
PSYC489F,Fall 2023,4.0,1
PSYC489F,Spring 2023,3.8,3
PSYC489F,Spring 2024,4.0,2
PSYC489G,Fall 2020,3.3,1
PSYC489R,Spring 2022,4.0,2
PSYC489T,Fall 2024,3.7,1
PSYC489U,Spring 2020,3.7,1
PSYC489Y,Fall 2021,4.0,1
PSYC489Y,Fall 2024,4.0,1
PSYC489Z,Spring 2022,4.0,1
PUAF201,Fall 2008,3.0,1
PUAF201,Fall 2009,4.0,1
PUAF201,Fall 2010,3.0,1
PUAF201,Fall 2011,4.0,2
PUAF201,Fall 2012,3.0,1
PUAF201,Spring 2009,3.0,1
PUAF641,Spring 2009,4.0,1
PUAF711,Fall 2021,3.7,1
RDEV250,Fall 2017,4.0,1
RDEV250,Fall 2022,4.0,1
RDEV250,Fall 2023,4.0,1
RDEV250,Fall 2024,3.35,2
RDEV250,Spring 2023,4.0,2
RDEV250,Spring 2024,4.0,1
RDEV250,Spring 2025,3.7,1
RDEV350,Fall 2022,4.0,1
RDEV350,Fall 2023,4.0,1
RDEV350,Fall 2024,4.0,2
RDEV350,Spring 2023,4.0,1
RDEV350,Spring 2024,3.7,1
RDEV350,Spring 2025,2.7,1
RDEV450,Fall 2023,4.0,1
RDEV450,Spring 2024,4.0,1
RELS170,Spring 2023,3.7,1
RELS271,Fall 2022,4.0,1
RELS271,Spring 2023,4.0,1
RELS271,Spring 2024,4.0,1
RELS274,Fall 2023,4.0,1
RELS289C,Spring 2024,3.7,1
RELS289I,Fall 2017,3.7,1
RELS289M,Spring 2021,3.3,1
RELS342,Spring 2025,4.0,1
RUSS101,Fall 2014,4.0,1
RUSS101,Fall 2021,4.0,1
RUSS101,Fall 2022,4.0,1
RUSS101,Fall 2024,4.0,3
RUSS101,Spring 2013,4.0,1
RUSS101,Spring 2020,4.0,1
RUSS101,Spring 2023,4.0,1
RUSS101,Spring 2025,4.0,1
RUSS102,Fall 2023,4.0,1
RUSS102,Spring 2012,4.0,1
RUSS203,Spring 2011,4.0,1
RUSS221,Spring 2011,4.0,1
RUSS222,Fall 2013,3.0,1
RUSS287,Fall 2024,4.0,2
RUSS302,Spring 2018,4.0,1
SLAA410,Spring 2021,4.0,1
SLLC280,Fall 2023,3.85,2
SLLC280,Fall 2024,4.0,1
SLLC286,Fall 2018,4.0,1
SLLC286,Fall 2020,4.0,4
SLLC286,Fall 2022,4.0,1
SLLC286,Fall 2023,4.0,3
SLLC286,Fall 2024,4.0,1
SLLC286,Spring 2018,4.0,1
SLLC286,Spring 2020,4.0,1
SLLC286,Spring 2021,4.0,2
SLLC286,Spring 2022,4.0,2
SLLC286,Spring 2023,3.75,4
SLLC286,Spring 2024,4.0,2
SLLC309,Fall 2020,4.0,1
SMLP471,Fall 2022,4.0,1
SMLP471,Spring 2024,4.0,1
SOCY100,Fall 2007,3.9,3
SOCY100,Fall 2008,3.5,2
SOCY100,Fall 2014,4.0,1
SOCY100,Fall 2019,2.0,1
SOCY100,Fall 2020,3.94,5
SOCY100,Fall 2021,3.92,4
SOCY100,Fall 2022,3.77,7
SOCY100,Fall 2023,3.53,9
SOCY100,Fall 2024,3.72,21
SOCY100,Spring 2009,3.47,3
SOCY100,Spring 2010,3.67,3
SOCY100,Spring 2019,4.0,1
SOCY100,Spring 2020,4.0,3
SOCY100,Spring 2022,3.1,4
SOCY100,Spring 2023,3.85,11
SOCY100,Spring 2024,3.71,18
SOCY100,Spring 2025,3.77,3
SOCY100H,Fall 2019,4.0,1
SOCY100H,Spring 2021,4.0,2
SOCY105,Fall 2018,4.0,1
SOCY105,Fall 2020,4.0,1
SOCY105,Fall 2021,4.0,2
SOCY105,Fall 2022,3.08,8
SOCY105,Fall 2023,3.6,5
SOCY105,Fall 2024,4.0,2
SOCY105,Spring 2019,4.0,1
SOCY105,Spring 2021,3.9,3
SOCY105,Spring 2022,4.0,1
SOCY105,Spring 2023,2.3,1
SOCY105,Spring 2024,4.0,3
SOCY105,Spring 2025,3.7,1
SOCY125,Fall 2023,3.0,1
SOCY200,Fall 2014,3.7,1
SOCY200,Fall 2022,4.0,1
SOCY200,Fall 2023,3.2,2
SOCY200,Fall 2024,3.8,3
SOCY200,Spring 2013,2.0,1
SOCY200,Spring 2024,3.57,3
SOCY201,Fall 2008,4.0,1
SOCY201,Spring 2009,3.3,1
SOCY202,Fall 2024,4.0,1
SOCY202,Spring 2023,4.0,1
SOCY203,Fall 2024,4.0,1
SOCY203,Spring 2024,4.0,1
SOCY222,Fall 2023,4.0,1
SOCY224,Fall 2023,3.92,4
SOCY224,Fall 2024,4.0,4
SOCY224,Spring 2022,4.0,1
SOCY224,Spring 2023,4.0,2
SOCY224,Spring 2024,4.0,8
SOCY224,Spring 2025,4.0,2
SOCY225,Fall 2023,2.7,1
SOCY227,Fall 2023,4.0,1
SOCY227,Spring 2023,4.0,1
SOCY230,Fall 2022,3.8,5
SOCY230,Fall 2023,4.0,6
SOCY230,Fall 2024,4.0,1
SOCY230,Spring 2011,3.0,1
SOCY230,Spring 2014,4.0,1
SOCY230,Spring 2021,4.0,1
SOCY230,Spring 2023,3.85,2
SOCY230,Spring 2024,4.0,5
SOCY230,Spring 2025,4.0,1
SOCY236,Fall 2022,3.3,1
SOCY241,Fall 2024,4.0,2
SOCY241,Spring 2023,3.7,1
SOCY241,Spring 2024,4.0,1
SOCY242,Fall 2021,4.0,1
SOCY242,Fall 2022,4.0,1
SOCY242,Spring 2021,4.0,1
SOCY242,Spring 2023,3.85,2
SOCY242,Spring 2024,4.0,1
SOCY243,Fall 2022,4.0,2
SOCY243,Fall 2023,3.67,3
SOCY243,Spring 2024,4.0,1
SOCY245,Fall 2024,3.6,5
SOCY245,Spring 2024,3.7,1
SOCY245,Spring 2025,4.0,2
SOCY277,Fall 2024,4.0,1
SOCY277,Spring 2024,4.0,1
SOCY305,Fall 2011,4.0,1
SOCY305,Spring 2010,3.0,1
SOCY325,Fall 2020,4.0,1
SOCY325,Spring 2019,4.0,1
SOCY335,Fall 2022,3.0,1
SOCY335,Fall 2023,3.65,2
SOCY335,Fall 2024,3.43,6
SOCY335,Spring 2020,4.0,1
SOCY335,Spring 2023,3.5,2
SOCY335,Spring 2024,3.85,2
SOCY340,Spring 2023,4.0,1
SOCY340,Spring 2025,3.79,8
SOCY343,Fall 2024,4.0,1
SOCY391,Spring 2023,4.0,1
SOCY398G,Fall 2021,4.0,1
SOCY410,Fall 2012,3.7,1
SOCY410,Fall 2024,4.0,1
SOCY431,Spring 2011,3.0,1
SOCY463,Fall 2023,4.0,1
SOCY463,Spring 2024,4.0,1
SOCY465,Fall 2024,3.0,1
SOCY490,Spring 2024,3.5,2
SOCY498M,Spring 2010,4.0,1
SOCY621,Spring 2023,4.0,1
SOCY634,Spring 2023,3.3,1
SOCY699B,Spring 2023,3.3,1
SPAN103,Fall 2022,3.85,2
SPAN103,Fall 2023,4.0,1
SPAN103,Fall 2024,4.0,2
SPAN103,Spring 2023,4.0,1
SPAN103,Spring 2025,3.7,1
SPAN203,Fall 2011,4.0,2
SPAN203,Fall 2016,4.0,1
SPAN203,Fall 2023,3.85,2
SPAN203,Fall 2024,4.0,3
SPAN203,Spring 2012,3.0,1
SPAN203,Spring 2022,3.3,1
SPAN203,Spring 2024,3.7,1
SPAN204,Fall 2019,2.3,1
SPAN204,Fall 2020,3.3,1
SPAN204,Fall 2022,3.85,2
SPAN204,Fall 2023,3.85,2
SPAN204,Fall 2024,4.0,2
SPAN204,Spring 2022,4.0,1
SPAN204,Spring 2023,4.0,1
SPAN204,Spring 2024,3.85,2
SPAN207,Fall 2016,4.0,1
SPAN207,Fall 2019,4.0,1
SPAN207,Fall 2021,4.0,1
SPAN207,Fall 2022,4.0,3
SPAN207,Fall 2023,3.17,4
SPAN207,Fall 2024,3.9,3
SPAN207,Spring 2011,3.7,1
SPAN207,Spring 2022,4.0,1
SPAN207,Spring 2023,3.25,4
SPAN207,Spring 2024,4.0,1
SPAN207,Spring 2025,4.0,1
SPAN301,Fall 2019,4.0,3
SPAN301,Fall 2020,4.0,1
SPAN301,Fall 2022,4.0,1
SPAN301,Fall 2023,3.33,3
SPAN301,Fall 2024,4.0,3
SPAN301,Spring 2009,4.0,1
SPAN301,Spring 2012,3.7,1
SPAN301,Spring 2019,3.0,1
SPAN301,Spring 2021,4.0,2
SPAN301,Spring 2022,4.0,1
SPAN301,Spring 2023,4.0,1
SPAN301,Spring 2024,3.62,6
SPAN302,Spring 2009,4.0,2
SPAN302,Spring 2011,4.0,1
SPAN302,Spring 2012,3.7,1
SPAN303,Fall 2019,3.0,1
SPAN303,Fall 2022,3.92,4
SPAN303,Fall 2023,3.5,2
SPAN303,Fall 2024,4.0,2
SPAN303,Spring 2011,4.0,1
SPAN303,Spring 2021,4.0,1
SPAN303,Spring 2023,3.7,2
SPAN303,Spring 2024,3.43,3
SPAN303,Spring 2025,4.0,3
SPAN306,Fall 2023,4.0,1
SPAN306,Spring 2024,3.7,1
SPAN307,Fall 2012,4.0,1
SPAN307,Spring 2014,4.0,1
SPAN311,Fall 2007,4.0,2
SPAN311,Fall 2021,4.0,1
SPAN311,Fall 2022,4.0,2
SPAN311,Fall 2024,4.0,1
SPAN311,Spring 2020,4.0,1
SPAN311,Spring 2023,4.0,1
SPAN311,Spring 2024,3.65,2
SPAN311,Spring 2025,4.0,1
SPAN315,Fall 2013,4.0,1
SPAN315,Spring 2013,4.0,1
SPAN316,Fall 2023,4.0,1
SPAN316,Spring 2021,3.7,1
SPAN316,Spring 2022,4.0,1
SPAN316,Spring 2024,2.7,1
SPAN331,Fall 2020,4.0,1
SPAN331,Fall 2023,2.0,1
SPAN333,Fall 2008,4.0,1
SPAN333,Fall 2014,3.3,1
SPAN333,Spring 2013,2.7,1
SPAN359E,Spring 2024,4.0,1
SPAN361,Fall 2013,3.3,1
SPAN361,Fall 2022,4.0,1
SPAN361,Fall 2024,3.85,2
SPAN362,Fall 2009,4.0,1
SPAN362,Spring 2011,2.7,1
SPAN363,Fall 2023,2.0,1
SPAN363,Spring 2018,4.0,1
SPAN363,Spring 2022,4.0,1
SPAN363,Spring 2024,4.0,1
SPAN370,Fall 2020,4.0,1
SPAN371,Spring 2023,4.0,1
SPAN372,Fall 2022,4.0,1
SPAN372,Fall 2023,4.0,1
SPAN374,Fall 2022,3.3,1
SPAN408I,Spring 2014,4.0,1
SPAN408O,Spring 2013,4.0,1
SPAN408Q,Spring 2022,4.0,1
SPAN408V,Fall 2012,4.0,1
SPAN408W,Spring 2013,4.0,1
SPAN422,Fall 2018,4.0,1
SPAN422,Spring 2018,4.0,1
SPAN431,Spring 2024,4.0,1
SPAN442,Spring 2023,3.7,1
SPHL100,Fall 2020,4.0,1
SPHL100,Fall 2021,4.0,2
SPHL100,Fall 2022,3.84,9
SPHL100,Fall 2023,3.82,5
SPHL100,Fall 2024,3.69,14
SPHL100,Spring 2020,3.3,1
SPHL100,Spring 2021,3.3,1
SPHL100,Spring 2022,4.0,1
SPHL100,Spring 2023,3.92,4
SPHL100,Spring 2024,3.9,3
SPHL100,Spring 2025,4.0,1
SPHL600,Fall 2022,4.0,1
SPHL601,Fall 2022,3.92,4
SPHL602,Fall 2022,3.0,2
SPHL602,Fall 2023,4.0,1
SPHL610,Fall 2023,4.0,1
SPHL620,Fall 2023,4.0,1
STAT100,Fall 2019,4.0,1
STAT100,Fall 2020,3.8,5
STAT100,Fall 2021,3.74,5
STAT100,Fall 2022,3.87,18
STAT100,Fall 2023,3.9,41
STAT100,Fall 2024,3.85,33
STAT100,Spring 2016,2.7,1
STAT100,Spring 2018,3.3,1
STAT100,Spring 2019,4.0,1
STAT100,Spring 2021,3.35,2
STAT100,Spring 2022,3.83,15
STAT100,Spring 2023,3.64,27
STAT100,Spring 2024,3.71,17
STAT100,Spring 2025,4.0,1
STAT110,Spring 2023,4.0,1
STAT400,Fall 2007,3.5,2
STAT400,Fall 2008,3.8,5
STAT400,Fall 2009,3.0,3
STAT400,Fall 2010,3.67,4
STAT400,Fall 2011,3.0,4
STAT400,Fall 2012,3.0,2
STAT400,Fall 2013,4.0,1
STAT400,Fall 2014,4.0,4
STAT400,Fall 2017,3.65,2
STAT400,Fall 2018,3.5,6
STAT400,Fall 2019,3.67,4
STAT400,Fall 2020,3.89,12
STAT400,Fall 2021,3.86,16
STAT400,Fall 2022,3.16,37
STAT400,Fall 2023,3.6,37
STAT400,Fall 2024,3.75,49
STAT400,Spring 2008,4.0,2
STAT400,Spring 2009,3.1,3
STAT400,Spring 2010,4.0,2
STAT400,Spring 2011,3.6,5
STAT400,Spring 2012,4.0,2
STAT400,Spring 2013,4.0,1
STAT400,Spring 2016,4.0,1
STAT400,Spring 2018,3.47,7
STAT400,Spring 2019,3.4,5
STAT400,Spring 2020,3.81,9
STAT400,Spring 2021,3.67,11
STAT400,Spring 2022,3.97,21
STAT400,Spring 2023,3.61,37
STAT400,Spring 2024,3.59,26
STAT400,Spring 2025,3.73,11
STAT401,Fall 2018,3.7,1
STAT401,Fall 2019,3.15,2
STAT401,Fall 2020,3.7,1
STAT401,Fall 2022,4.0,11
STAT401,Fall 2023,3.81,10
STAT401,Fall 2024,4.0,5
STAT401,Spring 2019,4.0,3
STAT401,Spring 2020,4.0,2
STAT401,Spring 2021,4.0,3
STAT401,Spring 2022,4.0,1
STAT401,Spring 2023,4.0,9
STAT401,Spring 2024,3.57,12
STAT410,Fall 2011,4.0,1
STAT410,Fall 2018,3.92,4
STAT410,Fall 2019,4.0,1
STAT410,Fall 2020,3.33,3
STAT410,Fall 2021,3.85,2
STAT410,Fall 2022,4.0,8
STAT410,Fall 2023,3.91,7
STAT410,Fall 2024,3.85,13
STAT410,Spring 2013,4.0,1
STAT410,Spring 2018,3.35,2
STAT410,Spring 2019,4.0,3
STAT410,Spring 2020,3.0,2
STAT410,Spring 2021,3.35,2
STAT410,Spring 2022,3.5,2
STAT410,Spring 2023,3.78,12
STAT410,Spring 2024,3.88,8
STAT420,Fall 2008,3.3,1
STAT420,Fall 2018,4.0,1
STAT420,Fall 2019,3.3,1
STAT420,Fall 2023,4.0,2
STAT420,Fall 2024,3.42,4
STAT420,Spring 2019,2.65,2
STAT420,Spring 2021,3.13,3
STAT420,Spring 2023,3.65,2
STAT420,Spring 2024,3.95,6
STAT426,Fall 2022,3.7,1
STAT426,Fall 2023,4.0,1
STAT426,Spring 2023,4.0,1
STAT430,Fall 2016,3.0,1
STAT430,Fall 2019,4.0,1
STAT430,Fall 2020,4.0,1
STAT430,Fall 2021,3.77,3
STAT430,Fall 2022,4.0,1
STAT430,Fall 2023,4.0,4
STAT430,Fall 2024,4.0,2
STAT430,Spring 2008,4.0,1
STAT430,Spring 2009,4.0,1
STAT430,Spring 2011,4.0,1
STAT430,Spring 2021,4.0,2
STAT430,Spring 2023,4.0,3
STAT430,Spring 2024,2.7,1
STAT440,Fall 2019,3.0,1
STAT440,Fall 2021,4.0,1
STAT440,Fall 2022,3.3,1
STAT440,Fall 2023,4.0,3
STAT440,Spring 2018,4.0,1
STAT440,Spring 2023,1.3,1
STAT440,Spring 2024,4.0,1
STAT440,Spring 2025,1.0,1
STAT464,Fall 2010,4.0,1
STAT464,Fall 2012,4.0,1
STAT464,Fall 2020,2.7,1
STAT464,Fall 2021,4.0,1
STAT464,Fall 2023,4.0,1
STAT464,Spring 2023,3.0,2
STAT470,Fall 2022,3.96,7
STAT470,Fall 2023,4.0,6
STAT470,Fall 2024,4.0,1
STAT470,Spring 2020,3.7,1
STAT470,Spring 2023,4.0,2
STAT470,Spring 2024,4.0,2
STAT498J,Fall 2023,4.0,1
STAT650,Spring 2020,4.0,1
SURV410,Fall 2022,4.0,1
SURV740,Fall 2020,3.7,1
TDPS201,Fall 2024,4.0,1
TDPS201,Spring 2023,4.0,1
TDPS201,Spring 2024,4.0,1
TDPS358T,Fall 2022,4.0,1
THET110,Fall 2008,3.96,7
THET110,Fall 2009,4.0,4
THET110,Fall 2012,3.85,2
THET110,Fall 2013,4.0,1
THET110,Fall 2019,4.0,1
THET110,Fall 2020,4.0,1
THET110,Fall 2021,4.0,2
THET110,Fall 2022,4.0,1
THET110,Fall 2023,3.75,4
THET110,Fall 2024,4.0,2
THET110,Spring 2009,4.0,2
THET110,Spring 2010,4.0,1
THET110,Spring 2011,4.0,6
THET110,Spring 2012,4.0,1
THET110,Spring 2013,4.0,2
THET110,Spring 2021,4.0,1
THET110,Spring 2022,4.0,3
THET110,Spring 2023,3.75,12
THET110,Spring 2024,4.0,2
THET222,Fall 2023,4.0,1
THET222,Spring 2022,4.0,1
THET223,Fall 2021,3.7,1
THET223,Fall 2023,4.0,1
THET223,Fall 2024,4.0,1
THET223,Spring 2022,4.0,1
THET223,Spring 2024,4.0,1
THET251,Fall 2024,4.0,1
THET251,Spring 2022,4.0,1
THET251,Spring 2024,4.0,4
THET285,Fall 2018,4.0,1
THET285,Fall 2021,4.0,2
THET285,Fall 2022,4.0,2
THET285,Fall 2023,4.0,3
THET285,Fall 2024,3.67,6
THET285,Spring 2019,4.0,2
THET285,Spring 2021,4.0,2
THET285,Spring 2022,4.0,1
THET285,Spring 2023,4.0,3
THET285,Spring 2024,4.0,5
THET285,Spring 2025,3.85,2
THET287,Spring 2024,2.7,1
THET293,Fall 2022,4.0,1
THET294,Fall 2020,4.0,1
THET294,Spring 2023,4.0,1
THET294,Spring 2024,4.0,1
THET310,Fall 2024,4.0,1
THET325,Spring 2022,4.0,1
THET328L,Fall 2024,4.0,1
THET330,Fall 2008,4.0,1
THET351,Fall 2024,4.0,1
THET408G,Fall 2022,4.0,1
TLPL101,Fall 2019,4.0,1
TLPL101,Fall 2021,4.0,1
TLPL101,Fall 2022,4.0,1
TLPL101,Fall 2023,4.0,1
TLPL101,Fall 2024,4.0,1
TLPL101,Spring 2021,4.0,1
TLPL101,Spring 2022,4.0,1
TLPL101,Spring 2023,4.0,1
TLPL101,Spring 2024,4.0,1
TLPL102,Fall 2024,4.0,1
TLPL102,Spring 2024,4.0,2
TLPL206,Fall 2022,4.0,1
TLPL206,Fall 2023,4.0,2
TLPL206,Fall 2024,4.0,5
TLPL206,Spring 2023,4.0,1
TLPL250,Fall 2018,4.0,1
TLPL250,Fall 2019,4.0,1
TLPL250,Fall 2020,3.0,1
TLPL250,Fall 2022,3.85,2
TLPL250,Fall 2023,4.0,2
TLPL250,Fall 2024,3.67,6
TLPL250,Spring 2020,4.0,2
TLPL250,Spring 2022,4.0,1
TLPL250,Spring 2023,4.0,4
TLPL250,Spring 2024,4.0,5
TLPL251,Spring 2023,4.0,1
TLPL251,Spring 2025,4.0,1
TLPL286,Fall 2024,4.0,1
TLPL287,Spring 2024,4.0,2
TLPL288C,Spring 2021,4.0,1
TLPL288K,Fall 2023,4.0,1
TLPL288K,Spring 2023,4.0,3
TLPL288K,Spring 2024,4.0,1
TLPL288R,Fall 2022,3.35,2
TLPL288W,Fall 2019,4.0,1
TLPL288W,Fall 2020,4.0,1
TLPL340,Fall 2022,4.0,1
TLPL340,Spring 2022,4.0,1
TLPL340,Spring 2025,4.0,1
TLPL360,Fall 2021,3.7,1
TLPL360,Fall 2022,4.0,1
TLPL360,Fall 2024,4.0,2
TLPL360,Spring 2019,4.0,1
TLPL360,Spring 2020,4.0,1
TLPL360,Spring 2022,4.0,1
TLPL360,Spring 2023,4.0,1
TLPL360,Spring 2024,4.0,2
TLPL442,Fall 2023,4.0,1
TLPL443,Spring 2024,4.0,1
TLPL451,Fall 2021,4.0,1
TLPL451,Fall 2022,4.0,1
TLPL451,Fall 2023,4.0,3
TLPL451,Fall 2024,4.0,1
TLPL453,Spring 2024,4.0,1
TLPL457,Fall 2022,4.0,1
TLPL457,Spring 2024,4.0,2
TLPL462,Fall 2023,4.0,1
TLPL470,Spring 2022,4.0,1
TLTC310,Fall 2023,4.0,1
TLTC310,Spring 2024,4.0,1
TLTC333,Fall 2021,4.0,1
TLTC333,Fall 2022,4.0,2
TLTC333,Fall 2023,4.0,1
TLTC399,Fall 2022,4.0,1
UMEI005,Fall 2022,3.7,1
UMEI005,Fall 2023,4.0,1
UNIV100,Fall 2008,4.0,1
UNIV100,Fall 2010,4.0,3
UNIV100,Fall 2011,4.0,1
UNIV100,Fall 2018,4.0,5
UNIV100,Fall 2019,3.67,3
UNIV100,Fall 2020,3.81,7
UNIV100,Fall 2021,3.92,11
UNIV100,Fall 2022,3.85,20
UNIV100,Fall 2023,3.95,25
UNIV100,Fall 2024,3.95,21
UNIV100,Spring 2018,4.0,2
UNIV100,Spring 2019,4.0,2
UNIV100,Spring 2020,4.0,2
UNIV100,Spring 2021,4.0,4
UNIV100,Spring 2022,4.0,5
UNIV100,Spring 2023,4.0,9
UNIV100,Spring 2024,4.0,9
UNIV100,Spring 2025,4.0,3
UNIV106,Fall 2020,4.0,1
UNIV106,Fall 2024,4.0,1
UNIV107,Fall 2023,4.0,1
UNIV108,Fall 2021,3.7,1
UNIV108,Fall 2022,4.0,2
UNIV108,Fall 2023,4.0,2
UNIV108,Spring 2020,3.7,1
UNIV108,Spring 2021,3.65,2
UNIV108,Spring 2024,4.0,1
UNIV325,Fall 2007,4.0,1
UNIV362,Fall 2021,3.7,1
UNIV362,Spring 2024,4.0,1
URSP250,Fall 2019,3.7,1
URSP250,Fall 2021,3.85,2
URSP250,Fall 2023,3.75,4
URSP250,Fall 2024,3.85,2
URSP250,Spring 2018,3.7,1
URSP250,Spring 2024,3.0,1
URSP250,Spring 2025,4.0,1
URSP372,Fall 2023,0.7,1
URSP600,Fall 2023,4.0,1
USLT201,Fall 2008,4.0,1
USLT201,Fall 2022,4.0,1
USLT201,Fall 2023,4.0,1
USLT201,Fall 2024,4.0,1
USLT201,Spring 2010,4.0,1
USLT201,Spring 2012,4.0,1
USLT201,Spring 2024,3.3,1
USLT202,Spring 2010,4.0,1
USLT450,Fall 2024,4.0,1
USLT498A,Spring 2013,2.0,1
VMSC277,Spring 2023,4.0,2
WEID139L,Fall 2024,4.0,1
WEID139N,Spring 2024,4.0,1
WGSS200,Fall 2021,4.0,1
WGSS200,Fall 2023,4.0,2
WGSS211,Spring 2023,4.0,1
WGSS250,Fall 2021,3.67,3
WGSS250,Fall 2022,4.0,3
WGSS250,Fall 2023,4.0,4
WGSS250,Fall 2024,3.7,13
WGSS250,Spring 2022,3.8,5
WGSS250,Spring 2023,4.0,5
WGSS250,Spring 2024,3.17,4
WGSS255,Fall 2024,2.3,1
WGSS290,Fall 2021,4.0,1
WGSS290,Fall 2023,4.0,3
WGSS290,Fall 2024,4.0,1
WGSS290,Spring 2022,4.0,1
WGSS290,Spring 2023,3.5,2
WGSS290,Spring 2024,3.0,1
WGSS290,Spring 2025,4.0,1
WGSS291,Fall 2024,4.0,1
WGSS291,Spring 2022,4.0,1
WGSS291,Spring 2023,2.3,1
WGSS291,Spring 2024,3.7,2
WGSS302,Fall 2022,4.0,1
WGSS319D,Fall 2022,4.0,1
WGSS379I,Spring 2024,4.0,3
WGSS488F,Spring 2023,4.0,1
WMST200,Spring 2010,4.0,2
WMST200,Spring 2018,4.0,1
WMST250,Fall 2009,4.0,2
WMST250,Fall 2019,3.43,3
WMST250,Fall 2020,4.0,3
WMST250,Fall 2021,4.0,1
WMST250,Spring 2019,4.0,1
WMST250,Spring 2020,3.13,3
WMST250,Spring 2021,4.0,5
WMST255,Fall 2008,2.0,1
WMST255,Spring 2010,1.0,1
WMST298D,Fall 2012,4.0,1
WMST298D,Fall 2019,3.3,1
WMST298N,Fall 2020,3.7,1
WMST300,Spring 2010,4.0,1
WMST400,Spring 2019,4.0,1
XPER433,Spring 2024,2.3,1
