professor,avg_gpa,total_grades
A Anthony,2.839568345323741,139
A Kruglanski,3.594954128440367,218
A Seyed,3.927891156462585,294
A Sharma,2.956985294117647,272
A Surjalal Sharma,3.050299401197605,167
A.U. Shankar,2.5753215434083603,1244
Aaron Adalja,2.75,16
Aaron Allen,3.724193548387097,62
Aaron Barker,3.5785714285714287,28
Aaron Bartlett,3.1693877551020404,98
Aaron Brown,3.4346938775510205,49
Aaron Bryant,4.0,20
Aaron Dinin,3.5390243902439025,41
Aaron Doliana,3.3666666666666667,9
Aaron Finkle,2.7686393088552914,4630
Aaron Geller,2.6608888888888886,225
Aaron Hertz,3.697810218978102,137
Aaron Hood,3.860706860706861,481
Aaron Kusne,3.9133333333333336,15
Aaron Kyei-asare,3.440952380952381,105
Aaron Large,,0
Aaron Mannes,3.8118811881188117,101
Aaron Martin,2.9045241809672384,641
Aaron Peisner,3.952,25
Aaron Rappaport,3.225531914893617,47
Aaron Swanlek,3.935333333333333,450
Aaron Tobiason,2.6882352941176473,17
Aaron White,3.716666666666667,6
Aashish Dewan,3.9842105263157896,19
Abani Pradhan,3.5597765363128495,716
Abba Gumel,3.1056603773584905,53
Abbey Hedin,3.9066666666666667,75
Abbey Levenshus,3.647272727272727,55
Abbey Morgan,3.045238095238095,126
Abbie Basile,3.8613888888888894,360
Abbie Bennett,3.1285714285714286,91
Abby Broughton,3.284033613445378,119
Abby Sebol,3.724242424242424,99
Abby Shantzis,3.8718283582089548,536
Abdel-Razak Kadry,3.8447761194029844,67
Abdirisak Mohamed,3.4444302176696535,781
Abhay Grover,3.8913793103448273,58
Abhijit Dasgupta,3.2963051251489874,839
Abhinav Bhatele,3.3966426858513192,417
Abhinav Shrivastava,3.9114049586776862,605
Abigail Bickford,3.963492063492063,63
Abigail Ferretti,3.75679012345679,81
Abigail Helinger,3.256521739130435,23
Abigail Kula,2.4857142857142858,21
Abigail McEwen,3.4570541259982255,1127
Abigail Nicolas,3.701113172541744,2156
Abigail Romirowsky,,0
Abigail Seiler,3.3250000000000006,48
Abigail Shantzis,3.85,60
Abigail Trozenski,3.34125,80
Abigail Upshaw,3.3115942028985503,69
Abigail Vazquez Rosario,3.8054054054054056,37
Abner Salgado Gonzalez,2.8698275862068967,116
Abolhassan Jawahery,3.2771523178807946,302
Abram Fox,3.8233333333333333,30
Abram Kagan,3.155042016806722,238
Abror Pirnapasov,3.64,25
Adam Amorese,3.922680412371134,388
Adam Behrens,3.978723404255319,47
Adam Beissel,2.88512077294686,1035
Adam Binkley,3.201510574018127,331
Adam Brockett,3.23013698630137,73
Adam Diehl,3.8,5
Adam Edgerton,3.605882352941176,17
Adam Factor,3.560135135135136,148
Adam Fishbein,3.105714285714286,35
Adam Fracchia,3.1346153846153846,26
Adam Grise,3.5133333333333336,15
Adam Hsieh,3.3032626427406195,613
Adam Isen,2.9583333333333335,24
Adam Jurkiewicz,3.164130434782609,92
Adam Kanigowski,3.26933962264151,636
Adam Klager,3.9068181818181817,44
Adam Klimas,3.854216867469879,83
Adam Kriesberg,3.919444444444445,144
Adam Liter,3.6285714285714286,7
Adam Lizzi,2.5799999999999996,60
Adam Lloyd,3.7719047619047616,630
Adam Longo,3.306521739130435,46
Adam Marton,3.7779552715654954,313
Adam Neff,2.989583333333334,96
Adam Nelson,3.6222222222222222,18
Adam Nixon,3.6264986376021797,1468
Adam Pellegrini,2.4566666666666666,30
Adam Porter,3.2866028708133976,1254
Adam Ross,2.16,50
Adam Rudolphi,2.522222222222222,9
Adam Sheaffer,3.7733333333333334,105
Adam Shrier,3.8714285714285714,7
Adam Telatovich,2.6902229845626073,583
Adam VanWagner,3.665740740740741,108
Adam Zuckerman,3.8081632653061224,98
Adams Steven,3.5553459119496855,477
Adan Ramos,3.402173913043478,184
Adel Shirmohammadi,3.29375,32
Adelaida Shelley,3.902439024390244,41
Adele Robinson,3.6497816593886467,229
Adelina Fantoni,3.1424657534246574,73
Adi Mahalel,3.014758269720102,393
Adil Hassam,3.2930467762326168,791
Adil Virani,2.425,44
Adina Dabu,3.785350318471338,157
Adina Ferguson,3.7684210526315787,19
Adina Friedman,3.382142857142857,28
Aditi Vijay,3.70507614213198,197
Aditya Desai,2.97012987012987,77
Aditya Ravindra Bhat,3.5435045317220553,331
Adonis De Carvalho Borges,3.576470588235294,34
Adreanna Nattiel,3.8699453551912564,183
Adrian Bitton,3.156521739130435,23
Adrian Romero,2.7384615384615385,13
Adriana Gilberto,4.0,24
Adriane Fang,3.669135802469135,648
Adrianne Bradford,3.062962962962963,81
Adrianne Flynn,3.6865384615384613,832
Adrianos Papamarcou,2.9609095831077425,1847
Adriene Lim,3.7423076923076923,26
Adrienne Childs,3.013793103448276,29
Afrouz Rahmati,2.2460000000000004,50
Agatha Hultquist,3.508571428571429,35
Agisilaos Iliadis,3.3432835820895526,1139
Agnesanne Danehey,3.7581538461538466,325
Agnieszka Legutko,3.4846153846153847,91
Agnieszka Zelerowicz,3.023076923076923,507
Agniv Sengupta,3.4863636363636368,66
Agustin Hurtado,3.833707865168539,89
Aharona Gazit-Rosenthal,3.5813765182186237,247
Aharona Rosenthal,3.735602094240838,191
Ahmad Karimi-Hakkak,3.4465517241379304,174
Ahmad Khan,3.6334101382488475,434
Ahmed Hanafy,3.5236162361623617,271
Ahmet Aydilek,2.7421176470588233,1275
Ahmet Karamustafa,3.289634146341463,328
Ahnlee Jang,2.902127659574468,47
Ahri Lee,,0
Ai Ren,2.6928571428571426,28
Aichiro Prabowo,3.0333333333333337,30
Aida Garcia Revuelta,3.156551724137931,145
Aida Roige Mas,3.3502304147465436,217
Aidan Lyon,3.187573964497042,169
Aileen Hentz,3.89225352112676,142
Aimee Duncan,3.7869565217391306,138
Aisha Washington,3.877272727272727,22
Aishwarya Shukla,3.276767676767677,99
Aitalohi Amaize,3.896629213483146,89
Ajay Mallya,2.9255555555555555,90
Ajmeeta Sangtani,3.8,35
Akarsh Ralhan,3.9148514851485148,101
Akhila Vishnubhotla,3.635294117647059,17
Akilah Watkins-Butler,3.7714285714285714,42
Akua Asa-Awuku,3.549184149184149,429
Akwum Onwunta,3.3017857142857143,56
Ala Creciun,2.9297297297297296,37
Alaa Elgibali,3.503636363636364,165
Alaa Zeitoun,3.6999999999999997,14
Alama Rush,3.6882352941176473,17
Alamea Goldstein,4.0,19
Alan Anderson,3.291869918699187,123
Alan Briggs,3.6388888888888897,162
Alan Dillingham,2.9851239669421488,121
Alan Drew,3.671832884097035,742
Alan Goldenbach,3.0208333333333335,48
Alan Jacobs,3.5425925925925927,108
Alan Kaufman,3.3368669022379263,849
Alan Kelly,3.0999999999999996,9
Alan Lehman,3.249146666666667,3750
Alan Leslie,4.0,18
Alan Miller,3.668,25
Alan Montroso,3.696341463414634,410
Alan Nemeth,3.4297297297297296,74
Alan Neustadtl,3.028743961352657,1242
Alan Peel,3.1795966785290624,4215
Alan Pritchard,3.5355555555555553,90
Alan Siegfried,3.4889273356401382,1445
Alan Sussman,2.826488706365503,487
Alana Ebert-zavos,3.9114285714285715,35
Alana Hackshaw,3.5873831775700933,1070
Alana Murray,3.7596491228070175,57
Alanna Delfino,3.686466165413534,133
Alanna Kopania,3.85,68
Alannah Hensley,3.75531914893617,141
Alavanja Ridge,3.716666666666667,6
Alba Torrents,3.2236686390532547,338
Alba Torrents Capdevila,2.782352941176471,17
Albert Ades,3.393098384728341,681
Albert Calogero,3.4086419753086417,81
Albert Ciafre,3.1056818181818175,88
Albert Crosby,3.4550695825049704,503
Albert Krall,3.9560975609756093,41
Albert Kyle,3.4692792792792795,1110
Albert Rubeling,3.6999999999999997,169
Alberto Belloni,3.11792656587473,463
Alberto Bolatto,3.164628482972136,1292
Alberto Cabrera,3.7690677966101696,236
Alberto Cabrera Casillas,3.93972602739726,73
Alberto Rossi,3.53150912106136,1206
Alberto Segarra,3.263157894736842,19
Alda Benjamen,3.385714285714286,21
Alec Solway,3.480462724935733,389
Alec Worsnop,3.842,450
Alejandra Galarce Diaz,3.811111111111111,18
Alejandra Mercado,3.3081705150976912,1126
Alejandra Montoya Agudelo,2.986046511627907,43
Alejandro Caneque,2.940444444444445,450
Aleks Knoks,2.947457627118644,59
Aleksandra Velgosha,3.895294117647059,85
Aleksandrs Slivkins,3.9538461538461536,13
Aleksey Izotov,4.0,6
Alene Moyer,3.696923076923077,65
Alessandra Buonanno,3.2983050847457624,59
Alessandra Echeverri,3.7961538461538464,26
Alessandra Gavagni,3.6510447761194027,335
Alessandra Palazzo,3.0785714285714287,42
Alessandro Presacco,3.224242424242424,66
Alex Blumenthal,2.5808049535603717,323
Alex Chafitz,3.8850000000000002,20
Alex Donahue,3.6150602409638557,166
Alex Gebhart,3.88,5
Alex Joensen,3.3335999999999997,125
Alex Kalter,4.0,21
Alex Leitch,3.6236208236208225,1287
Alex Lopatka,3.2704918032786887,61
Alex Parkhouse,3.4426597582038,1158
Alex Springer,3.8518518518518516,27
Alex Thomas,3.541578947368421,570
Alexa Duimstra,3.6625,8
Alexa Romberg,3.0105263157894737,114
Alexander Barg,3.153030303030303,528
Alexander Brassel,4.0,25
Alexander Chabot,3.36025641025641,78
Alexander Chen,3.4715384615384615,260
Alexander Chyu,3.988888888888889,27
Alexander Counts,3.339556962025317,316
Alexander D'Esterre,3.845,40
Alexander Dennis,3.7989473684210524,95
Alexander Devereux,3.589024390243902,82
Alexander Dunphy,3.790909090909091,11
Alexander Estes,3.1395833333333334,240
Alexander Flum,3.810526315789473,38
Alexander Glass,3.7583333333333333,12
Alexander Graves,3.5421052631578953,38
Alexander Hess,3.4533333333333336,15
Alexander Kaltenbaugh,3.776190476190476,42
Alexander Mateik,3.961038961038961,77
Alexander Miller,3.616470588235294,85
Alexander Mullen,3.836585365853659,41
Alexander Nagel,3.86,30
Alexander Peace,3.598913043478261,92
Alexander Philippov,3.035384615384615,65
Alexander Poetzschke,4.0,5
Alexander Pyles,3.573052631578947,475
Alexander Roytburd,3.445762711864407,59
Alexander Ruygrok,3.4922094508301407,783
Alexander Sahi,3.8874999999999997,56
Alexander Shackman,3.701721170395869,1162
Alexander Triantis,3.3145251396648048,358
Alexander Wenz,3.4941176470588236,17
Alexander Williams,3.346468401486989,538
Alexander Willie,3.8945945945945946,37
Alexandra Bely,3.2450142450142443,1404
Alexandra Boo,3.470175438596491,57
Alexandra Bryant,2.6999999999999997,18
Alexandra Calloway,3.62643216080402,995
Alexandra Gibson,3.1745454545454543,55
Alexandra Grimm,3.7855855855855856,111
Alexandra Harlig,3.9511999999999996,250
Alexandra Jones,3.598863636363636,440
Alexandra Krauska,3.716666666666667,6
Alexandra List,3.256707317073171,164
Alexandra Lord,3.755555555555555,9
Alexandra Miller,2.976190476190476,21
Alexandra Newman,3.65,16
Alexandra Omogbadegun,3.391891891891892,37
Alexandra Philipon,3.011111111111111,54
Alexandra Portney,3.618181818181818,33
Alexandra Savela,3.723684210526316,38
Alexandra Shelton,3.6666666666666665,27
Alexandria Nunn,3.480904522613065,199
Alexandria Travis,3.7425531914893613,47
Alexandru Cernat,3.4840000000000004,25
Alexey Aliev,3.2220895522388058,670
Alexey Gorshkov,3.912621359223301,103
Alexey Stepanov,3.15,120
Alexis Aduba,3.9105263157894736,19
Alexis Boleda,3.430894308943089,123
Alexis Foley,3.8654618473895583,249
Alexis Li,3.5421052631578944,19
Alexis Lothian,3.8283505154639172,388
Alexis Martone,3.1244444444444444,45
Alexis Pappadeas,3.927777777777778,18
Alexis Walston,3.6384615384615384,65
Alexis Williams,3.9015414258188827,1038
Alexis Young,3.814285714285714,14
Alfonso Alfini,3.55,30
Alfonso Callejo,2.9066666666666667,45
Alfonso Narvaez,3.924137931034483,29
Alfonso Ventoso,3.6651685393258426,89
Alfred Moss,3.2144000000000004,125
Alfred Tetrault,3.5194805194805197,154
Alfredo Nava-Tudela,3.85,4
Ali Abasi,3.6276497695852536,217
Ali Faraji-Rad,3.58745247148289,526
Ali Goldstein,3.54025974025974,77
Ali Haghani,2.8969600000000004,1250
Ali Heller,3.712621359223301,103
Ali Karamustafa,3.533333333333333,3
Ali Kuczka,3.2324324324324327,37
Ali Mosleh,3.69625,80
Ali Namazi,3.766666666666667,24
Ali Pilehvar,3.1714285714285713,35
Ali Selvi,3.6608695652173915,23
Ali Shafahi,3.106060606060606,66
Alia Lancaster,3.75925925925926,27
Alice Cook,3.892424242424242,132
Alice Donlan,3.386445012787724,391
Alice Mignerey,2.794060667856233,3923
Alice Mitchell,3.94,20
Alice Olmstead,3.5630434782608695,92
Alice Wang,2.7264227642276424,246
Alicia Grant,3.90625,16
Alicia Kollar,3.109523809523809,189
Alicia Lee,3.1058608058608055,273
Alicia Montague,3.501785714285714,56
Alicia Thomas,3.905333333333333,225
Alicia Volk,2.8651351351351355,370
Alicia Woolf,3.946774193548387,62
Alina Maki,3.5999999999999996,84
Alireza Khaligh,3.2750000000000004,688
Alireza Vaziri Rahimi,3.408823529411765,68
Alisa Clyne,3.356493506493506,308
Alisa Hardy,3.5062500000000005,208
Alisa Williams,3.8256756756756753,74
Alisha Butler,3.85,4
Alison Barlow,3.7743315508021387,374
Alison Boyd,3.9125,8
Alison Burns,3.8788732394366194,639
Alison Flatau,3.7174953959484345,543
Alison Heller,2.9277777777777776,18
Alison Hennessee,3.4642857142857144,14
Alison Jovanovic,3.871165644171779,163
Alison Miller,3.505645161290322,124
Alison Mojto,3.915555555555556,45
Alison Robey,3.7024561403508773,285
Alison Singer,3.4803030303030305,132
Alison Volski,3.8681818181818177,22
Alix Kowalski,3.223809523809524,21
Aliza Sandalon,3.8755905511811024,254
Alka Gandhi,2.5010072747621708,1787
Alkan Soysal,3.142857142857143,28
Alla Levin,3.459148936170213,235
Allan Davis,3.196969696969697,66
Allan Doctor,3.8375,8
Allan Drazen,3.0923250564334084,443
Allan Laino,4.0,20
Allan McCutcheon,3.566666666666667,15
Allan Wigfield,3.54,420
Allan Yashinski,2.9645099448837775,4173
Allen Davis,2.725124792013311,601
Allen Eney,3.8366771159874604,638
Allen Graham,4.0,25
Allen Hazelton,3.296762589928058,278
Allen Keiswetter,3.586486486486486,37
Allen Place,3.888888888888889,63
Allen Schick,3.6115384615384616,234
Allen Stairs,3.0840697674418607,1720
Allen Winkelmann,3.113099707968294,2397
Allison Baer,3.096946564885496,131
Allison Bayley,3.1903686087990493,841
Allison Berland,3.764688427299703,337
Allison Bredder,3.6736842105263157,19
Allison Chatham,3.5516806722689074,238
Allison Doherty,3.6613636363636366,132
Allison Durbin,3.761764705882353,68
Allison Finkelstein,3.494444444444445,18
Allison Frick,3.742857142857143,28
Allison Gibeily,3.919047619047619,21
Allison Hanley,3.6111111111111103,36
Allison Hedges,3.329906542056075,107
Allison Key,3.95625,16
Allison LaFave,3.923529411764706,17
Allison Lansverk,3.980503144654089,159
Allison Meisch,3.586666666666666,45
Allison Nederveld,3.934117647058823,85
Allison Patch,3.988,50
Allison Reilly,3.1879032258064517,248
Allison Ring,3.5595238095238093,42
Allison Schroeder,3.2552631578947366,152
Allison Tjaden,3.619678714859438,249
Allison Wyss,2.9776470588235293,85
Allynn Powell,3.627272727272728,11
Allyson Ettinger,3.8733333333333335,15
Allyson Pakstis,3.5918660287081337,209
Allyson Toronto,3.7875,8
Allyson Yawman,3.78780487804878,41
Alok Bhargava,3.5329896907216494,194
Alvaro Bellido De Luna,2.893333333333333,30
Alvaro La Parra Perez,2.7496732026143795,153
Alvaro Pedraza,2.9787709497206705,179
Alvaro Villar Cobo,3.5119999999999996,75
Alvin Mayes,3.627731092436975,476
Alvin Yew,3.5026315789473683,38
Alvin Zumbrun,3.3164634146341467,164
Alys Jarvela,3.110526315789474,152
Alysia Sawchyn,3.3214285714285716,322
Alyson Farzad,3.6493827160493826,243
Alyson Santoro,3.7625,8
Alyssa Bower,3.7916666666666665,12
Alyssa Brooks,3.5688888888888886,405
Alyssa Cohen Sherman,3.4333333333333336,24
Alyssa Imes,3.3894736842105266,19
Alyssa Neuner,3.902097902097902,143
Alyssa Parker,4.0,7
Alyssa Ryan,3.8269230769230775,26
Alyssa Samek,2.687723214285714,448
Ama Law,3.8434027777777775,288
Amador Jomuad,2.5432203389830508,118
Amalia Gnanadesikan,3.3307692307692305,13
Amanda Allen,3.2875444839857653,1124
Amanda Antico-Majkowski,3.858260869565217,115
Amanda Bachert,3.745051194539249,293
Amanda Bailey,3.03778801843318,434
Amanda Baker,3.470212765957447,47
Amanda Berger,2.9681818181818183,66
Amanda Bogdan,4.0,13
Amanda Burkholder,3.810526315789474,19
Amanda Cataneo,3.585,20
Amanda Chen,3.7125,24
Amanda Chicoli,3.498199356913184,1555
Amanda Click,3.730769230769231,13
Amanda Clougherty,3.94,5
Amanda Consol,3.926315789473684,38
Amanda Delaney,2.652173913043478,23
Amanda Dennis,3.8780487804878048,82
Amanda Dewey,3.0786570743405273,417
Amanda Dykema,3.1974358974358976,78
Amanda Even,3.8402777777777777,72
Amanda Fair,3.9339999999999997,50
Amanda Finney,3.84375,64
Amanda Fiore,3.2101754385964916,570
Amanda Giffi,3.2110526315789474,190
Amanda Ginter,3.2262068965517243,145
Amanda Hall,3.7070320579110656,967
Amanda Irions,3.256043956043956,182
Amanda Kennedy,3.283164983164983,297
Amanda Kerr,3.25,20
Amanda Lazar,3.3875502008032123,498
Amanda Lefky,3.894444444444445,18
Amanda Long,3.8680000000000003,25
Amanda Lorenz,3.8000000000000003,14
Amanda Mason-Singh,3.607058823529411,85
Amanda Olson,3.2882521489971346,349
Amanda Preperato,3.704255319148936,47
Amanda Revisky,3.4256704980842914,261
Amanda Schech,3.031004133884518,7499
Amanda Schwartz,3.8006872852233675,291
Amanda Souna,3.124411764705883,680
Amanda Stallings,3.3763888888888887,72
Amanda Tang,3.0478260869565217,23
Amanda Torres,3.7714285714285714,42
Amanda Wilder,0.0,11
Amara Channell Doig,3.698019801980198,202
Amber Bloomfield,3.51875,16
Amber Daniels,3.7819383259911894,227
Amber Dees,3.786956521739131,23
Amber Johnson,3.7510638297872343,94
Amber Moore,3.7049689440993787,161
Amber Pasha,3.8523076923076918,130
Amber Pierdinock-Weed,4.0,28
Amber Westcott-Baker,3.425741029641185,641
Amde Amde,3.6352941176470592,1088
Amee Bearne,3.9823529411764707,17
Amelia Arria,2.8108247422680415,776
Amelia Branigan,3.6228270412642676,1139
Amelia Gibson,3.6494252873563218,174
Amelia Hogan,3.6184210526315796,38
Amelia Meli,3.6701492537313434,67
Ami Patel,3.4774193548387102,31
Amilcar Guzman,3.8200000000000003,5
Amin Gholampour,2.7998096144693,2101
Amir Riaz,3.0172788411795137,1933
Amir Sapkota,3.202589928057554,1390
Amir Shooshtari,3.420833333333333,144
Amira Lundy-Harris,3.8641399416909623,343
Amit Bubna,3.5755813953488373,86
Amitabh Varshney,3.915,20
Amith Chandrashaker,3.7625,40
Amna Khawaja,3.221497584541063,414
Amna Kirmani,3.4802941176470585,340
Amol Deshpande,3.1655330882352937,1088
Amr Baz,3.7126184834123226,1688
Amr Keshta,2.865217391304348,23
Amro Hassanein,3.4545454545454546,77
Amy Alexander,3.914285714285714,175
Amy Baxter,3.2609022556390976,399
Amy Beaven,4.0,9
Amy Broadbent,3.8461538461538463,26
Amy Brown,3.50625,64
Amy Burk,3.235891089108911,808
Amy Carattini,3.85,24
Amy Carrier,4.0,19
Amy D'Agati,3.538888888888889,18
Amy Fischer,2.8874999999999997,8
Amy Fisher,3.8778162911611784,1731
Amy French,3.5181818181818185,11
Amy Fuhrmann,3.7836734693877547,49
Amy Gardner,3.4243478260869566,115
Amy Gordon,3.445945945945946,37
Amy Green,3.830373831775701,214
Amy Ho,2.954887218045113,133
Amy Karlsson,3.2003976143141157,1006
Amy Karp,2.9296296296296296,54
Amy Katzel,3.4,20
Amy Kincaid,3.23671875,128
Amy Lewin,3.2790681971640785,1481
Amy Lien,3.5571428571428574,14
Amy Lintner,3.5343283582089553,67
Amy Marin,3.870731707317073,41
Amy Martin,3.925,20
Amy McLaughlin,3.1171428571428574,210
Amy Merritt,3.8904761904761904,21
Amy Morgan,3.7085365853658536,410
Amy Mullin,3.2795811518324607,382
Amy Pate,3.6788343558282213,326
Amy Sametshaw,3.8722222222222222,18
Amy Sapkota,3.7900000000000005,160
Amy Schachtner-Appel,3.612173913043478,115
Amy Stonelake,3.8357142857142854,42
Amy Vaillancourt,3.5567251461988305,171
Amy Villamagna,3.587142857142857,140
Amy Voltz,3.748765432098766,162
Amy Wu,3.6333333333333337,18
An Wang,3.1382575757575757,264
Ana Acedo Garcia,3.4946072684642435,1706
Ana Claudia Dos Santos Sao Bernardo,3.4875000000000003,48
Ana Cuevas Albarran,3.3090909090909095,11
Ana Farach,3.3641975308641974,81
Ana Farfan,3.92112676056338,71
Ana Navarro Cebrian,3.4116610169491524,1475
Ana Ndumu,3.6525885558583107,367
Ana Palla,3.95979381443299,97
Ana Palla-Kane,3.8858895705521475,489
Ana Perez,3.737931034482759,58
Ana Prieto,2.779310344827586,58
Ana Rodriguez,3.3587999999999996,500
Ana Sanchez-Rivera,3.696,100
Ana Taboada Barber,3.659615384615385,208
Ana-Maria Nuevo,3.925,4
Ana-Sophia Ross,3.8485714285714283,35
Anahi Espindola,3.628013029315961,307
Anamaria Berea,2.9450000000000003,40
Anand Anandalingam,3.4773345421577515,1103
Anand Gopal,3.5989698890649757,1262
Anand Patwardhan,3.811048158640227,353
Anand Sharma,3.6142857142857148,42
Anani Kuwornu,3.8081081081081076,74
Anant Agrawal,3.205263157894737,19
Ananth Musurapakam Virakthi,3.058974358974359,39
Anastasia Lavrenyuk,3.814814814814815,27
Anastasia Tosouni,2.8756559766763847,686
Anastasiia Selemeneva,3.7032,125
Anastasiya Pocheptsova,3.4063492063492062,252
Anat Shahar,3.9181818181818184,11
Anat Szendro Sevilla,3.4954838709677416,155
Anatole Tchikine,3.7099999999999995,40
Andi Sauer,3.37,50
Andre Adams,3.90875,80
Andre Markon,3.3263157894736834,114
Andre Marshall,3.5823293172690764,249
Andre Perry,4.0,19
Andre Rupp,3.6581818181818178,55
Andre Tits,2.6671673819742487,466
Andrea Batch,4.0,5
Andrea Brown,3.955749235474006,3270
Andrea Chisolm,3.859024390243902,615
Andrea Chronis-Tuscano,3.4001808318264013,1106
Andrea Frisch,3.526283987915408,331
Andrea Knowles,3.3929328621908126,566
Andrea Koppel,3.4974358974358974,78
Andrea Leiman,3.47,40
Andrea Liberto,3.792167454422688,1481
Andrea Lopez,3.6381738173817375,909
Andrea McGray,4.0,4
Andrea Ottesen,4.0,14
Andrea Romeo,3.731374501992032,1004
Andrea Torres Armas,3.517699115044248,113
Andrea Wiggins,3.888541666666667,96
Andrea Yarberry,3.497142857142857,35
Andrea Zukowski,3.8419047619047624,105
Andreas Roy,3.005263157894737,152
Andrei Vedernikov,2.8678239305641666,1613
Andres De Los Reyes,3.7888888888888888,783
Andres Garcia,3.578362573099415,171
Andres Losada,3.5818181818181816,11
Andres Perez Rojas,3.4974842767295597,159
Andres Villarreal,2.968482490272374,514
Andrew Anderson,3.894444444444445,54
Andrew Andrew,3.960869565217391,23
Andrew Baden,3.13828125,128
Andrew Baldwin,3.610473457675753,697
Andrew Becnel,3.4008683068017365,1382
Andrew Bernish,3.7410256410256406,78
Andrew Bewick,3.950769230769231,130
Andrew Black,2.9625000000000004,32
Andrew Brantlinger,3.923963133640553,217
Andrew Broadbent,3.496923076923077,65
Andrew Caves,3.332432432432432,74
Andrew Childs,3.079220779220779,1232
Andrew Cissna,3.8364611260053625,373
Andrew Cohen,3.751162790697674,43
Andrew Delfino,3.7726673984632266,911
Andrew Egel,3.1240625,320
Andrew Elby,3.995454545454545,66
Andrew Elmore,3.1374999999999997,24
Andrew Fellows,3.853811659192825,446
Andrew Fenelon,3.8185567010309276,97
Andrew Ferguson,3.622093023255814,172
Andrew Fyfe,3.2188539741219966,541
Andrew Ginsberg,3.9323291925465838,3220
Andrew Grainger,3.1470588235294117,68
Andrew Hare,3.8960000000000004,25
Andrew Harris,3.123209169054442,349
Andrew Howard,3.6033412887828162,419
Andrew Jannett,3.7666666666666666,18
Andrew Kaufman,3.3894736842105258,19
Andrew Kellett,3.1419191919191913,198
Andrew Kelmers,3.5470588235294116,17
Andrew Knoll,3.3526544821583983,1149
Andrew Koenings,3.313333333333334,45
Andrew Lauziere,3.061764705882353,34
Andrew Lazara,3.347826086956522,23
Andrew Lazur,3.9815384615384617,65
Andrew Lind,3.0987012987012985,154
Andrew Lindberg,3.184090909090909,176
Andrew Linn,3.562909090909091,275
Andrew Lounder,4.0,15
Andrew Lowe Mohammed,3.882857142857143,35
Andrew Lugg,3.5209876543209875,81
Andrew Marsh,2.556,25
Andrew Matuza,3.965,20
Andrew McMillan,4.0,22
Andrew Milacci,3.498333333333333,120
Andrew Muir,3.8967948717948717,156
Andrew Nolan,3.8260869565217392,23
Andrew Nynka,3.178181818181818,110
Andrew Otis,2.693333333333334,15
Andrew Pressman,3.6832142857142856,280
Andrew Ristvey,3.683774834437086,302
Andrew Rose,3.7624999999999997,16
Andrew Roud,3.754054054054054,37
Andrew Schiffmacher,3.729032258064516,31
Andrew Schonebaum,3.663186318631863,1111
Andrew Sherman,3.5357142857142856,322
Andrew Siegel,3.3428571428571425,7
Andrew Smith,2.7228235294117646,425
Andrew Stocking,3.4569444444444444,72
Andrew Sweeting,3.265507246376812,345
Andrew Venezia,3.63,10
Andrew Welch,3.5999999999999996,9
Andrew White,3.9,17
Andrew Williams,3.2384353741496597,294
Andrew Wolvin,3.5621951219512193,1148
Andrey Peytchev,3.663829787234042,47
Andrienne Palchick,3.975,12
Andris Skuja,3.6244358165493815,4121
Andy Yeh,3.403007518796992,266
Aneesh Rai,3.7703389830508476,118
Aneta Georgievska-Shine,3.2268108108108104,925
Ang Li,3.8073170731707315,41
Angel Dunbar,3.152941176470588,221
Angela Bies,3.844807121661721,337
Angela Black,2.9971542401821285,1757
Angela Bryl,3.951282051282051,39
Angela Forest,3.692857142857143,14
Angela Hausman,3.2424999999999997,40
Angela Jackson,3.8237430167597766,716
Angela Jones,3.341479634247714,2406
Angela Marusiak,3.452631578947368,19
Angela Mazur-Gray,3.867241379310345,58
Angela McRae,3.6962264150943396,106
Angela Pico Pinto,3.353623188405797,69
Angela Rodgers-Koukoui,3.8313725490196076,51
Angela Stoltz,3.8157894736842106,285
Angela Treacy,3.7486486486486483,37
Angela Vaughn,,0
Angela Zavaglia,3.8324324324324324,111
Angelica Alonso,3.6013333333333337,150
Angelica Eddington,3.882394366197183,142
Angelica Montoya Avila,4.0,9
Angelica Smith,3.467948717948718,78
Angelisa Gillyard,3.61625,160
Angelo Picardello,3.053846153846154,104
Angus Murphy,3.69409594095941,271
Ani Matson,3.624590163934426,61
Anika Prather,3.6374999999999997,24
Anil Deane,3.942613636363636,352
Anil Gupta,3.552646638054363,699
Anindo Roy,3.7219008264462814,242
Anirudha Sahoo,2.8586206896551727,29
Anisha Campbell,4.0,6
Anisha Singh,3.494270833333333,192
Anissa Scharborough,3.7461538461538457,13
Anita Gopal,3.677777777777778,9
Anita Sanyal,3.808405172413793,464
Anita Seate,2.880598958333333,1536
Anita Weisburger,3.867441860465116,43
Anja Ketterl,3.0589743589743588,117
Anjali Sheth,3.7166666666666663,72
Anjula Batra,3.638888888888888,36
Anjuman Akhter,3.603846153846154,26
Ankit Battawar,3.763157894736842,19
Ankur Srivastava,3.451693002257336,443
Anmol Dash,3.427669902912621,206
Ann Anderson,3.5262068965517237,290
Ann Battle,3.306840390879479,307
Ann Becks,3.8185185185185184,27
Ann Bracken,3.0691616766467065,334
Ann Chismar,3.775609756097561,41
Ann Edwards,3.6315789473684212,38
Ann Holmes,3.8403846153846155,156
Ann Horwitz,3.5964285714285715,140
Ann Judge,,0
Ann Kennedy,3.963551401869159,214
Ann Leger,3.88,5
Ann Mason,3.066984445559458,1993
Ann Nancy Forsythe,2.9155145929339477,651
Ann Nutter Coffman,,0
Ann Prentice,3.8333333333333335,156
Ann Schweighofer,3.8013698630136985,73
Ann Smith,3.8416666666666663,108
Ann Truelove,3.4063829787234043,47
Ann White,3.8225806451612905,62
AnnMarie Saunders,3.8375,8
Anna Alberini,3.381402936378466,613
Anna Bedford,3.182352941176471,17
Anna Broughel,3.7882352941176474,17
Anna Carolyn McCormally,3.5942857142857143,35
Anna Cronan,3.8607142857142853,112
Anna Devlin,3.2804347826086966,46
Anna Ebers,3.689473684210526,19
Anna Goodson,3.414814814814815,108
Anna Grabovac,3.6125000000000003,32
Anna Haller,3.988888888888889,27
Anna Josephson,3.651807228915663,166
Anna Li,2.8502500000000004,400
Anna Meyer,3.6950000000000003,40
Anna Nelson,3.645333333333333,75
Anna Obizhaeva,3.476050420168067,238
Anna Posbergh,3.564583333333333,144
Anna Rowser,2.720253164556962,79
Anna Sheveland,3.388359788359789,189
Anna Steed,3.535483870967742,31
Anna Storti,3.5723404255319147,141
Anna Szczekutowicz,2.9270440251572327,318
Anna Szczepaniec-Bialas,3.692227979274612,965
Anna Tinnemore,3.642857142857143,7
Anna-Carolina Haensch,3.7299999999999995,20
Annaly Galeas,3.4555555555555553,9
Anne Anderson-Sawyer,3.7489361702127657,47
Anne Baum,3.7603960396039597,101
Anne Butler,,0
Anne Caputo,3.8434782608695657,23
Anne Carswell,3.967613636363636,352
Anne Contee,3.8256198347107437,363
Anne Ferruggiaro,3.783333333333333,6
Anne Flood,3.2690476190476185,42
Anne Giller-Wilde,3.3412698412698414,126
Anne Hairston-Strang,3.5689655172413794,29
Anne Kaiser,3.3240875912408754,822
Anne Kerns,3.4176056338028165,142
Anne McNamara,3.8666666666666663,9
Anne Pellicciotto,3.6,12
Anne Price,3.3825503355704702,149
Anne Richardson,3.990322580645161,31
Anne Rosen,3.7127236580516905,503
Anne Rush,3.1216761184625077,1587
Anne Simon,2.947657142857143,875
Anne Smithson,3.737567084078713,559
Anne Spear,3.5672932330827063,266
Anne Turkos,3.3663157894736844,95
Anne Warren,3.746052631578948,152
Anne-Marie Carstens,3.6263157894736846,19
Annelies Galletta,0.6582278481012658,79
Annemarie Ewing,3.770322580645161,155
Annemarie van Dooren,3.6750000000000003,8
Annette Goldsmith,3.854545454545455,11
Annette Majanja,3.1861111111111113,36
Annette Spivy,3.555988857938719,1795
Annette Stanley,3.840869565217391,115
Anney Bolgiano,3.768867924528302,106
Annie Foster Ahmed,3.9478527607361964,163
Annie Goldthrite,3.925,16
Annie Kleykamp,3.747368421052631,38
Annie Montgomery,3.816666666666667,18
Annie Nichols,3.3279342723004697,426
Anny Gaul,3.723846153846154,130
Anouk Dieuleveut,1.8,8
Anqi Ye,2.495121951219512,41
Anshuman Sinha,3.1767857142857143,56
Anson Hook,3.4169642857142857,224
Anthony Banes,3.5615846338535415,833
Anthony Barkume,3.2842105263157895,19
Anthony Batts,3.291666666666667,492
Anthony Colantuono,3.351082802547771,785
Anthony Ephremides,2.5296610169491527,236
Anthony Eversole,3.7409090909090907,22
Anthony Jablonoski,3.927848101265823,79
Anthony Lemieux,3.726086956521739,92
Anthony Mautino,3.6700000000000004,20
Anthony Militello,3.911111111111111,90
Anthony Nearman,4.0,8
Anthony Obute,3.7131578947368418,38
Anthony Pagnotti,3.7538732394366194,1136
Anthony Pellicone,3.8375000000000004,16
Anthony Rivera,3.7800000000000002,15
Anthony Sanford,3.4511111111111115,270
Anthony Zitta,3.5573333333333337,75
Antoine Banks,3.5098591549295777,781
Antoine Borrut,2.690076335877862,524
Antoine Mellet,2.77635593220339,2360
Antoinette Goldthrite,3.7918367346938773,49
Antoinette Waller,3.6523809523809523,63
Anton Korinek,3.360975609756098,41
Anton Peshkov,3.2973684210526315,38
Anton Schneider,3.963636363636363,44
Antong Liu,3.432822085889571,652
Antonio Busalacchi,3.4537037037037037,54
Antonio De Rosa,3.8151898734177214,79
Antonio Larios,3.793055555555555,72
Antonio Perez Belda,3.84375,80
Antonio Pietro Latini,3.5500000000000003,18
Antony Jose,3.0271973466003312,603
Antwon Key,3.7542857142857144,175
Anubhav Datta,3.6223776223776225,143
Anukriti Singh,3.4686956521739125,115
Anumeet Nepaul,3.2743589743589743,39
Anupam Kumar,3.116129032258064,62
Anupama Yadav,3.4473684210526314,19
Anwar Bhatti,3.5727528089887635,356
Anwar Mamat,2.9325147993861,4561
Anya Galli Robertson,3.712068965517241,58
Anya Jones,3.0828532235939643,729
Anzi Hu,3.169135802469136,81
Apitchaya Pimpawathin,3.8181818181818183,11
Apolline Lagarde,3.575438596491228,57
Apoorva Javadekar,3.3080882352941177,136
April Brohawn,3.975,12
April Carroll,3.8529411764705883,34
April Fuller,3.237931034482759,58
April Kaplan,3.5083333333333333,12
April Khaing,3.9000000000000004,13
April Vester,3.6294117647058823,17
Apurv Kumar Yadav,3.4142857142857146,42
Apurva Parikh,3.7947368421052627,19
Aqdas Aftab,3.2559139784946236,93
Aquia Richburg,2.9816901408450702,71
Aravind Srinivasan,3.1715999999999998,1000
Arber Masati,3.857142857142857,7
Archana Khurana,3.014480230426813,3819
Arefeh Nasri,3.712121212121212,66
Arghya Sadhukhan,3.0,29
Argyro Kavvada,3.8260869565217392,23
Ari Israel,3.8734513274336284,791
Ari Melenciano,4.0,7
Ari Perez Montes,3.7392156862745107,306
Ariana Nash,3.736842105263158,19
Ariana Santana,3.2660194174757278,103
Arianna Gard,3.5176954732510293,243
Arianna Lashley,3.948717948717949,78
Aric Bills,3.3122015915119363,1131
Ariel Bierbaum,3.829768786127168,346
Ariel Brathwaite,3.813953488372093,43
Ariel Jicha,2.5666666666666664,18
Ariel Perez-Rosado,3.630120481927711,83
Ariel Petrovics,3.0542857142857143,35
Ariel Ramirez,3.4158765159867692,907
Ariel Rava,3.82,15
Ariella Kirsch,2.3636363636363638,33
Arielle Labrecque,3.0944444444444446,18
Arielle Ocampo,3.9615384615384617,130
Arifi Waked,3.466816143497758,223
Arijit Sehanobish,2.0812785388127852,219
Aris Cleanthous,3.186713906111603,1129
Aristos Christou,3.471522094926351,1222
Arjav Shah,3.810287081339713,418
Arjun Savel,3.2399999999999998,10
Arlie Ison,3.444262295081967,122
Arman Liwanag,3.9249999999999994,48
Armand Makowski,2.5543307086614173,254
Arnab Ray,3.4592592592592593,54
Arnaud Trouve,3.303322259136212,903
Arnett Gaston,3.1799116997792494,453
Arnold Greenland,3.5850409836065573,488
Arnold Keller,3.5352941176470587,17
Arnold Reznek,3.0815217391304355,92
Arnold Woodall,3.6571428571428575,28
Aron Hirsch,3.3785714285714286,14
Arpita Upadhyaya,3.5209742895805136,739
Arseny Zakharov,2.227272727272727,66
Artem Chernikov,4.0,6
Arthur Bruckheim,2.2298850574712645,87
Arthur Eckstein,3.0321892393320966,1078
Arthur Garcia,3.6342857142857143,35
Arthur La Porta,3.420872274143302,321
Arthur Leaderman,2.8314606741573036,178
Arthur Piszczatowski,3.310404624277457,173
Arthur Popper,4.0,9
Arthur Reynolds,3.5914285714285716,140
Arthur Wallenstein,3.3959459459459462,74
Arthur Wheelock,3.369607843137255,102
Arto Kovanen,3.3473684210526313,19
Arvydas Grybauskas,3.925,8
Aryn Phillips,3.674074074074074,27
Ashani Jayasekera,2.231818181818182,44
Ashish Alexander,3.5,6
Ashish Kabra,3.428597449908925,1098
Ashish Nedungadi,2.8313953488372094,172
Ashlee Richman,3.354054054054054,37
Ashlei Tobin-Robertson,3.9271428571428575,70
Ashleigh Brown,3.924731182795699,93
Ashleigh Coren,3.8779411764705882,68
Ashley Adkins,3.8449275362318844,69
Ashley Amaya,3.14,15
Ashley Aragon,3.8047945205479454,292
Ashley Baxter,2.69878587196468,906
Ashley Broomes,3.97,20
Ashley Delaney,3.956043956043956,91
Ashley Ellixson,3.2482758620689656,29
Ashley Enrici,3.742021276595745,188
Ashley Hixson,3.6593073593073595,231
Ashley Hufnagel,3.3169811320754716,159
Ashley Lazevnick,3.436363636363636,11
Ashley Lewis,3.656756756756757,37
Ashley Luster,3.978787878787879,33
Ashley Lyles,3.9491525423728815,59
Ashley Miller,3.970833333333333,24
Ashley Minner,3.6966666666666668,150
Ashley Munger,3.3229999999999995,200
Ashley Nazario Toole,3.8983870967741945,186
Ashley Newby,3.253719008264463,242
Ashley Pantaleao,3.7473684210526317,228
Ashley Sexton-Radney,2.7722222222222217,126
Ashley Smith,3.6666666666666665,96
Ashley Towle,3.3083333333333336,12
Ashley Venneman,3.782608695652174,46
Ashley Webb,,0
Ashley Wheeler,3.6736842105263157,38
Ashley White,3.505555555555555,18
Ashlie Kauffman,3.4925925925925925,108
Ashlynne Ludwig,3.6666666666666665,15
Ashok Agrawala,3.1198836081474295,1031
Ashwani Gupta,3.4564039408867,812
Ashwini Tambe,3.5245762711864406,236
Asiah Gayfield,3.8487394957983194,119
Asim Ali,3.2213135068153655,807
Asli Yalcin Dayioglu,2.685185185185185,54
Asma Naeem,3.3946666666666667,75
Asmaa Albaroudi,3.879245283018868,53
Aspen Shackleford,3.966666666666667,36
Assane Gueye,2.769230769230769,13
Astrid Sierra Mejia,3.5566666666666666,60
Aswani Valiveti,3.6579234972677592,183
Atif Memon,3.5262886597938143,388
Atsushi Nara,3.5652173913043477,69
Aubrey Zinn,3.472826086956522,92
Audaldo Ponce,3.2361290322580647,775
Audra Buck-Coleman,3.551771117166212,367
Audrey Barnes,3.8083333333333336,12
Audrey Farley,3.1333333333333333,216
Augusta Bolles,3.2271653543307086,254
Auguste Gezalyan,3.8815789473684212,38
Austin Gardner,3.88,25
Austin Hope,3.5584905660377357,106
Austin McDonald,3.96,30
Austin Tapp,3.2526315789473683,19
Ava Serra,3.4818181818181815,11
Avantika Bhatia,3.514457831325301,83
Avery Dame,3.6652439024390238,164
Avik Dutt,2.9716911764705887,272
Avinash Mainkar,3.3134615384615382,52
Avis Cohen,3.559375,32
Avital Feuer,3.5080402010050253,199
Avital Karpman,3.8287020109689216,547
Axel Krieger,3.654437869822486,169
Aya Farhat,3.5819444444444444,360
Aya Gandolfo,3.924203821656051,157
Ayala Nuriely,2.8282828282828283,99
Ayanna Baccus,3.940590405904058,813
Aydin Hamami,3.86984126984127,126
Ayesha Shibli,3.4867346938775508,98
Aylon Manor,3.419411764705882,170
Ayodeji Dapherede-Otusanya,3.2912017167381977,466
Aysha Jawed,3.915777262180974,431
Aysun Alp Paukowits,3.453978300180832,1106
Ayush Gupta,3.575082508250825,606
Ayushi Saxena,3.8181818181818183,22
Azi Gera,3.9509174311926603,218
Azieb Kidanu,3.3141196013289034,602
B Balachandran,3.522289156626506,166
Babak Akhlaghi,3.459649122807017,57
Babak Azimi-Sadjadi,3.6897810218978098,137
Babak Eslami,3.4073506891271057,653
Babak Fotouhi,3.7033505154639172,776
Babak Hamidzadeh,3.673076923076923,26
Bahaa Ghammraoui,3.6426966292134835,178
Bahar Asgari,3.2193069306930697,202
Bahareh Jalehmahmoudi,3.6519480519480516,77
Bahram Meyssami,3.4749999999999996,16
Bahram Momen,3.500772200772201,259
Bailey Kier,3.7226495726495727,234
Balaji Padmanabhan,3.798717948717949,78
Bani Saluja,3.3333333333333335,6
Bao Yang,3.4500000000000006,858
Baobao Liu,3.6516666666666664,480
Baoxia Mi,3.144075829383886,211
Barbara Alving,3.992248062015504,129
Barbara Barrett,3.510126582278481,79
Barbara Berman,3.6774193548387095,62
Barbara Curbow,3.76289156626506,415
Barbara Finkelstein,3.8333333333333335,6
Barbara Goldberg,3.5582524271844664,103
Barbara Gruber,4.0,19
Barbara Haggh-Huglo,3.5256716417910443,335
Barbara Jacoby,3.6214285714285714,28
Barbara Lauren,3.5333333333333337,42
Barbara Marchetti,3.082894736842105,152
Barbara Michelato,1.8991820040899798,978
Barbara O'Reilly,3.4615384615384617,13
Barbara Singer,3.453448275862069,58
Barbara Sonies,3.2454545454545456,55
Barbara Zocal Da Silva,3.3692307692307693,117
Barbie Dunnan,3.46826923076923,104
Bardia Yousefi,3.8085714285714287,35
Barnet Corwin,3.445991561181435,1896
Barnet Pavao-Zuckerman,3.3642151481888036,911
Barnett Koven,3.0875,8
Barry Feinstein,3.5556701030927833,194
Barry Koh,4.0,9
Barry Pearson,3.2566701137538776,967
Barry Smith,3.3329787234042554,94
Barry Spieler,2.973913043478261,23
Bart Pushaw,3.2125000000000004,24
Bartlomiej Kaminski,3.294915254237288,236
Barton Forman,2.7735449735449738,567
Basem Elzaawily,3.070967741935484,31
Bassam Fayad,3.3031250000000005,32
Bayley Marquez,3.6073275862068965,232
Beatrice Debelen,3.951020408163265,49
Beatrice Gurwitz,3.209090909090909,55
Beatrice Kondo,3.8445945945945947,222
Beatrix Siman Zakhari,3.3649999999999998,80
Beatriz Haspo,3.6884615384615382,156
Beatriz Palma Orellana,3.6555555555555554,54
Beatriz Quintos,3.7086956521739127,92
Beatriz Quintos Alonso,4.0,12
Becky Archer,3.7442567567567564,1184
Becky Baltich Nelson,3.8318181818181816,22
Becky Epanchin-Niell,3.308796296296296,216
Becky Shasha,3.930870712401055,379
Bedrettin Yazan,3.747916666666667,48
Behrouz Meyssami,3.6285714285714286,7
Behtash Babadi,3.5791208791208793,637
Behzad Amir Faryar,3.5173913043478264,23
Behzad Gohari,3.9393939393939394,198
Bei Lok Hu,2.98952380952381,735
Beka Guluma,3.3,7
Belen Franch,3.1966101694915254,118
Belinda Qian He,3.8164705882352945,85
Bellur Srikar,3.687804878048781,82
Ben Bederson,3.6450450450450447,111
Ben Bezejouh,2.095151515151515,825
Ben Goldschlager,3.0366666666666666,30
Ben Hurley,3.0589065255731924,567
Ben Shneiderman,3.8290540540540543,148
Ben Woodard,3.951980198019802,202
Benedikt Diemer,3.1824362606232297,353
Benjamin Arendt,3.896666666666667,30
Benjamin Baker,3.1494768310911816,669
Benjamin Beltran,3.409803921568627,51
Benjamin Boyd,3.7750000000000004,16
Benjamin Castle,2.857142857142857,14
Benjamin Dreyfus,3.2759708737864073,412
Benjamin Edwards,3.932,25
Benjamin Eidelberg,3.5137254901960784,51
Benjamin Fan,3.3133333333333335,30
Benjamin Friedman,3.6714285714285717,7
Benjamin Greene,3.91,10
Benjamin Huffman,3.89505376344086,465
Benjamin Johnston,3.3000000000000003,16
Benjamin Jones,3.336059850374065,4010
Benjamin Kedem,3.3392000000000004,500
Benjamin King,3.4990196078431377,102
Benjamin Lauser,1.8518518518518519,27
Benjamin Manning,2.6514285714285712,245
Benjamin Miller,3.675675675675676,37
Benjamin Munyan,2.7,37
Benjamin Parks,3.688888888888889,18
Benjamin Perlow,3.822448979591837,49
Benjamin Rickles,3.8150442477876103,113
Benjamin Rosenthal,3.8117647058823527,85
Benjamin Schlesinger,3.79,90
Benjamin Shapiro,3.4070866141732283,635
Benjamin Shaw,3.9250000000000003,24
Benjamin Sheppard,3.93,70
Benjamin Silbaugh,3.1352238805970143,335
Benjamin Skolnik,3.2571428571428576,28
Benjamin Stefano,3.3227272727272723,22
Benjamin Tauber,3.6,24
Benjamin Wall,3.820689655172414,29
Benjamin Weigel,3.323529411764705,51
Benjamin Woods,3.7482758620689656,87
Benjamin Worsley,3.3845454545454547,110
Benjamin Yelin,3.4499999999999997,6
Bennet Zelner,3.6571428571428566,721
Bennett Erdman,3.906122448979591,49
Bernard Cooperman,3.395298013245033,1510
Bernard McGinn,3.4,12
Bernhard Zins,2.6333333333333333,9
Bertrand Sobesto,3.6015597920277296,577
Beryl Bland,3.207602339181287,684
Beth Cohen,3.8755555555555556,90
Beth Mechum,3.5365853658536586,123
Beth Parent,3.591937765205092,2828
Beth Sperber Richie,3.5980198019801986,101
Beth St Jean,3.5796047430830047,1265
Beth Sundstrom,3.694736842105263,19
Bethany Henderson,3.9,62
Bethany Swain,3.6912322274881517,422
Bethea Kleykamp,3.337142857142857,35
Betsy Mendelsohn,3.444520547945206,146
Betsy Petrusic,3.739344262295081,61
Bettina Judd,3.4960000000000004,25
Betty Malen,3.58,310
Beverly Greenfeig,3.663876651982379,227
Beverly Pratt,3.50248447204969,161
Beverly Wolpert,3.3703703703703702,81
Bhanu Moturu,3.6733333333333333,30
Bhanu Telugu,3.2784810126582284,474
Bharat Jain,3.4664705882352944,510
Bharath Govindarajan,3.509523809523809,21
Bharath Madapusi Govindarajan,3.3897435897435892,39
Bharti Motwani,3.3899328859060405,298
Bi'Anncha Andrews,3.960869565217391,23
Bianca Bersani,3.7186956521739134,230
Bianca Licitra,3.6818181818181817,33
Bilal Ali,3.8,39
Bilal Ayyub,3.3682384341637013,1124
Bill Churma,3.794578313253012,166
Bill Fagan,3.3783999999999996,125
Bill Ford,3.3084188911704313,487
Bill Kules,3.6172061328790464,587
Bill Lamp,3.7714285714285714,210
Bill Phillips,3.3470809792843697,531
Billy Champion,3.2564516129032253,62
Billy McArthur,2.9818181818181824,44
Binbin Peng,3.8263157894736843,19
Bingkuan Cao,3.7948717948717947,39
Bingze Xu,3.395774647887324,71
Binod Paudyal,3.813532110091743,436
Birthe Kjellerup,3.292127659574468,470
Birthe Kjellerup Shirtliff,3.419277108433735,83
Bizuayehu Bedane,3.54375,16
Blair Coleman,3.691866028708134,209
Blaire Perel,2.9776785714285716,112
Blake Fritz,2.5496296296296297,135
Blake Harness,3.8807692307692303,182
Blake Hartley,3.223529411764706,102
Blake Turner,3.4299999999999997,10
Blake Wilder,3.4267326732673267,707
Blakely Mulder,3.4347826086956523,46
Blakely Pomietto,3.056603773584906,53
Blessing Awe,3.8249999999999997,24
Blessing Enekwe,3.5230769230769234,13
Bo Hu,3.5,18
Bo Jiang,3.6380952380952385,21
Bo Tian,2.583098591549296,71
Bo Xie,3.8346153846153848,26
Bo Yang,3.233613445378151,119
Bo Zhou,3.533136094674557,845
Bobbie Foster,3.7355223880597013,335
Bobby Boone,3.783333333333333,6
Bobby Hunter,4.0,88
Boden Sandstrom,3.1714876033057857,242
Bongtae Han,3.19164677804296,838
Bonnie Brett,3.4061643835616437,146
Bonnie Dixon,2.745998568360773,6985
Bonnie Miranda,4.0,15
Bonnie Richter,2.763855421686747,166
Boragan Aruoba,3.1000000000000005,87
Boualem Hammouda,3.696969696969697,33
Boya Xu,3.4392307692307695,130
Boyu Zhang,3.244262295081967,61
Brad Greenwood,3.3398843930635844,173
Brad Weiner,3.4799999999999995,10
Bradford Gowen,3.771559633027523,109
Bradford Sanders,2.6166795665634677,2584
Bradley Boekeloo,3.5685314685314684,286
Bradley Green,3.4545454545454546,11
Bradley Hatfield,3.8200000000000003,5
Bradley Kerridge,3.2083333333333326,48
Bradley McDonald,3.4250000000000003,12
Bradley Stevens,4.0,9
Brady Firth,3.470175438596491,57
Brady West,3.591228070175439,171
Brady Woods,2.948387096774194,31
Brandee Feola,3.702238805970149,134
Brandee Pettus,3.8438372093023254,860
Brandi Martin,2.93,10
Brandi Slaughter,3.449418604651164,344
Brandi Stupica,3.8421052631578947,19
Brandi Townsend,3.54,15
Brandon Alexander,2.4899328859060406,298
Brandon Behlendorf,4.0,12
Brandon Benavides,3.5181818181818185,22
Brandon Bush,3.5555555555555554,18
Brandon Clark,3.839823008849558,113
Brandon Donahue,3.8835443037974686,316
Brandon Dula,3.6162475822050286,517
Brandon Harris,3.7925925925925923,54
Brandon Ives,3.6109215017064846,293
Brandon Johnson,3.6090909090909093,22
Brandon Kolstoe,1.5236363636363637,55
Brandon Lee,3.9277777777777776,54
Brandon Morse,3.569634703196347,438
Brandon Ng,4.0,19
Brandon Schatt,4.0,8
Brandon Terrizzi,3.405970149253731,67
Brandon Wallace,3.0820224719101126,356
Brandon Winfrey,3.2333333333333334,54
Brandy Williams,3.4056603773584904,53
Branko Milanovic,3.1458333333333335,24
Brantley Hall,3.6727272727272724,88
Brawnlyn Patterson,2.9286206896551725,290
Brayan Pinto,3.6125000000000003,16
Breana Dinh,4.0,17
Breanna Davis,3.815107913669064,139
Brecca Faust,3.9355371900826444,121
Brenda Anderson,4.0,16
Brenda Fredericksen,2.9905405405405405,148
Brenda Harden,3.246774193548388,62
Brenda Iraola,3.625806451612903,31
Brenda Jones Harden,3.266857142857143,350
Brenda Keitzer,3.44932735426009,223
Brendan Casey,3.542857142857143,7
Brendan Dooley,2.9254918733960653,2338
Brendan Epstein,3.44421052631579,95
Brendan Magee,3.047916666666667,48
Brendan Schnabel,4.0,4
Brennan Rudy,3.8627450980392157,51
Brent Barbee,3.3840314136125658,382
Brent Goldfarb,3.618302828618968,601
Brent Leggs,3.8000000000000003,24
Brent Madsen,4.0,8
Brent Newton,3.148587570621469,177
Brent Solomon,3.50896,1875
Brent White,3.614705882352941,34
Breonna Smith,3.857894736842105,19
Brett Hagman,3.5,128
Brett Lacey,3.4638822593476544,1257
Brett Williams,3.4135135135135135,37
Bretton Kent,3.2921690140845064,1775
Bri'Ann Wright,3.8160000000000003,25
Bria Bennett,3.7180327868852463,61
Bria Parker,3.919444444444445,36
Brian Baick,3.8425076452599387,327
Brian Beaudoin,3.8365384615384617,104
Brian Bequette,3.424083769633508,191
Brian Blair,3.457481940144479,969
Brian Brubach,2.521686746987952,83
Brian Butler,3.5143344709897613,293
Brian Casey,2.8883495145631066,103
Brian Clark,3.6705882352941175,51
Brian Cleveland,3.586734693877551,98
Brian Collier,3.162068965517241,29
Brian Connor,3.3481305950500264,1899
Brian Danielak,3.795509309967141,913
Brian David Mussington,3.718518518518519,54
Brian Davis,3.4784695201037614,771
Brian Dillehay,3.6856481481481476,216
Brian Engelmann,3.3827309236947793,249
Brian Garner,3.8391304347826094,46
Brian Gillikin,3.391891891891892,74
Brian Gilmore,3.919649122807018,285
Brian Golden,3.8454545454545452,55
Brian Harris-Kojetin,,0
Brian Hart,3.7384615384615385,13
Brian Hawthorne,3.9850000000000003,20
Brian Hunt,3.14468085106383,94
Brian Jefferson,3.7155555555555555,135
Brian Johnson,3.3586592178770953,537
Brian Jones,3.425,8
Brian Kelly,3.248618219037871,977
Brian Kim,3.429761904761905,336
Brian Kogelmann,3.564583333333333,432
Brian Kolowitz,3.884782608695652,46
Brian MacDevitt,3.9123595505617974,89
Brian Markowitz,3.911111111111111,45
Brian McKenzie,3.097421203438395,349
Brian Needelman,3.857835820895523,268
Brian Nelson,3.573725490196078,1785
Brian Osborn,3.6555555555555554,36
Brian Oxendine,2.9070175438596495,114
Brian Pate,3.026027397260274,73
Brian Phillips,3.405506607929515,454
Brian Pierce,3.736196319018404,163
Brian Quistorff,3.137804878048781,82
Brian Real,3.954216867469879,83
Brian Richardson,3.4459940652818997,674
Brian Sarginger,3.706741573033708,178
Brian Slobotsky,3.4291666666666667,24
Brian Smithling,2.469849246231156,199
Brian Spiering,3.2197368421052635,76
Brian Swingle,3.759420289855073,69
Brian Valentine,3.8050000000000006,180
Brian Ward,2.6666666666666665,24
Briana Barner,3.912068965517241,58
Briana O'Neal,3.90327868852459,61
Brianna Ladd,3.689473684210526,19
Brianna Rhodes,3.010810810810811,37
Brianne Friel,3.5847117794486216,399
Brianne Rowh,3.6311111111111107,90
Brianne Walsh,3.962962962962963,27
Briceno Bowrey,1.8833333333333335,6
Bridget Kelly,3.8369230769230764,65
Bridget Kerner,4.0,13
Bridget Makol,3.924444444444444,45
Bridget Moran,3.965,20
Bridgette Comanda,4.0,11
Briella Chen,3.829411764705882,17
Brienne Adams,3.3495867768595042,121
Brigitte Dubois,3.625,56
Brit Saksvig,3.8714285714285714,7
Brita Johannessen,3.663291139240506,79
Britney Falcon,3.7916666666666665,36
Britta Anderson,3.6605633802816904,426
Brittani Berry,3.8380952380952382,105
Brittany Aley,3.852216748768473,203
Brittany Bramlett,3.6593750000000003,32
Brittany Cheng,3.5233333333333334,30
Brittany Devies,3.6285714285714286,7
Brittany Epps,3.8076923076923075,26
Brittany Ginder,3.80327868852459,61
Brittany Gregory,3.7277777777777774,18
Brittany Lashley,3.477777777777778,9
Brittany Mayes,3.4395348837209303,43
Brittany Shemuga,3.3333333333333335,9
Brittany Starr,3.6969230769230768,130
Brittany Williams,3.3413934426229512,244
Brittany Wong,3.6562499999999996,64
Brittney Allen,3.0833333333333335,12
Brittney Drakeford,3.7767857142857144,56
Brittney Nathaniel,3.7434782608695643,46
Brock Rough,2.937837837837838,555
Brodie Riordan,3.7856000000000005,125
Bronson Hui,4.0,36
Brook Hefright,3.8878787878787873,33
Brooke Auxier,3.6245614035087717,57
Brooke Dalesio,3.9161290322580644,403
Brooke Evers,3.646153846153846,13
Brooke Feichtl,2.981818181818182,55
Brooke Fowler,3.4668539325842698,356
Brooke Herzog,2.5233333333333334,180
Brooke Liu,3.354302103250478,523
Brooke Navin,3.7083333333333335,12
Brooke Okada,3.6600000000000006,215
Brooke Smith,3.8270577933450087,1142
Brooklynn Hitchens,3.042627345844504,373
Bruce Ambacher,3.873,100
Bruce Auster,3.3523809523809525,21
Bruce Dearstyne,3.779891304347826,368
Bruce Golden,3.192586206896552,580
Bruce Jacob,3.616741071428571,448
Bruce James,3.2592307692307694,780
Bruce Jarvis,3.6363636363636362,22
Bruce Phillips,3.411940298507463,67
Bruk Berhane,3.8379310344827586,58
Bruno Jacobs,3.46989247311828,651
Bruno Pellegrino,3.812109375,256
Bryan Arva,3.759322033898305,59
Bryan Clift,3.229032258064516,31
Bryan Eichhorn,2.513235294117647,1360
Bryan Hardy,3.1579999999999995,100
Bryan Head,3.557471264367816,87
Bryan Pointer,3.807042253521127,71
Bryan Quinn,3.9915,200
Bryan Stroube,3.651923076923077,52
Bryce Fuhrman,3.3868421052631574,38
Burak Turkgulu,2.4682758620689658,145
Burkhard Schulz,3.2946735395189006,582
Burt Leete,3.1822612085769975,1026
Byeol Kim,3.550769230769231,65
Byoung-Suk Kweon,3.4565445026178008,573
Byrn Quimby,3.8789823008849558,452
Byron Crump,3.4928571428571433,14
Byron Marroquin,3.461111111111111,54
Byung-Eun Kim,3.536363636363636,88
C Conway,3.3137096774193546,124
C Ravishankar,3.550367647058824,272
C Rytting,3.432374100719424,139
C'Rai Weeden Shannon,3.0545454545454542,11
C. Heins,3.7285714285714286,7
CANDICE DUNCAN,2.5704545454545453,44
Cachanda Orellana,3.876470588235295,170
Cae Joseph-Massena,3.5861244019138754,209
Cait Belney,3.655,20
Cait Bjellquist,3.6526315789473687,19
Cait von Schnetlage,3.7704414587332056,521
Caitlin Christian-Lamb,3.755652173913043,230
Caitlin Fox,2.932686433063792,5565
Caitlin Haugen,3.918055555555556,72
Caitlin Latini,3.4281249999999996,32
Caitlin Leach,3.8284848484848486,165
Caitlin Marshall,3.5294252873563217,1305
Caitlin McCulloch,3.5344827586206895,58
Caitlin McGrath,3.2977099236641214,131
Caitlin Reid,3.5279999999999996,75
Caitlin Rizzo,0.0,2
Caitlin Woods,3.616666666666667,12
Caleb Ashley,2.789285714285714,56
Caleb Kriesberg,3.44,550
Callan Roten,3.237931034482759,29
Calvert Jones,3.418088097469541,2134
Calvin Lu,3.892123287671233,584
Cameron Agerston,3.8238095238095235,42
Cameron Busacca,3.9538461538461536,26
Cameron Butler,3.8800000000000003,65
Cameron Massey,3.641,100
Cameron Mozafari,3.4187311178247732,331
Camil Martinez,3.5313432835820895,67
Campbell Scribner,3.6517571884984026,313
Can Sever,2.6485576923076923,208
Candace Daniels,3.667431192660551,218
Candace Groudine,3.313333333333333,15
Candace Leverette,3.9803278688524593,61
Candace Maddox,3.8230769230769237,39
Candace Moix,3.5600000000000005,15
Candace Moore,3.8965753424657534,146
Candace Orsetti,3.6352713178294573,258
Candace Pritchard,3.691666666666667,48
Candace Turitto,3.4742160278745646,287
Candace Walden,3.813679245283019,212
Candice Doyle,3.9615384615384617,78
Candice Shaifer,3.6926829268292685,82
Candice Shannon,2.782142857142857,56
Candice Staples,3.9791666666666665,48
Cara Grant,3.9081818181818178,110
Cara Lynch,3.11413612565445,191
Cara Snyder,3.746315789473684,190
Caralyn Bushey,0.0,5
Caren Chang,3.4592105263157897,456
Caren Yglesias,3.47286432160804,199
Carin Ruff,3.8631578947368426,19
Carina Shi,3.561764705882353,136
Carina Zelaya,3.610358565737052,251
Carissa Halston,3.466666666666667,75
Carl Bovill,3.4621799561082662,1367
Carl Elefante,3.9508474576271184,59
Carl Gomolka,3.2649999999999997,20
Carl Herder,3.606382978723404,47
Carl Lashley,4.0,19
Carl Lejuez,4.0,26
Carl Stepp,3.2145323741007195,695
Carla Abdo,3.528205128205129,39
Carla Blackwell,3.975,12
Carla Della Gatta,3.8600000000000003,30
Carla Hayden,4.0,21
Carla Jones,3.975,40
Carla Maffeo,3.9133333333333336,15
Carla Onate,2.8639839034205234,994
Carla Peterson,2.329702970297029,101
Carla Thomas Mcginnis,3.3666666666666667,15
Carlea Holl-Jensen,3.2957198443579765,257
Carlene Reid,3.91875,32
Carli Weldon,3.844186046511628,43
Carlin Bokal,3.9323529411764704,34
Carlo Antonio Villanueva,3.6190476190476195,21
Carlo Impeduglia,3.948387096774194,31
Carlo Villanueva,3.9694915254237286,59
Carlos Alvarenga,3.7529411764705887,17
Carlos Castillo,3.5906249999999997,96
Carlos Chism,3.711340206185567,97
Carlos Funn,3.786666666666667,30
Carlos Machado,3.011794019933555,602
Carlos Pimentel,3.1436170212765964,94
Carlos Rios Ocampo,3.248888888888889,90
Carlos Vegh,3.65,30
Carlotta Amaduzzi,,0
Carlotta Woodward,3.7458115183246075,382
Carlton Green,3.6818181818181817,66
Carly Cottone,4.0,10
Carly Hunt,3.765771812080537,149
Carly Woods,3.4140264026402636,606
Carmen Balthrop,3.97248322147651,149
Carmen Benito-Vessels,3.626375711574952,527
Carmen Booker,3.832183908045977,174
Carmen Brewer,3.925531914893617,47
Carmen Cantemir-Stone,3.5853217158176944,1492
Carmen Constantinescu,3.8295081967213114,122
Carmen Durham,3.94,5
Carmen Franks,3.1088757396449704,169
Carmo Pereira,3.895348837209302,43
Caro Williams-Pierce,3.871216617210683,337
Carol Allen,3.515151515151515,33
Carol Boston,3.379411764705882,68
Carol Cron,3.7557471264367814,174
Carol Espy-Wilson,2.4129411764705884,340
Carol Gizell Velandia Pardo,4.0,5
Carol Graham,3.771028037383177,107
Carol Graser,3.6,15
Carol Keefer,3.219277108433735,249
Carol Mossman,3.5916666666666663,132
Carol Muskin,3.712903225806452,31
Carol Pontzer,4.0,1
Carol Rogers,3.5070967741935477,155
Carol Stabile,3.5863636363636364,22
Carol Werlinich,3.955555555555556,162
Carol Wittig,3.855555555555556,9
Carole Lee,3.555434782608696,736
Carole Sebenick,3.7077433628318586,904
Carolina Casas-Cordero,3.7700000000000005,20
Carolina Gomez-Montoya,3.3461538461538463,39
Carolina Napp-Avelli,3.5454545454545454,440
Carolina Sampo,2.9200000000000004,30
Carolina Siqueira Paranhos Velloso,3.679569892473118,186
Carolina Vieira,3.917441860465116,516
Caroline Angle,2.693333333333334,15
Caroline Bodnar,3.7298850574712645,87
Caroline Boules,3.6759999999999997,1025
Caroline Bruchman,3.9047619047619047,21
Caroline Charpentier,3.821739130434783,23
Caroline Clay,3.9171232876712327,146
Caroline Eades,3.742351046698873,621
Caroline He,3.4483333333333337,60
Caroline Hickman,3.192715231788079,302
Caroline Lee,3.857142857142857,28
Caroline Paganussi,3.2833333333333337,12
Caroline Randall,2.790909090909091,22
Caroline Rocher Barnes,3.9688524590163934,61
Caroline Rocourt,2.73954802259887,177
Caroline Rothrock,3.6338028169014085,142
Caroline Terry,3.0081081081081082,37
Caroline Thompson,,0
Caroline Wilkins,3.37419028340081,988
Carolyn Cox,3.9416666666666664,12
Carolyn Decarlo,3.226923076923077,78
Carolyn Fidelman,3.6380952380952385,21
Carolyn Fink,3.5673521850899745,778
Carolyn Karlson,3.72247191011236,89
Carolyn Plank,3.53125,32
Carolyn Robbins,3.5610687022900764,393
Carolyn Sweterlitsch,3.7954545454545454,22
Carolyn Voorhees,2.883853459972863,737
Caron Gala,3.9347826086956523,115
Carrie Clarady,3.4202970297029696,202
Carrie Drake,3.9130434782608696,23
Carrie Lewey,3.555157894736842,475
Carrie Lindeman,3.214285714285715,224
Carrie Stocker,2.7142857142857144,14
Carrie Tupper,3.840816326530612,196
Carson Peters,3.6461538461538465,26
Carter Hall,2.9844903988183162,677
Cary Gillett,3.680037313432836,536
Cary Krosinsky,3.7111111111111112,54
Caryn Bell,3.2210526315789476,57
Carys Mitchelmore,3.8086330935251795,139
Casey Archer,3.071875,32
Casey Burgat,3.8273885350318477,157
Casey Cremins,2.6090665646518745,5228
Casey Dawkins,3.820357142857143,280
Casey Enos,3.2046428571428573,560
Casey Joseph,3.670833333333333,96
Casey Lukszo,3.957142857142857,28
Casey Maliszewski,3.92258064516129,31
Casie Antalis,3.869333333333333,75
Cassandra Clayton,3.6374545454545455,275
Cassandra Harrington,3.8782608695652177,46
Cassandra Philippon,3.169620253164557,79
Cassandra Swett,,0
Cassiah Cox,2.835135135135135,37
Cassie Harrington,3.908974358974359,156
Cassondra Pope,3.691774193548388,1240
Catalina Kopetz,3.139144736842105,304
Cate Barger,3.7773037542662116,586
Catharine Warner,2.893181818181818,132
Catherine Aiken,3.3276422764227642,123
Catherine Bayly,3.3262295081967213,1342
Catherine Carr,3.2398416886543533,379
Catherine Cotter,3.4352941176470586,17
Catherine Donohoe,3.840106951871658,187
Catherine Doughty,3.7,16
Catherine Favier-Kelly,3.4018779342723002,213
Catherine Fenselau,2.8624561403508775,285
Catherine Hamel,3.388873626373626,1456
Catherine Kane,3.925,4
Catherine Kelleher,3.547368421052632,19
Catherine Kuo,3.3590163934426234,183
Catherine Maybury,3.867579908675799,219
Catherine McCall,3.951948051948052,154
Catherine Nakalembe,3.462499999999999,88
Catherine Redfield,3.6088235294117643,34
Catherine Riley,3.5500000000000003,14
Catherine Sanders,3.88314606741573,89
Catherine Sapp,3.66875,16
Catherine Schuler,3.332413793103448,290
Catherine Spirito,3.929085457271364,667
Catherine Steele,3.4687150837988834,358
Catherine Stewart,3.4846153846153842,13
Catherine VanNetta,3.4931740614334466,293
Catherine Worsnop,3.7596858638743456,382
Cathleen Brennan,3.0602409638554215,83
Cathy Barks,3.86,35
Cayla Cwerner,3.5562500000000004,32
Cecelia Parks,3.84,20
Cecile Accilien,3.8649999999999998,20
Cecile Ruel,3.094495412844037,109
Cecilia Battauz,3.2293023255813957,215
Cecilia Huertas Cerdeira,3.0283132530120485,166
Cecilia Jordan,3.7254545454545456,55
Cecilia Shelton,3.6529411764705877,136
Cecilia Smith,3.7376811594202897,69
Cecily Hardaway,3.5304615384615388,325
Ceil Goldberg,3.2841477949940407,839
Celeste Paul,3.8152173913043477,46
Celeste Roschuni,3.451948051948052,77
Celia Craze,3.011764705882353,17
Celine Djomo,3.5294117647058822,17
Celine Torres,2.8240000000000003,25
Cerruti Hooks,3.2578313253012046,83
Ceyed Baiju,3.487565445026178,764
Ceyhun Durdu,3.4499999999999997,6
Chad Doran,3.721966527196652,956
Chad Infante,3.6464285714285714,280
Chad Kessens,3.6670588235294117,170
Chahat Singh,4.0,18
Chan Lin,3.326261682242991,1070
Chandra Reyna,3.213095238095238,84
Chandra Turpen,3.368333333333333,240
Chandrasekhar Thamire,3.0531077891424077,2542
Chandria Jones,3.553125,384
Changguang Dong,3.1533527696793007,343
Changhui Tan,2.935,20
Chanon Adsanatham,3.24620253164557,158
Chantay Moye,3.8081081081081076,37
Chantel Rodriguez,3.564799025578563,1642
Chao Gao,3.5166666666666666,18
Chao Liu,3.7955801104972378,181
Charalampos Papamanthou,2.9490861618798956,383
Charis Gozzo,3.563302752293578,109
Charlee Bezilla,3.634782608695652,69
Charlee Redman,3.445112781954887,133
Charlene Kuo,3.2723684210526316,76
Charlene Ploetz,3.8631578947368426,19
Charles Alford,3.5417040358744396,892
Charles Barclay,3.2643678160919536,174
Charles Baschnagel,2.929032258064516,31
Charles Carr,3.8304347826086955,23
Charles Chang,2.972727272727273,11
Charles Clark,3.3333333333333335,12
Charles Conway,3.1125000000000003,40
Charles Cummings,3.779166666666667,24
Charles Daly,2.0672413793103446,116
Charles Delwiche,3.8063241106719365,253
Charles Duquette,0.25918367346938775,98
Charles Dziedzic,2.6017241379310345,58
Charles Fenster,3.0380794701986753,302
Charles Ferraioli,2.659550561797753,89
Charles Field,3.5925531914893614,188
Charles Fisk,3.4,5
Charles Fletcher,3.942372881355932,236
Charles Gelso,3.377318116975749,701
Charles Griffiths,3.7642857142857147,14
Charles Ham,3.175,80
Charles Harry,3.5930177514792905,845
Charles Hulten,3.4747343565525384,847
Charles Jones,3.586842105263158,38
Charles Jordan,3.810696517412935,402
Charles Kassir,3.847560975609756,82
Charles LaHaie,3.816,125
Charles Levermore,2.7884634760705294,1985
Charles Lilley,2.737948084054388,809
Charles Liu,3.893939393939394,66
Charles MacDonald,3.4447761194029853,67
Charles Manekin,3.1797260273972605,365
Charles Mitter,3.4675000000000002,40
Charles Mueller,2.4935779816513763,109
Charles Olson,3.523175965665236,1165
Charles Osborne,2.667741935483871,62
Charles Schwartz,3.1894890510948906,685
Charles Short,3.746341463414634,82
Charles Silio,2.7179839633447878,873
Charles Song,3.1951690821256045,207
Charles Stangor,3.5212792127921277,813
Charles Towe,3.5944444444444446,90
Charles Turner,3.54,20
Charles Walker,3.6637931034482754,58
Charles Wellford,3.8192982456140347,57
Charles Wildermann,3.5435897435897434,39
Charlotte Avery,3.4120000000000004,50
Charlotte Healy,3.7371134020618557,194
Charlotte Joublot,3.036986301369863,73
Charlotte Richardson-deppe,3.8782608695652177,69
Charlyn Carter,3.4250000000000003,8
Charneka Lane,3.8032258064516125,62
Chartese Burnett,3.926576576576577,222
Chau-Wen Tseng,2.761294964028777,695
Chauncey Dennie,3.5308333333333337,120
Chauncey Monte-Sano,3.885714285714286,14
Chavis Lickvar-Armstrong,3.875,8
Che-Wei Liu,3.5457142857142854,70
Che-Wei Yi,3.406060606060606,33
Chelsea Andrews,3.5384615384615383,13
Chelsea Mays-Williams,3.8485657764589516,1011
Chelsea Rio,3.511111111111111,18
Chelsea Stolt,3.835714285714286,28
Chelsea Truesdell,3.9119999999999995,75
Chen Dong,3.0689655172413794,29
Chen Edrei,3.4112500000000003,80
Chen Qian,2.726050420168067,119
Chen Zhang,3.3443786982248516,169
Cheng Fu,3.140740740740741,27
Cheng Gong,3.5028368794326243,141
Cheng Lee,2.6129917657822506,1093
Chenglin Zhu,4.0,31
Chengquan Huang,3.4692307692307693,65
Chengri Ding,3.6113924050632913,316
Chengsheng Jiang,3.154736842105263,95
Chensheng Wu,3.9499999999999997,12
Chenyang Wang,3.4040000000000004,175
Chenyu Mao,3.165217391304348,23
Chenyu Yang,3.530167597765363,179
Chenzhi Zhao,1.6274509803921569,51
Cher Dallal,3.5462765957446805,188
Cheri Ostroff,3.8249999999999997,24
Cherie Walsh,3.0244897959183676,196
Cherise Hunter,3.7,13
Cherisse Hall,3.827192982456141,456
Cheryl Holt,3.3309941520467836,171
Cheryl Kiken,3.8000000000000003,19
Cheryl Knott,3.6739130434782608,23
Cheryl LaRoche,3.4976190476190476,42
Cheryl Meyer,3.0236842105263158,38
Cheryl Richter,3.358333333333333,12
Cheryl Spinner,3.679497098646035,517
Cheryl Tobler,3.1726396917148363,519
Cheryl Williams,3.090909090909091,11
Chester Harvey,3.8875,16
Chetachukwu Agwoeme,3.9233333333333333,30
Chetan Joshi,4.0,5
Chi Young Oh,3.5785714285714287,42
Chiao-Wen Hsiao,3.4636363636363634,77
Chiara Graf,3.543076923076923,325
Chih-Chin Chen,3.2166666666666672,42
Chika Onyenezi,3.9680851063829787,141
Chila Hidalgo,3.515977443609022,1596
Chinenye Okparanta,2.4176470588235297,34
Chinyere Osuji,2.872727272727273,132
Chirantana Mathkari,3.7199999999999993,75
Chloe Schwenke,3.873311897106109,311
Chol-Bum Kweon,3.5,88
Chris Campbell,3.389655172413793,29
Chris Cioffi,3.070731707317073,41
Chris Justice,3.614691358024691,810
Chris Lewis,3.303107344632769,354
Chris Meyers,3.2157894736842105,171
Christa Cooper,3.8846153846153846,52
Christa Slavin,3.76,75
Christal Dimas,3.9035087719298245,114
Christen Mandracchia,3.5982456140350876,285
Christian Calleri,3.511363636363636,132
Christian Cloke,3.362222222222222,90
Christian Gregory,3.3607142857142853,56
Christian Krestel,3.5560975609756094,41
Christian Meyer,2.519230769230769,26
Christian Oh,3.7032258064516133,62
Christian Rosendal,2.4907297830374753,507
Christian Tarsney,2.8598130841121496,107
Christian Zickert,2.8499105545617174,559
Christiana Guest,3.0488747703612975,13064
Christiana Iheadindu,3.551063829787234,47
Christiana Sabett,3.119642857142857,56
Christiane Abu Sarah,2.5545454545454542,22
Christiane Machado,3.34,100
Christie Ciabotti,3.925,4
Christie Cradock,3.9107438016528926,121
Christie De Leon,3.892857142857143,42
Christin Taylor,3.322368421052632,76
Christina Banalopoulou,4.0,5
Christina Budde,3.852,50
Christina Collins,3.7921875,64
Christina Danko,3.9088145896656536,329
Christina Edmonds,3.6187648456057,421
Christina Elson,3.873509933774834,151
Christina Getrich,3.552717860224331,1159
Christina Hanhardt,3.6332622601279314,469
Christina Hnatov,3.5629629629629624,81
Christina Jay,4.0,32
Christina Larocco,2.946488294314381,299
Christina Prell,3.024882629107981,426
Christina Robson,3.723076923076923,52
Christina Saninocencio,3.5511363636363638,176
Christina Sessoms,3.5153061224489797,98
Christina Shields,3.3629032258064515,310
Christina Smith,3.96,25
Christina Thai,3.73,50
Christina Wall,3.433333333333333,15
Christina Walter,3.26859296482412,398
Christine Alexander,3.874384236453202,203
Christine Beckman,3.6113636363636363,396
Christine Conn,3.31875,64
Christine Hakenkamp,3.6699873096446702,4728
Christine Hands,3.895580110497237,181
Christine Hartzell,2.9916967509025274,554
Christine Harvey,3.408433734939759,415
Christine Henry,3.35,28
Christine Hesed,3.036363636363636,55
Christine Jones,3.8725169300225737,1772
Christine Kamt,4.0,9
Christine Licata,3.7058823529411766,34
Christine Maffuccio,3.1464285714285714,28
Christine Maietta,3.0451612903225804,31
Christine Mutch,3.7925925925925923,27
Christine Neumerski,3.8549999999999995,20
Christine Nickel,3.4155555555555557,450
Christine Schaaf,3.71804081632653,1225
Christine Schull,3.4019210245464246,2811
Christine Vandeyar-Wise,2.7823529411764705,17
Christine White,3.4621334466638336,2353
Christoforos Somarakis,2.6605263157894736,114
Christoph Brehm,3.53972602739726,73
Christoph Kern,3.78125,64
Christoph Mergerson,3.7144615384615385,325
Christopher Ackermann,3.621006944444444,576
Christopher Adams,3.441538461538461,65
Christopher Ajiri,3.303738317757009,107
Christopher Anderson,3.8363636363636364,11
Christopher Antoun,3.5971188475390146,833
Christopher Ascienzo,3.7571428571428567,56
Christopher Assaf,3.429411764705882,17
Christopher Bonk,3.7789473684210533,19
Christopher Bonner,3.409850746268657,1005
Christopher Boyle,3.8446808510638295,47
Christopher Brown,3.3375,24
Christopher Brusberg,3.3115384615384613,26
Christopher Cadou,2.7740540540540537,1480
Christopher Camarra,3.4040816326530616,49
Christopher Campbell,3.389908256880734,109
Christopher Capp,2.9657470067673084,1921
Christopher Chabalko,2.979524680073126,547
Christopher Colclough,3.8739130434782605,23
Christopher Crane,3.5585176991150442,904
Christopher Davis,3.5302970297029703,1010
Christopher Dempwolf,3.7264670658682633,835
Christopher Dock,2.656962025316456,79
Christopher Donohue,3.371111111111111,45
Christopher Ellis,3.5839963833634716,1106
Christopher Foreman,3.6324958123953097,597
Christopher Gardner,3.315625,32
Christopher Green,3.391304347826087,23
Christopher Gresham,3.5372727272727276,110
Christopher Halsted,3.23756345177665,394
Christopher Hanson,3.7426041666666667,960
Christopher Hazlett,3.654973821989529,382
Christopher Heffner,3.257142857142857,7
Christopher Hewlett,3.7315789473684213,19
Christopher Howard,3.9,19
Christopher Jarzynski,3.0462626262626262,990
Christopher Jewell,2.917005076142132,394
Christopher Kauffman,3.1292229729729732,592
Christopher King,3.597637795275591,254
Christopher LaTerza,2.8367346938775517,49
Christopher Law,3.9338709677419352,248
Christopher Lester,3.8808575803981626,653
Christopher Lobb,3.0248205128205132,975
Christopher Malackany,3.4208806818181814,704
Christopher Masciari,3.2427777777777775,180
Christopher Mays,3.872,25
Christopher McGoff,3.927777777777778,18
Christopher Metzler,3.605501618122977,309
Christopher Moakler,3.4704545454545452,88
Christopher Monroe,2.945588235294118,136
Christopher Morgan,3.826153846153846,65
Christopher Morris,3.059904153354633,626
Christopher Naughten,3.3076923076923075,39
Christopher Neufeld,3.083333333333333,18
Christopher Olson,3.976923076923077,13
Christopher Palmer,3.274698795180723,166
Christopher Perez,3.5930555555555554,72
Christopher Pfaeffle,3.423076923076923,13
Christopher Philpot,3.628070175438597,57
Christopher Reynolds,3.1810344827586206,232
Christopher Richardson,3.6558823529411764,34
Christopher Rowe,3.848101265822785,79
Christopher Ruemke,3.07037037037037,27
Christopher Seitz-Brown,3.8556910569105693,492
Christopher Shlemon,3.6950000000000003,20
Christopher Smith,3.8011627906976746,86
Christopher St.Vil,2.904255319148936,47
Christopher Swift,3.266105499438833,1782
Christopher Tamborini,3.233333333333334,81
Christopher Travers,3.9612903225806453,31
Christopher Vadala,3.9718875502008033,747
Christopher Vizcarrondo,0.0,5
Christopher Vogel,3.566490765171504,379
Christopher Volker,3.247826086956522,230
Christopher Waldrop,3.782352941176471,119
Christopher Walsh,3.11036717062635,1389
Christopher Whipple,3.6344000000000003,250
Christopher White,3.7700000000000005,10
Christopher Zalewski,3.5118483412322274,422
Christy Kelly,4.0,30
Christy Martins,3.7681818181818185,22
Christy Stuart,3.864705882352941,17
Christy Tirrell-Corbin,3.7462962962962965,594
Chryl Laird,3.764285714285714,182
Chuan Liu,3.12734375,128
Chuchu Li,3.490076335877863,131
Chul Kim,3.6599999999999997,30
Chung Fu,3.837037037037037,162
Chunhui Xing,3.9499999999999997,196
Chunsheng Wang,3.288937409024746,687
Chunting Lu,2.6181818181818186,55
Chutian Wang,3.692857142857143,56
Chynna Obana,3.63,20
Ciara Fabian,3.815909090909091,132
Ciarra Joyner,3.935,20
Cindy Cheng,3.6142857142857143,70
Cindy Clement,3.240728476821192,1812
Cindy Driscoll,3.9205782312925175,588
Cindy Palinkas,3.9000000000000004,47
Cindy Phillips,3.5618181818181816,55
Cindy Sherman,3.9793103448275864,58
Cinthya Salazar,3.96,25
Cinzia Cirillo,3.5931731984829334,791
Ciro Pinto-Coelho,3.8301204819277106,83
Cixin Wang,3.9543478260869565,92
Claire Buxton,3.628571428571429,7
Claire Dunning,3.6623188405797102,414
Claire Jacobson,3.461748633879782,183
Claire O'Brien,3.634615384615384,52
Claire Smith,3.3800000000000003,15
Claire Tills,3.5342412451361875,257
Clara Bichon,3.3173913043478267,69
Clara Danos,3.087878787878788,99
Clara Fuchsman,3.8428571428571425,14
Clara Hill,3.7395833333333335,192
Clara Irazabal,3.966666666666667,9
Clara Irazabal Zurita,3.7,57
Clara Montague,3.6133891213389124,478
Clara Richards,3.8200000000000003,20
Clare Lyons,3.3221644120707596,961
Clare Parsons,3.7761651131824228,1502
Clarence Wesley,3.4808944684189878,2549
Clarence Williams,2.6637931034482762,116
Clarice Glowacki,2.6120481927710846,83
Clarke Safsten,3.361764705882353,34
Claudia Allen,3.375,72
Claudia Biester,3.402564102564103,78
Claudia Donnelly,3.866147859922179,514
Claudia Galindo,3.9764150943396226,212
Claudia Gonzalez Rivas,2.5684210526315794,38
Claudia Moise,3.5704545454545453,264
Claudia Rojas,3.877142857142857,70
Claudia Rosales,3.795833333333333,24
Clay Ramsay,3.6183098591549294,71
Clayton Dunklin,3.721848739495798,119
Clayton Smith,3.690566037735849,53
Cleveland Page,3.9155172413793102,58
Cliff Bakalian,3.0703642384105967,3020
Clifford Rossi,3.49984856133266,1981
Clive Graham,3.4142857142857146,21
Clyde Kruskal,2.4889093959731543,5960
Coda Gerber,3.796551724137931,58
Cody Britson,2.9322580645161294,31
Cody Buntain,3.325257731958763,194
Cody Gomez,3.5310924369747902,119
Cody Hyman,3.6611111111111114,18
Cody Norton,4.0,12
Cody Von Ruden,3.8866666666666663,15
Colby Silvert,4.0,7
Colenso Speer,2.830544747081712,514
Colette Krogol,3.8318681318681316,91
Colin Caines,3.1673469387755104,49
Colin Cooper,3.988235294117647,51
Colin Dixon,2.573469387755102,49
Colin Linsley,2.726008968609865,446
Colin Mccarthy,3.843269230769231,104
Colin Phillips,3.932484076433121,157
Colleen Carrion,,0
Colleen Farmer,3.932911392405063,158
Colleen Gallagher,,0
Colleen Gannon,3.452459016393442,61
Colleen Ho,2.839405829596413,1784
Colleen Kase,3.5068241469816273,381
Colleen Morrison,3.3988142292490116,253
Colleen O'Donnell,3.9416666666666664,24
Colleen O'Neal,3.8765625,64
Colleen Phelps,3.7186440677966104,59
Colleen Stock,3.342592592592592,54
Colleen Terpos,0.0,509
Colleen Vacelet,3.414836795252225,337
Colleen Wood,3.8583333333333334,60
Colleen Woods,3.5460575719649565,799
Colleen Worthington,3.827338129496403,417
Collier Cobb,3.18471615720524,229
Collin Lam,2.06875,16
Collin Mueller,3.735580524344569,267
Collin Vernay,3.8125,32
Colman McCarthy,3.880603448275862,232
Colton Kilpatrick,3.88695652173913,69
Connie Inukai,3.6131205673758866,282
Connor Dreibelbis,3.3,8
Connor Kopchick,3.5688679245283024,212
Connor Watkins,3.5213675213675213,117
Conny Kazungu Sigel,3.8579150579150583,259
Conrad Zeutenhorst,3.831578947368421,19
Constance Battle,3.5733333333333333,30
Constance Ford,3.1481707317073173,492
Constance Ramirez,3.9142857142857146,98
Coral Sheldon-Hess,3.4714285714285715,7
Cordell Black,3.2183673469387752,49
Corenne Harris,3.88,50
Corey Hewitt,3.775,12
Corey Kliewer,3.2150000000000003,60
Corey Lamont,2.8,21
Corey Miller,3.814814814814815,27
Corey Williams,3.857142857142857,77
Cori Carfagno,3.926881720430108,93
Corie Brown,3.8058823529411767,17
Corin Edwards,3.8828571428571426,210
Corinne Brinkley,3.388888888888889,18
Corinne Hartin,3.560526315789474,38
Corinne Hayes,4.0,19
Cornelia Cody,3.576923076923077,52
Cornelia Fermuller,3.4534883720930227,215
Cornelia Van der Weele,3.991666666666667,156
Cornell Brellenthin,0.0,56
Corry Bedwell,2.9592592592592593,54
Cortney Fisher,3.235627400768246,3124
Cortney Whitlow,3.7225806451612904,31
Cory Davenport,3.5142857142857142,21
Cory Henry,2.4714285714285715,14
Cory Martin,3.6914893617021276,47
Cory Smith,3.4,27
Courtland Lee,3.76,25
Courtnee Connon,3.7210526315789467,38
Courtney Butler,3.9823529411764707,17
Courtney Cook,3.28,25
Courtney Dahlke,3.0916666666666663,24
Courtney Davis,2.805172413793103,116
Courtney Douglass,3.467872340425532,940
Courtney Hattan,3.48796992481203,133
Courtney Hofman,3.1153846153846154,52
Courtney Holder,3.8600000000000003,185
Courtney Paulson,3.540117994100295,339
Courtney Riley,3.747457627118644,118
Courtney Rukan,3.6166666666666667,12
Craig Carignan,3.5194690265486726,113
Craig Fryer,3.0378057820607856,1349
Craig Hovey,3.806666666666667,45
Craig Kier,3.962849162011173,358
Craig Leets,3.6823529411764704,17
Craig Potter,3.9735842026825634,2684
Craig Schlenoff,2.7190476190476196,315
Craig Slack,3.877456647398844,173
Craig Thorburn,3.3875,8
Cristi Whiskey,3.130434782608696,23
Cristian Dezso,3.533333333333333,1512
Cristina Amoruso,3.9095238095238094,21
Cristina Perez,3.2322981366459627,161
Cristina Riquelme,2.748484848484849,33
Cristina Risco,3.721252796420582,1341
Cristina Tello-Trillo,3.3592356687898093,157
Crosby Hipes,3.352980132450331,151
Crystal Charity,3.9181818181818184,11
Crystal Davis,3.8,265
Crystal Romeo Upperman,3.703448275862069,116
Crystal Sehlke,3.34935064935065,77
Crystal Stone,3.881456953642384,151
Cuiyin Wu,3.9714285714285715,35
Cullen Merritt,3.643478260869565,46
Cunxi Yu,3.518604651162791,43
Cupid Chan,3.715254237288136,59
Curtis Brooks,3.7301204819277105,83
Curtis Burrell,3.6015243902439025,328
Curtis Grimm,3.5547619047619046,420
Curtis Stedge,3.8638297872340424,188
Curtis Valentine,3.3740506329113926,158
Cuyler Strong,3.9121951219512194,41
Cy Keener,3.6371727748691103,382
Cybele Arnaud,3.112612612612613,111
Cynthia Baur,3.6500000000000004,36
Cynthia Boruchowicz,3.586206896551724,29
Cynthia Field,3.42704347826087,1150
Cynthia Gayton,3.3620689655172415,58
Cynthia Gilmer,3.5680851063829784,47
Cynthia Hallberlin,3.6750000000000003,136
Cynthia Kershaw,3.9442528735632183,174
Cynthia Kleback,3.9647058823529413,17
Cynthia Martin,3.836301369863014,1022
Cynthia Moss,3.9642857142857144,28
Cynthia Palinkas,3.9299999999999997,10
Cynthia Schulmeyer,4.0,5
Cynthia Stevens,3.4079229122055676,467
Cyrah Ward,3.7864864864864862,74
D'Arcee Neal,3.0648648648648655,37
D'Juan Lyons,3.0611111111111113,126
D'Lisa Worthy,3.8582089552238807,134
DB Bauer,3.9635714285714285,140
Da Lee,2.9583333333333335,12
Da Som Lee,3.689189189189189,111
Da-Lin Zhang,3.4578313253012047,166
DaFran Ware,3.752,25
Daanish Maqbool,3.4192307692307695,26
Daarel Burnette,3.3600000000000003,45
Daehoon Noh,3.1571428571428575,28
Dahai Yue,3.8232558139534887,86
Dain Mcglashion,3.3021126760563377,142
Daisy Dahiya,3.152525252525252,99
Daisy Fredricks,3.9207070707070706,198
Daisy Le,3.4673684210526314,95
Dale Crowell,3.7285714285714286,63
Dale Fixsen,2.94,5
Dale Hample,2.744591346153846,832
Dale Johnson,3.285508982035928,835
Dale Martin,3.9949999999999997,60
Dale Placek,3.975609756097561,82
Dalia Gavariely Nuri,3.2777777777777777,27
Dalida Kadyrzhanova,3.515829145728643,398
Dallas Donnell,3.5285714285714285,70
Damena Agonafer,3.9896551724137934,29
Damian Waters,2.980952380952381,189
Damien Franze,3.8200000000000003,10
Damien Hagen,3.5244680851063834,470
Damien Peters,2.6458333333333335,24
Damien Pfister,3.4698218262806235,898
Damion Thomas,3.322286541244573,691
Dan Goldsmith,3.387962962962963,324
Dan Moller,3.0462608695652174,1725
Dan Shaltanis,2.6315789473684212,76
Dana Carluccio,3.7734567901234564,162
Dana Dachman-Soled,2.909154929577465,710
Dana Fisher,3.0622535211267605,355
Dana Grosser-Clarkson,3.862592592592593,270
Dana Hercbergs,3.0574074074074074,54
Dana LaFon,4.0,12
Dana Nau,2.973812754409769,737
Dana Priest,3.610658307210031,319
Dana Reiss,3.9157894736842107,19
Dana Varona,,0
Dana-Adriana Botesteanu,3.5421052631578944,19
Dane De Silva,2.993846153846153,65
Dane Grossnickle,3.553846153846154,13
Dane Winkler,3.6383333333333336,60
Danica Hawkins,2.914705882352941,34
Daniel Abadi,3.059819413092551,443
Daniel Apon,3.5222222222222226,27
Daniel Ball,0.0,9
Daniel Blair,3.3620574482297934,1497
Daniel Bonnéry,3.5357142857142856,14
Daniel Boomhower,3.4947368421052634,19
Daniel Bowman,3.3742857142857146,35
Daniel Buettner,3.975,24
Daniel Buttaccio,3.2,85
Daniel Butts,3.3084626234132584,709
Daniel Chazan,3.869642857142857,56
Daniel Contreras,2.882352941176471,68
Daniel Conway,3.877021276595744,235
Daniel Cristofaro-Gardiner,3.5920634920634917,63
Daniel Curry,3.344585987261146,157
Daniel Dearing,3.5119760479041915,167
Daniel Dilliplane,3.4469387755102043,49
Daniel Dwyer,3.2304733727810655,676
Daniel Falvey,3.103364817001181,1694
Daniel Fass,3.9597014925373135,134
Daniel Fisher,3.426349892008639,463
Daniel Foster,3.4585365853658536,1148
Daniel Fried,3.5,8
Daniel George,3.8896551724137933,174
Daniel Goldsmith,3.01,150
Daniel Goodhue,2.9615384615384617,26
Daniel Gordon,3.5441025641025647,195
Daniel Gottesman,3.285393258426966,178
Daniel Gowetski,3.466473988439306,173
Daniel Greene,3.5244230769230773,520
Daniel Gruner,3.3095317725752507,598
Daniel Hertz,2.7943478260869568,230
Daniel Hoffman,3.6238095238095243,42
Daniel Jacobs,2.564788732394366,71
Daniel Jang,3.017857142857143,28
Daniel Josell,3.3285714285714287,126
Daniel Kason,3.1970251716247136,437
Daniel Keating,3.6796992481203006,133
Daniel Knowlton,3.015584415584415,77
Daniel Kolliner,3.193939393939394,66
Daniel Lathrop,3.4225122349102772,613
Daniel Laurence,3.9638888888888886,72
Daniel Lee,2.44,30
Daniel Levin,3.8796498905908097,457
Daniel Levine,3.541899441340782,179
Daniel Lofaro,3.590909090909091,55
Daniel Malter,3.5547169811320756,53
Daniel Marthey,4.0,22
Daniel McNeish,3.393333333333333,60
Daniel Miramontes,3.9326923076923075,52
Daniel Moore,3.540625,64
Daniel Moss,3.5062499999999996,16
Daniel Nelson,4.0,21
Daniel O'Brien,3.934166666666667,240
Daniel Olson,3.782857142857142,35
Daniel Ostick,3.8360000000000007,225
Daniel Owens,3.509259259259259,54
Daniel Parker,2.822222222222222,9
Daniel Pauw,3.2266666666666666,60
Daniel Pendick,3.61551724137931,116
Daniel Peragine,3.5113207547169814,53
Daniel Pereira,3.5869565217391304,46
Daniel Quimby,2.970731707317073,41
Daniel Reck,3.269607843137255,102
Daniel Richter,3.324173318129988,877
Daniel Rosenthal,3.891233766233767,308
Daniel Saalfeld,3.661222091656874,1702
Daniel Serrano,3.9603603603603608,111
Daniel Shilov,,0
Daniel Sidman,3.4567656765676564,303
Daniel Spar,3.5230215827338127,139
Daniel Steffek,2.6296899632159745,1903
Daniel Stein,3.4925196850393703,254
Daniel Straub,3.4322580645161294,31
Daniel Swann,3.490529695024077,1246
Daniel Theisen,3.1621621621621623,111
Daniel Trielli Paiva Da Silva,3.764,25
Daniel Tuke,3.82,85
Daniel Villanueva,3.976923076923077,13
Daniel Vincent,3.366666666666667,741
Daniel Vivas,3.7916666666666665,84
Daniel Voica,3.397014925373134,67
Daniel Weinberg,3.3296875,64
Daniel Yi,3.9,40
Daniel Zimmerman,3.3126878130217023,599
Daniel Zisenwine,3.772727272727273,22
Daniel Zollers,2.1402061855670103,97
Daniela Bulansky,3.1646387832699623,263
Daniela Hernandez,3.2803347280334734,239
Daniela Wagner-Loera,0.0,22
Daniella Bienstock,3.9000000000000004,16
Daniella Fridl,3.491428571428572,70
Danielle Abe,3.883720930232558,43
Danielle Adams,2.8048275862068963,290
Danielle Barker,3.964383561643835,73
Danielle Catona,3.9410256410256412,390
Danielle Dicello,3.965,20
Danielle Griffin,3.286111111111112,180
Danielle James,3.466666666666667,15
Danielle Laplace,3.3242857142857147,70
Danielle Leizman,3.494117647058824,17
Danielle Niu,3.8910071942446045,278
Danielle O'neill,3.8339285714285714,168
Danielle Pafe,3.9089400921658983,1085
Danielle Wang,3.55919540229885,174
Danielle Zion,3.483495145631068,103
Danilo Romero,3.2827903091060984,1197
Danmo Lin,3.440909090909091,22
Danusia Hubah,3.811724137931034,145
Danuta Hinc,3.7195613515115586,1687
Daochen Wang,1.8541666666666663,48
Dapeng Chen,3.9612975391498884,447
Daphne Fuentevilla,3.8,10
Daphne Soares,3.22919708029197,137
Daphne Williams,3.55472027972028,572
Daphney Denerville-Davis,3.284090909090909,44
Dara Liling,3.272222222222222,54
Darayash Tata,2.71338329764454,934
Darcy Conant,2.490249433106576,441
Daren Fisher,2.9312499999999995,160
Daria Karetnikov,3.4655172413793105,319
Daria Powell,4.0,9
Daria Scala,3.6332874828060517,727
Daria Semchenkova,3.661290322580645,31
Darian Harnish,3.545528455284553,123
Darian Schiffman,3.8280000000000003,25
Darius Bost,2.9276190476190487,105
Darlene Dennison,3.3891836734693874,980
Darlene Reyes,3.992307692307692,39
Darren Pierre,3.8024999999999998,680
Darren Shillingford,3.9272727272727277,22
Darrian Carroll,3.671368421052631,475
Darron Monteiro,3.5609756097560976,82
Darryl McAdams,3.2,10
Darryll Pines,3.9017928286852586,502
Darya Soltani,3.7052631578947373,19
Daryl Kleist,3.2710280373831777,107
Daryl Rhead,3.889655172413793,29
Daryle Williams,2.9173913043478263,46
Daune O'Brien,3.586013400335008,1194
Dave Levin,3.428630217519107,1701
Davi Mazala,3.0689655172413794,29
Daviana Fraser,3.4594827586206893,232
David Akin,3.610847240051348,1558
David Alldredge,3.535,20
David Anderson,3.625,152
David Andrews,3.024136039495338,1823
David Ashley,3.699260628465804,541
David Atwater,3.07244094488189,127
David Backer,3.751515151515152,99
David Bacot,3.8393617021276594,94
David Ballena,4.0,5
David Barbe,3.761714285714286,175
David Betancourt,3.926315789473684,38
David Bierie,3.27746835443038,395
David Bigio,3.0912515188335363,1646
David Blazar,3.7698412698412698,126
David Blount,3.810526315789474,38
David Bonilla-Ciferri,3.867532467532467,77
David Bowen,3.746052631578947,228
David Brookshire,3.622312608948286,1721
David Buehrle,3.350891003460208,11560
David Burk,3.5833333333333335,78
David Cantor,3.1644939965694685,583
David Cavallo,4.0,12
David Colon Cabrera,3.412280701754386,57
David Cook,3.6090909090909093,22
David Crocker,3.6674897119341567,243
David Cronrath,3.4370370370370376,27
David Cross,3.551612903225806,62
David Cunningham,3.4824104234527686,614
David Curry,3.975,12
David Demke,3.6125,64
David Didion,3.6383720930232557,86
David Diehl,2.9818181818181815,11
David Domenici,3.641666666666667,12
David Eubanks,3.821991701244813,241
David Falk,3.4645161290322584,248
David Findlay,3.499270072992701,137
David Flynn,2.742857142857143,35
David Freishtat,3.7411764705882353,51
David Freund,3.3578336557059965,517
David Froom,3.495714285714286,140
David Fushman,2.8538818076477406,863
David Garcia,3.184444444444445,45
David George,0.0,24
David Gillespie,3.1833333333333336,12
David Godes,3.4892534864643148,1219
David Gormong,3.667627118644067,590
David Gray,3.801532567049809,261
David Grinspoon,3.3706896551724137,58
David Haas,3.684615384615385,39
David Hamilton,2.318094038623006,2382
David Harris,3.675,8
David Hawthorne,3.6796915167095117,778
David Henry,3.7975609756097564,123
David Hilton,3.1529411764705877,51
David Icove,3.9490196078431374,51
David Imig,3.801587301587302,126
David Inouye,2.692577597840756,741
David Israel,3.9118644067796606,59
David Jacobs,3.410344827586207,783
David Jefferson,3.821951219512195,41
David John Barrett,2.957142857142857,7
David Jollie,3.7597938144329897,97
David Kalinski,3.5238532110091745,109
David Karol,3.2686629526462396,718
David Kass,3.539899465912661,3183
David Kim,3.435294117647059,17
David King,4.0,8
David Kirsch,3.735282651072125,1026
David Kirschtel,3.468124258013454,5054
David Klossner,4.0,15
David Knobel,3.5608695652173914,46
David Kohn,3.3419354838709676,31
David Kressler,3.48016620498615,1805
David Kriesberg,3.7639560439560436,455
David Kueker,2.8885714285714283,35
David Lei,3.472239263803681,652
David Libber,3.123529411764706,34
David Lightman,2.9045197740112996,354
David Loshin,3.754777070063694,157
David Lovell,3.6957803992740472,2204
David Maggiacomo,3.8400000000000007,20
David Maimon,2.9006369426751593,628
David Malec,2.784782608695652,46
David Malmquist,3.493023255813953,43
David Martinez,3.648979591836735,196
David McCandlish,3.7025125628140705,199
David McCue,3.5321428571428575,168
David McElhoes,2.9319587628865977,194
David McKinley,3.6374999999999997,16
David Miele,2.831081081081081,74
David Miles,3.624317817014446,1246
David Miller,3.441025641025641,39
David Mitchell,3.4173728813559316,1416
David Morrissey,3.863888888888889,36
David Mosser,3.023640661938534,423
David Mount,3.2567552289429056,1769
David Mussington,3.347761194029851,67
David Myers,3.362098765432099,810
David Neely,3.9892804698972095,681
David Nelson,3.9478260869565216,23
David New,3.8457142857142856,35
David Newburn,2.699570815450644,466
David Nguyen,3.468,25
David Novy,2.89,30
David O'Brochta,3.109711538461539,1040
David Oliver,3.386,50
David Ovadia,3.4294117647058826,119
David Overholt,3.94,5
David Owens,3.5783132530120483,83
David Paglin,3.8631578947368417,38
David Patrick,3.59551282051282,312
David Payne,3.0632881085395054,1253
David Pietrocola,3.191935483870968,124
David Pincus,3.0133620689655176,232
David Raynor,3.9499999999999997,14
David Reese,3.928125,32
David Reynoso Valle,1.9594059405940594,101
David Rollins,3.3610859728506783,221
David Rosenstein,3.656521739130435,23
David Rouse,3.929411764705882,17
David Russell,1.6233333333333335,60
David Salem,2.9794290512174646,1191
David Salness,3.9580204778156998,293
David Sandstrom,3.2382863340563994,922
David Sartorius,2.9750972762645915,514
David Sawyer,3.747904191616766,167
David Secor,3.75,46
David Segal,3.1596774193548387,62
David Sekora,2.5930693069306936,101
David Shar,3.947727272727273,44
David Shaw,2.812222222222222,90
David Sicilia,3.205150846210449,1359
David Simon,3.542537313432836,268
David Sites,3.7815068493150688,292
David Somers,3.6333333333333333,12
David Steele,3.6142857142857148,35
David Straney,3.0868622448979592,3136
David Strohecker,2.640103492884864,773
David Teie,4.0,9
David Terry,3.4385057471264373,174
David Thomas,3.62875,80
David Tilley,3.633246753246753,770
David Todd,3.464940668824164,927
David Toledo,3.761904761904762,21
David Tomblin,3.8696668614845113,1711
David Van Horn,3.1682595870206494,1695
David Waguespack,3.3977884615384615,1040
David Weber,3.4199686765857473,1277
David Weintrop,3.7493775933609954,241
David Wolfe,3.1499999999999995,52
David Wyatt,3.476384364820847,614
David Yager,2.8864864864864863,1961
David Young,4.0,5
David Zajic,4.0,66
Davinder Anand,3.5516853932584267,267
Davis McGregor,3.7138888888888886,36
Dawn Culpepper,3.8947368421052633,19
Dawn Daggett,3.253608247422681,97
Dawn Dorland Perry,3.337974683544304,79
Dawn Dow,3.0803370786516853,356
Dawn Gavin,3.1768817204301074,186
Dawn Jourdan,3.91,40
Dawn Marsiglia,3.5462962962962963,108
Dawn Martin,3.7227272727272727,220
Dawn Molloy,3.8764705882352946,17
Dawn Sherman,4.0,16
Dawn Simounet,3.974468085106383,47
Daybert Linares,2.534895833333333,192
Dayeon Lee,2.1249999999999996,24
DeAnna Coon,0.0,8
DeNeen Brown,3.9323275862068963,232
Dean Chang,3.692741935483871,124
Dean Hebert,3.8854395604395604,364
Deanna Barath,3.8600000000000003,10
Deanna Collins,3.5007518796992483,133
Deanna Devlin,3.973469387755102,49
Deb Niemeier,3.2824644549763033,422
Debabrata Biswas,3.4120567375886526,423
Debarati Majumdar Narayan,3.5728813559322035,59
Deborah Berndtson,3.9250000000000003,12
Deborah Goldberg,3.272185027388923,1643
Deborah Klein,3.875,20
Deborah Lake,3.928260869565217,46
Deborah Lewin,3.9099173553719013,363
Deborah Mateik,3.9458333333333337,72
Deborah McConnell,3.9285714285714284,14
Deborah Nelson,3.5944404846756948,1403
Deborah Rosenfelt,3.5825892857142856,224
Deborah Shelef,3.6413793103448278,145
Deborah Slosberg,3.6700000000000004,20
Deborah Taylor,3.9444444444444446,63
Deborah Turner,0.0,4
Deborah Vidmar,4.0,17
Debra Bernat,2.953982300884956,452
Debra Boehmler,3.45,18
Debra Franklin,2.8453051643192486,426
Debra Luecking,3.859770114942529,87
Debra Neubert,3.835897435897436,195
Debra Shapiro,3.0925189393939396,1056
Debsamita Patra,2.611538461538461,26
Dee Broughton,0.0,23
Deep Ray,3.070588235294118,34
Deepa Anagondahalli,3.0678929765886283,1196
Deepa Iyer,3.092857142857143,70
Deepa Srikantaiah,4.0,18
Deirdre Barnwell,3.6593103448275865,145
Deirdre Quinn,2.7937499999999993,96
Delaram Soltani,3.6097560975609757,41
Delida Sanchez,,0
Delight Agboada,3.7655555555555558,180
Delisa Hawkes,3.0132231404958674,121
Deliya Wesley,3.3873873873873874,111
Delna White-Gray,3.359550561797753,89
Delores Ziegler,3.6029411764705883,102
Delvin Fanning,4.0,3
Demar Lewis,3.9152173913043478,92
Dena Crosson,2.8515151515151516,66
Dena Deglau,3.662765957446808,94
Denae Johnson,3.0404761904761903,42
Deni Ruggeri,3.7417004048582996,247
Deni Taveras,2.963636363636364,22
Denis Dumas,3.245394736842105,304
Denis Sullivan,3.7782511210762335,446
Denis Superczynski,3.780952380952381,63
Denise Bellows,3.6540540540540536,37
Denise Erskine-Meusa,3.66027397260274,219
Denise Gottfredson,3.7824074074074074,108
Denise McHugh,3.8264000000000005,250
Denise Smith,3.576190476190477,21
Denitsa Yotova,3.3508498583569404,706
Deniz Cil,3.5424050632911395,316
Dennis Doster,2.8861042183622825,403
Dennis Frezzo,3.555717255717256,1924
Dennis Guignet,2.790909090909091,55
Dennis Herschbach,3.0953947368421058,304
Dennis Kivlighan,3.9740259740259742,77
Dennis Leber,2.5166666666666666,30
Dennis Merkel,2.8138888888888887,36
Dennis Nola,3.615448343079922,2052
Dennis Pogue,3.621653543307087,254
Dennis Strzegowski,3.7314606741573035,89
Dennis Vacante,3.7063034188034187,936
Dennis Winston,3.6040185471406487,647
Dennis vanEngelsdorp,3.420121951219513,328
Denny Gulick,2.572202655107017,3691
Denzel Prince,3.9785714285714286,28
Deogratias Kibira,3.6517241379310343,29
Deok Park,3.3875,8
Deokhyo Choi,2.807142857142857,14
Derek Ellis,3.782300884955752,113
Derek Iwamoto,3.4472058823529412,680
Derek Juba,3.2758620689655173,29
Derek Leininger,3.5155555555555553,45
Derek Litvak,3.5133333333333336,15
Derek Paley,3.0809281627463445,1573
Derek Richardson,3.42268156424581,895
Derek Willis,3.642780748663102,187
Derrick Lampkin,3.5071942446043165,278
Derrick Larkins,3.971311475409836,244
Derrick Yeo,3.952836304700162,617
Desiree Desierto,4.0,7
Devanshi Shah,3.5350515463917525,97
Devarajan Thirumalai,3.0071428571428567,56
Devin Entrikin,3.49281045751634,153
Devin Kimmel,3.766666666666667,51
Devin Scott,3.501038062283737,289
Devlon Jackson,3.4292929292929295,297
Devon A Brunson,4.0,14
Devon Betts,3.6685185185185185,54
Devon Blumenthal,2.9818181818181815,55
Devon Payne-Sturges,3.077450980392157,510
Devrim Kaya,3.342857142857143,14
Devyn Sturdavant,3.546060606060605,165
Dewayne Haamid,2.8791666666666664,24
Dewen Zhang,3.62051282051282,39
Dharmalingam Ganesan,3.5575783972125437,1148
Di-Tu Dissassa,3.6461538461538465,26
Dian Marissa,3.522448979591837,49
Dian Squire,3.835,20
Diana Bowen,3.669767441860465,86
Diana Bridgett,3.734673366834171,199
Diana Cassar-Uhl,3.1608695652173906,46
Diana Cochran,3.172135922330097,1030
Diana Forbus,3.8671875,64
Diana Friedman,3.4723926380368098,163
Diana Huffman,3.0434010152284268,394
Diana Marsh,3.8392857142857135,196
Diana Obanda,3.4698224852071005,169
Diana Owen,3.2690476190476194,42
Diana Proenza,3.7809523809523813,63
Diana Zhang,3.1413793103448278,29
Diane Barlow,3.8066666666666666,75
Diane Dixon,3.8372093023255816,86
Diane Greig,3.8,16
Diane Hoffmann,3.5075471698113208,53
Diane Ketelhut,3.8459627329192543,322
Diane May,3.8421052631578947,19
Diane Whitney,3.441161400512383,1171
Dianne Bradley,3.959375,32
Dianne Fox,3.9338235294117645,68
Dianne Goldman,3.296503496503497,143
Dianne Handy,3.4422222222222225,45
Dianne O'Leary,3.3978260869565218,46
Diba Alvi,3.603862660944205,466
Diego Fregolent Mendes de Oliveira,3.5407407407407407,27
Diego Garrison,2.6000000000000005,26
Diego Hernandez,0.0,22
Dieter Brill,2.816666666666667,24
Dietrich Epp Schmidt,3.532142857142857,28
Diganta Das,3.4333333333333336,96
Diksha Bali,3.9578947368421056,38
Dilip Madan,3.350951374207188,473
Dimiter Kirilov,3.1361829025844936,503
Dimitri Wolford,3.487096774193548,31
Dimitrios Goulias,3.4926713947990544,1269
Dina Borzekowski,3.3094674556213013,1352
Dina Broydo,3.6534591194968558,159
Dina El-Hefnawy,3.091791044776119,402
Dina Haines,3.990322580645161,31
Dina Herbert,3.4914893617021283,47
Dina Toulan,4.0,54
Dinesh Manocha,3.7375000000000003,152
Dinfin Mulupi,3.896551724137931,29
Dionisios Margetis,2.9695195195195194,1332
Dionne Clemons,3.66604938271605,486
Dipendra Prasad,2.227777777777778,18
Dirk Parham,3.5709401709401707,1638
Divine Aboagye,3.7620689655172415,174
Divya Kumar-Dumas,2.9850000000000003,20
Dmitry Dolgopyat,2.957373929590866,1051
Dnia Walker,3.8,15
Doireann Hobbs,3.776923076923077,130
Doireann Renzi,3.7231788079470194,302
Dolly Hall,2.5076923076923077,39
Dolly Hall-Quinlan,3.51,30
Domingo Ruiz,2.75875,80
Dominic Cossa,3.8791666666666664,96
Dominic Ellis,3.690526315789474,95
Dominic Palumbo,3.284245076586433,914
Dominick Scalise,3.7294117647058824,17
Dominique Joe,3.694736842105263,19
Dominique Mwepu,3.4733918128654975,342
Dominique Young,3.758371040723982,221
Domonic Rollins,3.7857142857142856,14
Don DeVoe,3.1699826489300174,1729
Don Schmadel,3.5142857142857147,7
Donal Heidenblad,3.6283569979716024,2465
Donald Baker,3.5300000000000002,30
Donald Barker,3.213235294117647,136
Donald Berger,3.4514285714285715,35
Donald Boesch,3.792307692307692,13
Donald Bolger,3.8385699899295065,993
Donald Bowen,3.379381443298969,97
Donald Casey,3.939644970414201,169
Donald Craib,3.5500000000000003,32
Donald Glenn,3.4797945205479452,292
Donald Hitchcock,3.3821428571428576,56
Donald Kettl,3.4632058287795986,549
Donald Linebaugh,3.6995073891625614,203
Donald Manildi,3.94,10
Donald Marron,3.841666666666667,12
Donald McGlew,3.631932773109244,238
Donald McNeilly,3.3328413284132843,542
Donald Milton,3.875536480686695,233
Donald Nichols,3.394117647058824,17
Donald Pearman,3.9869565217391307,23
Donald Perlis,2.9529680365296804,876
Donald Riley,3.2783555018137847,827
Donald Sofge,3.897163120567376,141
Donald Sutherland,2.833536585365853,328
Donald Tobin,3.8375,16
Donald Yeung,2.862274774774775,888
Dong Chen,3.12,50
Dong Dong,3.3131868131868134,91
Dong Liang,3.5295698924731185,186
Dong Quan Nguyen,3.9695652173913043,23
Dongdong Wang,3.2205479452054795,146
Donghun Park,3.570588235294118,17
Dongwon Lee,3.260714285714286,112
Dongxia Liu,3.450840336134454,476
Donia Galarowicz,3.668918918918919,148
Donna Hamilton,3.5942857142857143,35
Donna Hammer,3.7981549815498155,271
Donna Howard,2.9981366459627328,1932
Donna Howell,3.5587896253602302,347
Donna Lim,3.9000000000000004,16
Donna Paoletti Phillips,3.8661971830985915,71
Donna Tippett,3.5431818181818184,44
Donna Wiseman,3.9,48
Donnesha Blake,3.849324324324324,296
Doo Lee,3.56875,48
Dora Cortez,2.982666666666667,75
Dora Hanninen,2.9986394557823135,147
Dori Bejleri,3.533333333333333,15
Doris Hamburg,3.6888888888888887,63
Dorith Grant-Wisdom,3.6578378378378384,925
Doron Levy,3.302573529411765,272
Dorothee Polanz,3.3476190476190473,21
Dorothy Beckett,2.841467576791809,586
Dorothy Hagen,2.8863636363636362,22
Dorothy Mazzocchi,3.364,25
Dorothy Phaire,3.6864978902953585,237
Doug Lombardi,3.7618181818181817,220
Doug McNamara,3.9660550458715598,109
Douglas Anthony,3.8615384615384616,13
Douglas Besharov,3.562180974477958,431
Douglas Britton,3.85,24
Douglas Call,3.575313807531381,239
Douglas Carpenter,3.3079999999999994,25
Douglas Collier,3.4591182364729467,499
Douglas Crawford,3.4675182481751827,274
Douglas Currivan,3.9111111111111114,36
Douglas Davies,3.3886792452830186,53
Douglas Galagate,3.6491803278688524,61
Douglas Glynn,3.2117082533589247,521
Douglas Hamilton,2.832597623089983,589
Douglas Ishii,3.45748987854251,247
Douglas Julin,2.8673561915556816,3529
Douglas Kern,3.490756302521009,952
Douglas Lashley,3.5777777777777775,9
Douglas Lay,3.558333333333333,60
Douglas Lipton,3.1093117408906883,247
Douglas McElrath,3.9718181818181817,110
Douglas McRae,2.748979591836735,49
Douglas Meade,3.7216981132075473,106
Douglas Oard,3.497486033519553,716
Douglas Riley,3.432352941176471,102
Douglas Schuweiler,3.847826086956522,23
Douglas Ulrich,2.7,61
Douglas Weiss,3.0692913385826777,127
Douglas Welcome,2.761538461538462,13
Dragomir Saric,2.9267441860465113,86
Drake Petersen,3.9625,8
Drew Ashby-King,3.6625984251968506,254
Drew Baden,2.8031746031746034,378
Drew Barker,3.7969696969696973,264
Drew Fagan,3.7737113402061864,194
Drew Jordre,3.97196261682243,107
Duane Johnson,3.4051724137931036,58
Duane Wallace,4.0,13
Duli Shi,3.527678571428571,112
Dun Jia,2.7548387096774194,31
Dushanka Kleinman,3.9698795180722892,166
Dushyant Chaudhari,3.226086956521739,23
Dustin Chacon,3.425,8
Dustin Cranford,3.467543859649123,114
Dustin Francis,3.703448275862069,29
Duygu Dagli,3.689655172413793,29
Dwayne Joseph,4.0,21
Dylan Carpenter,3.678787878787879,33
Dylan Jeffrey,3.736842105263158,38
Dylan Lewis,3.827118644067797,59
Dylan Roby,3.728794992175274,639
Dylan Selterman,3.096265854895992,9855
Dylan Uremovich,3.816666666666667,18
E Carr,3.4520000000000004,25
Eaman Jahani,3.4831999999999996,125
Earle Stone,2.9805325185508513,2291
Earlene Armstrong,2.6668874172185433,151
Earta Norwood,3.1425000000000005,40
Eben Levey,3.185,20
Ebonie Cooper-Jean,3.199441340782123,179
Ebonie Johnson Cooper,3.4741496598639454,147
Ebony Fullwood,3.7999999999999994,76
Ebony Shockley,3.892558983666062,551
Ebony Toussaint,3.6903225806451614,31
Ece Yegane,2.9159999999999995,75
Ed Bice,4.0,23
Ed Fendley,3.923493975903614,166
Ed Waldman,2.8694444444444445,36
Ed-Love Aidoo,3.715,20
Eda Aladagli Yoon,0.0,10
Eda Yoon,0.0,4
Eden Garosi,3.882587064676617,201
Edgar Moctezuma,3.3833773623247314,4921
Edith Ching,3.8140350877192986,114
Edith Laget,2.926923076923077,52
Edlie Wong,3.525462304409673,703
Edmond Shenassa,2.9583412774070545,1049
Edo Waks,3.279919678714859,498
Edoardo Serra,3.3699999999999997,40
Eduardo Martinez,3.4052631578947365,114
Edward Alwood,3.339519650655022,916
Edward Bempong,3.8073863636363643,176
Edward Bernat,3.7818902842035698,1513
Edward Butler,3.6754098360655743,122
Edward Condon,3.933657858136301,719
Edward Daschle,3.9008849557522125,113
Edward Dawson,3.65,28
Edward Eisenstein,3.686887608069164,694
Edward Fink,2.6493887530562352,409
Edward Helfers,3.313953488372093,86
Edward Jakuboski,4.0,6
Edward Landa,2.9673076923076924,52
Edward Lavino,3.8011019283746554,363
Edward Lemay,3.3207006369426746,628
Edward Maclary,3.942677824267782,1434
Edward Magrab,2.9510638297872336,94
Edward Orlando,2.8940594059405935,303
Edward Ott,3.6098930481283427,374
Edward Pallas,3.6279914529914525,468
Edward Parker,3.274285714285714,70
Edward Priola,3.5735023041474654,1302
Edward Redish,3.229943899018233,1426
Edward Sinnes,3.8394021739130433,368
Edward Summers,3.512019230769231,208
Edward Wyatt,3.140625,32
Edwin Smead,3.104412447747329,2153
Efrain Rodriguez,3.1480477223427337,922
Efrat Bernstein,3.53125,48
Efrat Yerday,3.62,10
Eiko Miura,2.717391304347826,69
Eileen Ahlin,3.648717948717949,78
Eileen Sellman,3.2925925925925923,81
Einat Gonen,3.6882352941176473,34
Eitan Tadmor,3.210227272727273,88
Ekaterina Demiyanova,3.84375,16
Ekaterina Solovyeva,,0
Ekon George,3.732142857142857,28
Elad Sherf,2.9511111111111115,45
Elahe Amiri,3.5785714285714287,14
Elaine Anderson,3.7571428571428576,252
Elaine Doherty,3.7315789473684213,38
Elaine Oran,3.9333333333333336,54
Elaine Povich,3.065486725663717,113
Elaine Shi,3.194936708860759,79
Elana Fine,3.7509803921568627,153
Elanor Spadafora,3.968292682926829,41
Elbert Glover,0.0,2
Eleanor Kerr,3.655384615384616,65
Eleanor Tipton,3.0115183246073296,191
EleanoraAnn Gianni,3.8818181818181823,11
Eleazar Eusebio,4.0,5
Elena Lozinsky,3.581368821292776,526
Eleonor Castillo,3.0666666666666664,153
Eleonora Tubaldi,2.9811855670103093,388
Eli Knaap,3.755555555555555,9
Elia Etkin,3.8361111111111117,72
Elia Powers,3.335664335664336,143
Elia Shahbazi,3.38433734939759,166
Eliamani Ismail,3.8916666666666666,36
Eliane Catilina,3.4301020408163265,588
Elias Gonzalez,3.4769434628975264,1132
Elie Ashery,3.5501440922190204,347
Elie Friedman,3.5715517241379313,348
Elif Kuz,2.840229885057471,261
Elif Osun,2.8034482758620687,29
Elijah Edelman,3.555365853658537,410
Elijah Moore,3.685714285714286,7
Elijah Northen,3.576923076923077,169
Elijah Osterloh,3.9789607097591886,1578
Elijah Wee,3.1528301886792445,53
Elijah Xun Ming Wee,3.503448275862069,58
Elinda Kiss,3.553520649966148,2954
Elisa Gironzetti,3.230208333333333,192
Elisa Klein,3.521166032953105,789
Elisabeth Adkins,4.0,15
Elisabeth Gilmore,3.617482517482517,143
Elisabeth Heuston,2.5947368421052635,57
Elisabeth Jacobs,,0
Elisabeth Kvernen,3.74375,16
Elisabeth Maring,3.714474650991918,1361
Elisabeth Smela,3.336345381526105,498
Elisabetta Ullmann,3.98125,16
Elise Auvil,3.4488636363636362,88
Elise Kaufman,3.8512499999999994,80
Elise Miller-Hooks,3.5280821917808223,146
Elise Resnick,3.335307692307692,1300
Elissa Sarno,3.236559139784946,93
Elite Truong,3.914285714285714,7
Eliyana Adler,2.8393939393939394,33
Eliza Kempton,3.288138686131387,548
Eliza Thompson,3.7900226757369615,441
Elizabeth Acevedo,3.3035398230088497,113
Elizabeth Aparicio,3.8281914893617017,188
Elizabeth Arnold,3.3920133111480864,601
Elizabeth Bagley,3.789285714285714,28
Elizabeth Bell,3.714736842105263,95
Elizabeth Bennett,3.639130434782609,23
Elizabeth Benton,3.5589285714285714,56
Elizabeth Berney,3.1920000000000006,25
Elizabeth Bonsignore,3.632962138084632,898
Elizabeth Brown,3.5981738495252005,2738
Elizabeth Catchmark,3.799230769230769,130
Elizabeth Chang,3.0947368421052635,19
Elizabeth Colson,3.189855072463768,69
Elizabeth Conner,3.0801075268817204,1302
Elizabeth Crooks,3.849333333333333,75
Elizabeth De Coster,3.869047619047619,84
Elizabeth Depriest,3.0795454545454546,44
Elizabeth Dinneny,3.7302631578947367,76
Elizabeth Duke,3.5392218717139854,951
Elizabeth Ellis,2.725352112676056,71
Elizabeth Feldman,3.25,92
Elizabeth Fixsen,3.225233644859813,214
Elizabeth Fleming,3.8228915662650604,83
Elizabeth Folsom,3.4500863557858374,579
Elizabeth Galvin,4.0,8
Elizabeth Gardner,3.0946666666666665,150
Elizabeth Gillan,3.8026666666666666,75
Elizabeth Griffith,2.7777979157227004,4414
Elizabeth Halloran-Tornquist,3.951851851851852,27
Elizabeth Hinson,3.8761904761904757,42
Elizabeth Honig,3.1607843137254905,153
Elizabeth Irlbacher,3.736206896551724,58
Elizabeth Johnson,3.25,30
Elizabeth Johnston,3.9271186440677965,59
Elizabeth Katt,3.691666666666667,36
Elizabeth Kurban,3.9315068493150687,146
Elizabeth Larson,3.9499999999999997,6
Elizabeth Malesa,3.7680851063829786,47
Elizabeth Malliakos,3.3375000000000004,16
Elizabeth Malone,3.485714285714286,7
Elizabeth Marshall,3.724451410658307,319
Elizabeth Martinez,3.5970149253731343,134
Elizabeth Massey,3.8269841269841267,63
Elizabeth McClure,3.2070826306913998,1186
Elizabeth Miller,3.0441860465116273,129
Elizabeth Montanaro,3.7277777777777774,36
Elizabeth Niehaus,3.935,20
Elizabeth Nonemaker,3.477205882352941,136
Elizabeth North,3.838235294117647,136
Elizabeth Papazian,3.489771197846568,743
Elizabeth Parker,2.9479166666666665,48
Elizabeth Parr,3.652941176470588,17
Elizabeth Petrun,3.309230769230769,195
Elizabeth Phipps,3.8294117647058825,408
Elizabeth Picciuto,3.2478688524590167,305
Elizabeth Pruitt,3.226470588235294,68
Elizabeth Quinlan,3.9965116279069766,86
Elizabeth Read-Connole,3.5729299363057327,314
Elizabeth Redcay,3.5198905109489047,1096
Elizabeth Reeves,3.622448979591837,49
Elizabeth Robertson-Tchabo,3.931938073394495,1744
Elizabeth Robinson,3.0066666666666664,180
Elizabeth Salmon,3.4774193548387102,31
Elizabeth Sara,3.9326923076923075,52
Elizabeth Sauber,3.506811145510836,323
Elizabeth Schechter,3.172258064516129,155
Elizabeth Seaman,3.432432432432433,111
Elizabeth Singleton,3.707317073170732,41
Elizabeth Straathof,3.0236842105263158,38
Elizabeth Tarantino,3.7315789473684204,19
Elizabeth Thiry,3.3909090909090907,11
Elizabeth Toth,3.74010989010989,364
Elizabeth Van Dolah,3.7285714285714286,7
Elizabeth Walden,3.857142857142857,7
Elizabeth Warner,3.766956521739131,115
Elizabeth Wasden,3.945045045045045,111
Elizabeth Williams,3.3724137931034486,29
Elizabeth Wilson,2.6470915841584164,1616
Elizabeth Yates,3.712121212121212,99
Elizabeth da Rosa,3.65,30
Elke Frederiksen,3.5585585585585586,111
Ella Washington,3.5460732984293197,191
Elle Pope,3.6727272727272724,22
Ellen Baumann,3.5605633802816903,71
Ellen Blumner,3.0919520547945205,584
Ellen Fabian,3.8919354838709674,124
Ellen Griff,3.1986754966887423,151
Ellen Hughes,3.6666666666666665,6
Ellen Lau,3.7910224438902738,401
Ellen Moll,3.5760765550239233,209
Ellen Polishuk,3.85,4
Ellen Williams,3.829411764705882,34
Ellesse-Roselee Akre,3.7243589743589736,78
Elliot Berger,3.749511854951185,717
Elliott Campbell,3.302272727272727,44
Elmer Cherry,3.8271929824561406,114
Elsa Barkley Brown,3.215602836879433,987
Elsie Essien,3.906060606060606,99
Elynn Lewis,3.9578947368421056,38
Elyse Grossman,3.4555555555555557,9
Emanuel Zur,3.7622199592668024,982
Emel Filiz Ozbay,3.6117431192660554,545
Emilee Durand,3.294722222222222,720
Emilia Guevara,3.920689655172414,29
Emilio Weber,3.9411764705882355,34
Emily Bailey,4.0,5
Emily Banks,3.362025316455696,79
Emily Becker,3.5961538461538463,26
Emily Biery,3.7904761904761903,21
Emily Bruns,3.315238095238096,420
Emily Chiappe,3.440909090909091,22
Emily Conover,3.745454545454545,858
Emily Cook,3.7104477611940303,67
Emily Cygrymus,3.63768115942029,69
Emily Egan,3.3445050662509748,1283
Emily Flamm,3.4078313253012045,332
Emily Foley,3.8608695652173917,69
Emily Forgo,2.963888888888889,36
Emily Francis,3.292134831460674,89
Emily Francoise-Bove,3.81,10
Emily Glazener,3.6,30
Emily Grossnickle,3.4460674157303375,89
Emily Heavin,3.6117647058823534,17
Emily Hestness,3.8576923076923078,52
Emily Hoem,3.28,5
Emily Kaplitz,3.773015873015873,63
Emily Kowalczyk,3.857142857142857,28
Emily Landau,3.099013157894737,608
Emily Lord,3.1315315315315315,111
Emily Lotz,3.6538461538461537,26
Emily Lyons,3.075296912114014,842
Emily Marks,4.0,9
Emily McFarlane Geisen,3.1916666666666664,12
Emily Mitchell,3.7192982456140355,456
Emily Morrison,3.6333333333333337,9
Emily Myrick,3.4416107382550334,149
Emily Naslund,3.733333333333333,24
Emily Oleson,3.8764705882352946,34
Emily Perez,2.841558441558442,308
Emily Pugh,3.875,12
Emily Shetty,3.864705882352941,17
Emily Smith,3.8048192771084337,83
Emily Stepp,3.7333333333333334,15
Emily Sterner,3.7960526315789473,152
Emily Stoll,3.5,98
Emily Swoveland,3.2660130718954252,153
Emily Wagner,3.8833333333333333,6
Emily Warheit,3.3178770949720677,179
Emily Watkins,3.6842105263157894,19
Emily Worsham,3.554166666666667,24
Emily Yanisko,,0
Emina Herovic,3.885792349726776,366
Emma Harris,3.532394366197183,71
Emma Newton,3.902020202020202,99
Emma Powell,3.924074074074074,108
Emma Roach,3.61,50
Emma Schwartz,3.08,20
Emmanuel Kornyo,3.8307692307692305,13
Emre Gunduzhan,3.331666666666667,180
Ena Djordjevic,3.344943820224719,267
Ena Walker,3.911111111111111,45
Eni Baballari,3.0975000000000006,200
Enkhtushig Idersuut,3.5100000000000002,20
Enrico Lopez-Yanez,3.036781609195402,87
Enrique Droguett,3.62972972972973,74
Enrique Mendoza,2.715,20
Enrique Otarola Pasten,2.6739130434782616,23
Eoin Mackall,2.842837837837838,740
Eowyn Mays,3.846052631578947,228
Ephraim Leibtag,3.197506925207757,361
Ephrat Asherie,4.0,23
Eran Eads,3.9850000000000003,20
Eran Eldar,3.272,25
Erez Tzfadia,3.3385964912280697,57
Ergun Kacar,2.6243243243243244,37
Eric Adler,3.3389473684210533,1140
Eric Baker,4.0,20
Eric Bond,3.5870967741935487,341
Eric Boyle,2.991323210412148,461
Eric Bubar,3.557142857142857,28
Eric Chapman,3.279166666666667,24
Eric Davidson,3.94,15
Eric Dunning,3.754856115107913,1668
Eric Falquero,3.233333333333333,6
Eric Haag,2.7413105413105416,1404
Eric Hamilton,3.1192439862542956,582
Eric Hermann,3.6882352941176473,34
Eric Hoover,3.9250000000000003,388
Eric Hoppmann,3.51578947368421,57
Eric Hung,3.8941176470588235,442
Eric Jenkins,3.590977443609023,133
Eric Johnson,3.9221804511278195,266
Eric Kasischke,3.0232067510548517,237
Eric Kendall,3.4733333333333336,15
Eric Kozlik,3.105555555555556,144
Eric Kuo,3.4233333333333333,30
Eric Kutz,3.9234234234234235,111
Eric Luedtke,3.699422632794457,866
Eric Maxeiner,2.8333333333333335,54
Eric Newburger,3.4698083067092655,626
Eric Oden,2.144,50
Eric Pacuit,3.1383389261744967,1192
Eric Pazdziora,3.103703703703703,135
Eric Pitney,3.7333333333333334,15
Eric Rosenbaum,3.5882978723404255,94
Eric Samet-Shaw,3.7952380952380955,21
Eric Schott,3.875,32
Eric Schoute,3.3491620111731844,358
Eric Shimelonis,3.966666666666667,9
Eric Silfen,3.9372093023255816,43
Eric Silk,3.686153846153846,65
Eric Slud,3.5104838709677426,248
Eric Stone,3.2126436781609193,174
Eric Thiel,3.780885311871227,994
Eric Uslaner,3.1614643545279386,519
Eric Vermote,2.9499999999999997,6
Eric Wachsman,3.2294117647058824,170
Eric Walker,0.0,54
Eric Wish,3.3780634104541556,1167
Eric Yates,3.7235294117647055,17
Eric Zakim,3.3873905429071804,1142
Eric Zanot,2.566666666666667,102
Erica Cefalo,3.6939024390243906,328
Erica Cochran,3.4490066225165563,906
Erica Ely,3.790213645761544,2902
Erica Estrada-Liou,3.891304347826087,115
Erica Glasper,3.301098901098901,91
Erica Glasper Andrews,3.4101167315175096,257
Erica Kuligowski,3.3825000000000003,80
Erica Merson,3.9105263157894736,19
Erica Smith,3.8016666666666663,1020
Erica Southerland,3.668421052631579,57
Erica Turner,3.9931818181818177,44
Erich Battistin,3.3404580152671755,131
Erich Sommerfeldt,3.192168674698795,830
Erich Studer-Ellis,2.8948959136468773,6485
Ericka Danois,3.5833333333333335,18
Erik Graf,3.7375000000000003,24
Erik Hanson,3.8449392712550607,247
Erik Lichtenberg,2.7515021459227462,466
Erik Lontok,2.8387351778656122,253
Erik Mitchell,3.8835164835164835,273
Erik Nesse,3.478125,32
Erika Domotor,3.058333333333333,84
Erika Exton,3.641666666666667,12
Erika Hussey,2.9322033898305087,59
Erika Melder,2.6106280193236717,414
Erika Moore,3.8650000000000007,20
Erika Perez Montes,3.6277777777777778,36
Erin Callahan,3.6096491228070176,456
Erin Caporellie,3.765,180
Erin Carlini,3.933333333333333,9
Erin Clancy,4.0,10
Erin Crawley-Woods,3.8358490566037737,212
Erin Cunningham,3.1999999999999997,19
Erin Doolin,3.689655172413793,29
Erin Eaker,3.2362186788154896,439
Erin Evans,3.9159663865546217,119
Erin Glasspatrick,2.625,24
Erin Green,3.8974358974358974,39
Erin Guimaraes,3.757777777777778,45
Erin Guthrie,3.241025641025641,117
Erin Haney,3.7615384615384615,13
Erin Hill,3.4207792207792207,77
Erin Hogan,3.8407766990291266,103
Erin Iverson,3.860666666666667,300
Erin Janulis,3.4571428571428564,112
Erin Lewis-Morrarty,3.8958333333333335,24
Erin Molloy,3.771604938271605,81
Erin Moody,2.8580067189249716,7144
Erin Mosely,3.2584967320261433,306
Erin Murphy,3.375,32
Erin Pickett,3.322641509433962,53
Erin Pittman,3.475,12
Erin Rooney-Eckel,3.766602316602317,518
Erin Saddler,3.84487422234244,7394
Erin Sells,3.4560975609756093,41
Erin Sohr,3.0993197278911566,147
Erin Steele,3.635294117647059,34
Erin Tagai,3.2186234817813766,247
Erin Thomson,3.7587171052631576,608
Erin Tran,3.643791722296395,2247
Erin Troland,3.538235294117647,34
Erin Wilson,3.816666666666667,36
Erin Wrenn,3.9499999999999997,6
Erkan Erdem,3.3899999999999997,30
Erkut Ozbay,2.997555012224939,1227
Ernest Bell,3.152631578947368,19
Ernesto Calvo,3.7098360655737705,549
Erve Chambers,3.786363636363636,44
Ervin Dervisevic,3.4399999999999995,15
Erwin Hesse,3.785,20
Esmaiel Jabbari,3.973684210526316,38
Esme Pierzchala,3.972727272727273,22
Espen Spangenburg,3.6685714285714286,280
Esperanza Pombo Lopez-Barron,3.632558139534884,258
Espey Browning,3.3370503597122303,556
Estefania Ospina,3.5,19
Esther Lee,3.628372093023256,215
Esthus Amos,3.500606060606061,165
Ethan Henderson,3.951219512195122,41
Ethan Hutt,3.5687499999999996,208
Ethan Kaplan,3.174469641550841,1367
Ethan Mereish,3.910924369747899,119
Ethan Sewall,3.7935483870967746,62
Etsuko Yamakita,3.090854572713643,667
Eugene Cantor,3.4188664288545385,2523
Eugene Haines,3.9377358490566037,53
Eugene Keating,3.4953488372093027,86
Eugene Morelli,3.642857142857143,14
Eugene Robinson,3.453566333808844,1402
Eugenia Kalnay,3.764705882352941,102
Eugenia Lao,3.269285714285714,140
Eun Kyoung Choe,3.8432314410480344,229
Eun-Kyoung Lee,3.6,10
Eun-Suk Seo,2.940740740740741,729
Eunhee Lee,3.2069767441860466,129
Eunjung Lim,3.7542857142857144,70
Eunmyoung Lee,3.886206896551724,29
Eusabia Mont,3.350335570469799,149
Eusebia Mont,3.803529411764706,85
Eva Chin,3.2935483870967737,217
Eva Coll,3.860869565217391,92
Eva DuGoff,3.784782608695652,46
Eva Freeman,3.966666666666667,9
Eva Hageman,3.680176211453744,227
Eva Peskin,3.9893401015228425,197
Eva Stehle,2.962800565770863,707
Eva Vilarrubi,3.88,5
Evan Berkowitz,3.3515151515151516,33
Evan Brody,3.296829268292683,820
Evan Ellicott,3.5207446808510636,188
Evan Golub,2.8140398740818466,4765
Evan Levy,3.7333333333333334,27
Evan McCauley,3.657692307692307,182
Evan Meier,3.160416666666667,48
Evan Riddle,3.93030303030303,165
Evan Starr,3.455499367888748,791
Evan Westra,3.161607142857143,112
Evandro Valente,3.5846475924633645,1433
Eve Ettinger,3.392105263157895,38
Eve Grice,3.7888349514563107,206
Eve Ostriker,2.904347826086956,23
Evelyn Canabal-Torres,3.2245003700962247,1351
Evelyn Cooper,3.9531914893617017,47
Evelyn Covington,3.911111111111111,108
Evelyn Elsing,3.8000000000000003,6
Evelyn King-Marshall,3.5861932938856014,2535
Everett Daviage,3.5450000000000004,120
Everett Wiggins,3.7439999999999998,25
Eyad Abed,3.110204081632653,392
Eyda Merediz,3.3022801302931595,307
Eytan Ruppin,3.425806451612903,31
Fabian Faccio,3.632450896669513,1171
Fabrizio Cariani,3.2115384615384617,182
Faedra Carpenter,3.4093333333333335,300
Faika Zanjani,3.160085836909871,233
Faith Otchere,3.8513274336283185,226
Faith Sears,3.7952380952380955,21
Fang-Yi Chao,3.2301886792452827,106
Fangfang Ma,3.7868421052631573,76
Fanita Tyrell,3.6426470588235302,408
Farah Farahati,3.907594936708861,158
Farah Singer,3.7803921568627454,51
Fardina Alam,3.8369565217391304,322
Farhaana Nyamekye-frazier,3.216666666666667,6
Farhad Rassekh,2.889583333333333,48
Fari Schlake,3.5555555555555554,27
Fariha Khalid,3.824031007751938,129
Farzam Yazdanseta,3.8482758620689657,29
Fatemeh Hosseini,3.8428571428571425,91
Fatemeh Keshavarz-Karamustafa,3.3317073170731715,82
Fathima Zuhurudeen,3.3687500000000004,48
Fatima Almutawakel,3.6375,16
Fatima Azam,3.4833333333333334,18
Fatima Quander,3.858715596330275,218
Fatima Taha,3.7938405797101447,276
Fatimah Ali,3.8466666666666667,15
Fawzi Emad,2.743838091796169,8301
Fayuan Li,3.7571428571428576,21
Fazlul Kabir,3.8036363636363633,55
Federica Deigan,3.4013311148086522,601
Federico Iuricich,3.227777777777778,18
Fei Wang,2.883870967741936,527
Feinian Chen,3.1301552106430157,451
Felicia Glidden,3.5680000000000005,75
Felicia Jamison,3.3521739130434782,23
Felicia Low,3.5162995594713657,227
Felipe Saffie,2.684536082474227,97
Felipe Westhelle,3.796551724137931,58
Feng Chen,3.9516129032258065,31
Fernando Duran,3.936363636363636,88
Fernando Fleurquin,3.8466666666666667,15
Fernando Garcia,3.2745762711864406,59
Fernando Miralles-Wilhelm,3.96140350877193,57
Fernando Raffan Montoya,3.4026315789473682,228
Fernando Reinares Nestares,3.866666666666667,12
Fernando Rios,3.3497159940209267,3345
Fernando Saltiel,3.2314285714285713,35
Fielding Montgomery,3.662962962962963,216
Fiifi Edu-Afful,3.215,20
Filipa Calado,2.8894736842105266,38
Fiona Jardine,3.4968253968253964,126
Fiona Shen-Bayh,3.9,7
Firas Maksad,3.5500000000000003,56
Firoozeh Rahimian,3.817857142857143,56
Flavius Badau,3.068421052631579,19
Florian Gawehns,3.5296296296296297,54
Florian Keusch,3.8194444444444438,36
Florian Rouiller,3.8491525423728814,59
Fo Aflagah,2.7287128712871285,202
Foon Sham,3.588349514563107,618
Forrest Svingala,3.6184210526315788,38
Fotis Gavriil,3.375,8
Frances Clark,3.941538461538461,65
Frances Dubrowski,3.5535714285714284,28
Frances Glendening,3.391891891891892,37
Frances Goldscheider,3.855555555555556,9
Frances Gulick,1.947992125984252,2540
Frances Kohl,3.7507530120481922,664
Frances Lee,3.4824644549763035,211
Francesca Henderson,3.98125,16
Francesca Polito,3.736437246963563,247
Francesca Roth,3.419095477386934,199
Francesca Spidalieri,3.7800000000000002,10
Francesco D'Acunto,3.5929705215419503,441
Francesco Gaffi,3.2214285714285715,28
Francine Hultgren,3.9000000000000004,57
Francis Alt,3.3500000000000005,390
Francis Mccluskey,3.1870192307692307,208
Francisca Saavedra,3.4478590785907857,1845
Francisco Arana Herrera,3.0999999999999996,575
Francisco Barrenechea,3.4342526199669057,1813
Francisco Joglar,3.9776315789473684,76
Francisco Lagos Marin,3.621052631578948,19
Francisco Roch,3.64,25
Francisco Rodriguez Campos,3.5999999999999996,9
Franck Olivier Ndjakou Njeunje,2.962388059701492,335
Frank Coale,3.9828915662650597,830
Frank Hall,2.928695652173913,230
Frank Kratovil,2.619444444444445,72
Frank Modica,3.801376146788991,218
Frank White,3.2056745182012847,934
Frankie Abralind,3.611458333333333,96
Franklin Damann,3.4166666666666665,24
Franklin Hildy,3.507722007722008,259
Franklin Horstman,3.9823529411764707,17
Franklin Odo,3.427272727272727,11
Franz Klein,3.112698412698413,63
Franziska Weber,2.977777777777778,18
Fraser Stevens,3.6379844961240306,129
Frauke Kreuter,3.7323144104803494,229
Fred Katz,3.6386075949367096,158
Frederic Katz,3.672549019607843,51
Frederic Whiting,3.4407407407407407,81
Frederick Bolton,3.2547325102880658,243
Frederick Conrad,3.5320224719101128,178
Frederick Khachik,3.110661332078136,4249
Frederick Stachura,3.5913043478260875,115
Frederick Wellstood,3.4741961414791,1244
Fredric Schmitz,3.7600000000000002,5
Fredrica Kramer,3.7037037037037037,27
Fredrick Cherry Jr,3.295,140
Fredy Uruchima,3.3846153846153846,13
Fulvio Cativo,3.8035087719298244,57
Furong Huang,3.653952321204517,797
Fushuai Jiang,2.7631262525050104,499
Futoshi Yumoto,3.246153846153846,65
Gabriel Biehal,3.666037735849057,53
Gabriel Cruz,2.906172839506173,324
Gabriel Henderson,2.373333333333334,30
Gabriel Mata-Ortega,3.8330827067669175,133
Gabriel Weimann,3.2775,80
Gabriela Gillespie,3.947222222222222,36
Gabriela Mundaca Elias,2.317931034482759,145
Gabriela Vlahovici-Jones,3.6882352941176473,17
Gabriele Strauch,3.7560240963855422,166
Gabriella Estevez,3.838235294117647,34
Gabriella Lloyd,3.7723163841807907,177
Gabriella Roselle,3.5954545454545452,44
Gabrielle DeFranceschi,4.0,19
Gabrielle Fuentes,3.7738095238095237,420
Gabrielle Robinson-Tillenburg,3.5876288659793807,97
Gabrielle Trilling,3.6,40
Gaby Hernandez,3.5098039215686274,51
Gadi Fibich,2.7544692737430165,358
Gagan Jindal,3.416666666666667,30
Gagan Nirula,3.3008474576271185,236
Gah-Yi Ban,3.720183486238532,218
Gail Bailey,3.9227272727272724,22
Gail Kaplan-Wassell,3.581967213114754,61
Gail Sunderman,3.63448275862069,29
Gail Upchurch,3.665873015873016,126
Galen Dively,4.0,32
Galina Madjaroff,3.6759200841219766,951
Galina Reitz,3.86625,160
Gamze Yavuzer,2.9181818181818184,11
Gananand Kini,3.809401709401709,117
Ganesh Sivaraman,3.8272727272727276,11
Ganesh Sriram,3.3537404580152677,1310
Gang Qu,3.173299427844882,1573
Gang-Len Chang,3.8228758169934647,153
Ganga Sasidharan,3.5019230769230774,52
Garegin Papoian,2.9087768440709616,1071
Gareth Williams,3.6961363636363633,440
Garrett Bradford,3.68125,32
Garrett Vanhoy,3.587226277372263,274
Garth Libhart,3.649664429530201,298
Garth Rockcastle,3.7649635036496356,137
Gary Bulmash,3.0148142710321535,6811
Gary Cohen,3.4652360515021456,699
Gary Coleman,3.2324324324324323,370
Gary Felton,3.8791666666666664,24
Gary Homana,3.7233333333333336,30
Gary LaFree,3.0836363636363635,165
Gary Pavela,3.72,20
Gary Pennington,2.815079365079365,252
Gary Pertmer,3.220627261761158,1658
Gary Rubloff,3.4647668393782385,386
Gary Slack,3.364864864864865,37
Gary Strand,3.4,5
Gary White,3.928787878787879,66
Gaurav Bhalla,3.4135416666666667,96
Gavin Britto,3.8792792792792796,111
Gavin Mahoney,3.8354166666666667,96
Gay Gullickson,3.337308868501529,327
Gayatri Gadag,3.5714285714285716,28
Gayle Reznikov,3.76875,32
Ge Gao,3.483651226158038,367
Gea Ujcic,3.9892857142857143,28
Geetha Ramani,3.658406113537118,916
Gelila Haile,3.9152542372881354,59
Gemirald Daus,3.2065,400
Gene Ferrick,3.9955882352941177,136
Gene Pohl,3.5144736842105266,76
Genevieve D'Cruz,3.6964285714285716,140
Genevieve Hiltebrand,3.8098159509202456,163
Genevieve Mayhew,3.4692307692307693,13
Genevieve Nesslage,3.902702702702703,37
Gennady Chepurin,3.71875,16
Gennifer Godley,3.9745454545454546,55
Gentry Johnson,3.04031007751938,129
Geoffrey Gilbert,3.5907766990291266,206
Geoffrey Malafsky,3.2083333333333335,12
Geoffrey Milsom,3.659898477157361,985
Geoffrey Rinehart,2.5272727272727273,44
Geoffrey Robertson,,0
Geoffrey Sheil,3.6186046511627907,43
Geoffrey Tate,3.524833702882483,451
George Belov,4.0,29
George Dieter,3.1599236641221373,262
George Goldenbaum,2.8222547584187407,683
George Hambrecht,3.616776750330251,1514
George Hartman,3.9000000000000004,9
George Hurtt,3.330729833546736,781
George Kintiba,3.7071366405570063,1149
George Kurtzweil,3.9168205128205122,975
George Lanum,3.621098265895954,346
George Lettis,3.4222222222222225,18
George Lorimer,2.8392441860465114,688
George Macready,3.4857142857142853,77
George Ritzer,3.0545454545454542,77
George Ru,4.0,6
George Sherwood,3.6749999999999994,120
George Solomon,3.507860262008734,229
George Starkweather,3.4415094339622643,53
George Syrmos,3.758,450
George Zaki,3.2095541401273886,157
Georgeanne Matthews,3.652132701421801,211
Georges Rey,2.7559782608695653,368
Georgios Skoulakis,3.5324770642201835,545
Georgiy Belov,4.0,33
Gerald Borgia,3.181701030927835,776
Gerald Fischbach,3.91,50
Gerald Gabriel,4.0,12
Gerald Galloway,3.7969072164948456,97
Gerald Haynes,4.0,54
Gerald Mizejewski,2.894444444444444,18
Gerald Powell,3.96,185
Gerald Suarez,3.4799055967633175,1483
Gerald Wilkinson,3.1187500000000004,528
Gerald Winegrad,3.304761904761905,21
Gerard Evans,3.758340113913752,2458
Gerard Hoberg,3.711278195488722,133
Gerard Holmes,3.5755434782608693,368
Gerard Kunkel,3.8453987730061354,326
Gerard Passannante,3.332967032967033,910
Germano Gomez,3.382456140350877,114
Gero Bauer,3.2428571428571433,21
Gerrit Knaap,3.747916666666667,48
Gerry Strumpf,3.757020757020757,819
Gershun Avilez,3.7328125,128
Gerson Lanza Ruiz,3.9155844155844157,77
Gesoel Ernesto Ribeiro Mendes Junior,3.7125,8
Ghaffar Hurtado Choque,3.7190697674418605,215
Gheda Temsah,3.4872340425531916,47
Ghonva Ghauri,3.6315789473684212,19
Giacinto Paolo Saggese,3.606930693069307,101
Gianina Lockley,3.4671875,64
Gianinna Malatesta,3.309195402298851,87
Gianna Valentino,3.2088235294117644,34
Gideon Mark,3.0745443856554973,1701
Gil Ariel,2.537037037037037,54
Gilad Chen,3.8020202020202025,99
Gilad Ofek,3.1140350877192984,114
Gilad Sharon,3.7558011049723756,181
Gilbert Nunez,3.8159722222222223,144
Gilberto Cruz,,0
Gilda Martinez,3.944827586206897,29
Gili Ad-Marbach,3.932283464566929,127
Gillian Felton,3.9200000000000004,190
Gillian Grose,3.4499999999999997,56
Gillian Knoll,3.2677419354838704,124
Gilmer Blankenship,3.2875700934579437,1070
Gina Mazzuca,3.759574468085106,47
Gina Takaoka,3.635483870967742,31
Gina Walejko,3.8034482758620687,87
Ginette Eldredge,3.333333333333333,462
Ginger Jin,3.1730803974706414,1107
Giordano Palloni,3.6535714285714285,28
Giorgia Cavallaro,3.8423076923076924,26
Giovanni Baiocchi,3.830397727272728,352
Giovanni Forni,2.9605678233438484,951
Giovanni Luca Ciampaglia,3.211746031746032,315
Giridhar Nandikotkur,2.942105263157895,342
Giuliano Scarcelli,3.1990180032733226,611
Giuseppe Pennisi,3.6170731707317074,41
Glen Brumbach,3.6710526315789473,38
Glenn Hollar,3.1358974358974363,39
Glenn Ireland,3.375409836065574,61
Glenn Kasten-Sportes,3.888,50
Glenn Knapp,0.0,3
Glenn Rahmoeller,3.7560260586319223,307
Glenn Smith,3.7215686274509796,153
Gloria Bouis,3.790909090909091,11
Gloria Chin Quee,3.779629629629629,54
Gloria Huh,3.877083333333333,48
Glorious Piner,3.5329113924050635,79
Gniesha Dinwiddie,3.212727272727273,330
Go Na,3.7218750000000003,32
Goeun Ha,3.255,100
Gokhan Civan,2.8255813953488373,43
Goncagul Branco,3.636111111111111,72
Gonzalo Garcia,3.167164179104478,67
Gonzalo Paz,3.3893617021276596,47
Gorjan Alagic,3.238961038961039,77
Gorkem Ozer,3.5162583518930957,449
Gosia Langa,3.2924509803921564,2040
Gosia Langa Basit,3.5242162162162165,2775
Gottlieb Oehrlein,3.341576506955177,647
Grace Benton,3.9176470588235293,34
Grace Bottelier,3.87,10
Grace Boudreau,3.9696969696969697,33
Grace Chris,4.0,7
Grace Deming,2.9447319778188543,1082
Grace Kwon,2.975,40
Grace Lee,3.885714285714286,14
Grace Mandato,3.8999999999999995,56
Grace Riley,3.8741379310344826,58
Grace Yang,3.3454545454545457,33
Graciela Jaschek,3.310869565217391,184
Graham Antoszewski,2.599065420560748,107
Graham Brown,3.6304761904761897,105
Graham Cullen,3.5443548387096775,124
Gran Wilson,3.81231884057971,138
Grant Clough,3.868333333333333,60
Grant McKenzie,2.995161290322581,124
Greg Deinert,2.8,17
Greg Jackson,3.080821917808219,146
Greg Metcalf,3.6513846153846155,975
Greg Midgette,3.207862068965517,725
Greg Raspanti,3.8427536231884054,138
Gregg Duncan,3.375283446712018,441
Gregg Vanderheiden,3.7,57
Gregory Baecher,3.291338028169014,1420
Gregory Ball,3.8882352941176466,17
Gregory Barr,3.6,161
Gregory Bucher,3.5490347490347487,259
Gregory Canning,2.936923076923077,65
Gregory Clark,3.725,12
Gregory Gremillion,3.56875,64
Gregory Hancock,2.774275362318841,1380
Gregory Kendall-Ball,3.721875,32
Gregory Kohn,3.5625,24
Gregory Laun,2.933333333333333,45
Gregory Marr,3.371562867215041,2553
Gregory Miller,3.97,20
Gregory Payne,3.4179611650485437,412
Gregory Pfeiffer,3.1638788752703677,1387
Gregory Ramsay,3.6410619469026555,565
Gregory Rulifson,3.48125,16
Gregory Schnaar,3.047599164926931,479
Gregory Schuler,3.735714285714286,14
Gregory Schultz,3.5287581699346404,153
Gregory Shaffer,3.986466165413534,266
Gregory Silsbe,3.5800000000000005,10
Gregory Simon,3.952054794520548,219
Gregory Smith,3.95,30
Gregory Staley,3.2773686794305354,2037
Gregory Stinson,3.8,5
Gregory Stoehr,3.1926829268292685,82
Gregory Sullivan,3.4143377885783717,823
Gregory Weaver,3.806382978723404,47
Gregory Wiedemann,3.255555555555555,9
Gregory Young,3.236666666666667,30
Gretchen Campbell,3.6488372093023256,43
Gretchen De Silva,3.0547445255474455,274
Gretchen Horlacher,3.2806122448979593,98
Griffin Thompson,3.7737373737373736,99
Griffith Kazmierczak,3.929333333333333,75
Gu Qian,3.8642857142857143,56
Guan Huang,2.856140350877193,114
Guangbin Li,3.2666666666666666,123
Guangming Zhang,3.8104347826086955,1725
Guangyu Xi,3.425433526011561,173
Gudrun Nyunt,3.5500000000000003,12
Guido Kuersteiner,3.588577154308617,499
Guido Yactayo,3.429032258064516,31
Guilhem Le Saux,3.232291666666667,96
Guiling Hu,3.4803448275862063,1160
Guillaume Bonnet,3.1,38
Guillermo Cantor,3.4256410256410255,39
Guimin Zhu,3.436363636363636,11
Gujie Li,3.831818181818182,66
Gul Branco,3.8961309523809526,336
Gulnoza Yakubova,3.858571428571429,280
Guodong Gao,3.532187201528176,1047
Guowei Sun,2.38125,48
Gurdip Bakshi,3.441090909090909,550
Gurpal Toor,3.2700000000000005,10
Gustavo Saraiva,2.599532710280374,214
Gustavo Varela Alvarenga,3.5223404255319144,94
Guy Ziv,3.3128571428571427,140
Gwen Hambright,3.9057142857142852,35
Gwynne Jenkins,3.6466019417475732,103
Ha Ahn,3.774285714285714,35
Hadi Amiriebrahimabadi,2.9266666666666663,45
Hadi Golkar,3.9625,16
Hadiya Woodham,3.2956614890198184,1867
Hae-Lyeng Kim,3.7754237288135593,118
Haedong Kim,3.1872340425531913,47
Haejung Shin,3.087654320987655,81
Haeyun Seo,2.476363636363636,55
Hagar Attia,3.714914425427873,409
Hailey Fleece,3.7630434782608693,92
Hailong Bai,3.4283018867924526,53
Hailu Gebremariam,2.8603398199244845,6886
Haishan Yuan,3.2941176470588234,34
Haiyun Lu,2.9568,125
Haiyun Ma,2.9600000000000004,30
Haizhao Yang,3.2194029850746277,67
Hakob Avetisyan,3.2512820512820513,156
Hal Daume,3.5338983050847452,826
Haley Axton,3.963492063492063,63
Haley Talbot-Wendlandt,3.391304347826087,23
Hali Kilbourne,3.870833333333333,48
Halimah Abdullah,3.109677419354839,31
Halla Khalil,3.5612903225806454,31
Halley Aelion,3.66936026936027,297
Halli Weiner,3.8034782608695656,230
Hallie Liberto,3.2718453188602443,1474
Haluk Unal,3.528959891230455,1471
Hamid Al-Saqban,3.131400966183575,207
Hamid Mahini,2.9025236593059938,317
Hamil Harris,3.958791208791209,182
Hana Zewdie,3.9166666666666665,30
Hanan Samet,2.885498489425982,331
Hananya Cohen,3.79,20
Handan Bao,,0
Hang Le,3.9896551724137934,58
Hanna Lee,3.3741602067183463,774
Hanna Muller,3.1399999999999997,10
Hannah Allen,3.009745762711864,236
Hannah Beilenson,3.6937499999999996,128
Hannah Bergman,3.751807228915663,83
Hannah Cameron,3.8411764705882354,238
Hannah Daley,3.676258992805755,139
Hannah Day,3.2246376811594204,69
Hannah Hoganson,3.1835616438356165,219
Hannah Jardine,3.970149253731343,67
Hannah Kerner,3.927777777777778,18
Hannah Nolan,3.524390243902439,41
Hannah Sabo,3.875,20
Hannah Smotrich,3.6700000000000004,10
Hannah Wegmann,3.309651474530831,373
Hannah Weiser,3.645908460471567,721
Hannah Willison,3.5633333333333335,30
Hannah Wu,3.438888888888889,18
Hannah Zafar,3.8717391304347823,46
Hannah Zierden,3.037313432835821,67
Hanne Mawhinney,4.0,29
Hannoori Jeong,3.9823529411764707,17
Hans Fenstermacher,3.675,8
Hans Lemke,3.694088319088319,1404
Hans-Joachim Hein,3.07,10
Hantaek Bae,3.2157894736842105,19
Hao Bo,3.0351351351351354,37
Hao Su,3.48,50
Haoran Li,2.7058823529411766,17
Harald Anderson,3.6869565217391305,46
Harbir Antil,3.103846153846154,26
Harish Neelakandan,3.7512345679012347,162
Harjit Bhogal,3.538578680203046,591
Harlan King,3.819512195121952,82
Harland Glaz,3.0728301886792453,265
Harold Anderson,3.3777777777777778,9
Harold Beiser,3.625,12
Harold Burgess,3.7668720054757014,1461
Harris Trobman,3.0,19
Harrison Guthorn,2.816666666666667,18
Harry Alford,3.780503144654088,159
Harry Li,3.9045454545454548,22
Harry Tamvakis,2.9018633540372667,483
Hart Guonjian-pettit,3.7399999999999998,5
Harutyun Shahumyan,3.8400000000000007,10
Hasan Elahi,3.630188679245283,159
Hasan Jackson,3.532432432432432,74
Hassan Ibrahim,3.683976195724047,4537
Hassan Salmani,3.5781250000000004,32
Hatice Sahinoglu,2.9800278035217795,2158
Hawi Bekele Bengessa,3.6071428571428563,84
Hayim Lapin,3.1434782608695655,644
Hayley Derryberry,3.661538461538462,26
Haynes Johnson,3.8188235294117643,85
Hazel Feigenblatt,3.294736842105263,133
Hazel Feigenblatt Rojas,2.9066666666666667,30
Hazim Abdullah-Smith,3.3483146067415723,178
He Chen,3.5116883116883115,77
Heather Adair,2.931746031746032,378
Heather Allcock,3.886486486486486,37
Heather Arianna,3.9598870056497173,177
Heather Buchanan,3.912121212121212,33
Heather De Bel,3.227142857142857,70
Heather Epkins,3.568483412322275,422
Heather Ganginis DelPino,3.5976363636363637,550
Heather Gray,3.7891566265060233,83
Heather Hicks,3.4600000000000004,30
Heather Hunkus,3.625,12
Heather Juliussen-Stevenson,2.52,15
Heather Lindenman,3.4166666666666665,24
Heather Marsh,2.9833333333333334,42
Heather McHale,3.484109589041096,730
Heather Mehrtens,0.0,16
Heather Nathans,3.957142857142857,14
Heather Platter,3.6735294117647057,68
Heather Randell,3.6586956521739133,46
Heather Rellihan,3.972727272727273,11
Heather Reynolds,3.909090909090909,11
Heather Starmer,3.7777777777777777,18
Heather Stormont,3.8020408163265307,49
Heather Summers,3.497368421052631,152
Heather Tienson-Tseng,2.861631944444444,576
Heather Verron,3.6423076923076922,26
Heather Yarger,3.6651162790697676,215
Heather-Erin Bremenstuhl,3.7744680851063825,423
Hebatalla Salem,3.1101449275362323,69
Hechao Sun,2.284313725490196,51
Hector Alcala,3.728125,64
Hector Corrada Bravo,3.4664670658682635,1336
Hector Lopez Carbajal,3.6,5
Hedwig Teglasi,3.835294117647059,34
Hee-Jung Song,3.298347440548166,2481
Heejung Byun,3.54,35
Heera Lee,3.7882352941176474,306
Hei Chan,2.2885714285714283,35
Heidi Bresee,3.68011583011583,518
Heidi Bulich,2.913459119496855,795
Heidi Celebi,3.834567901234568,81
Heidi Fisher,3.793632958801498,267
Heidi McFall,3.7690909090909086,110
Heidi Oliver,3.744444444444445,27
Heidi Platt,3.875,16
Heidi Sauber,,0
Heidi Scott,3.7000000000000006,618
Heidi Zenisek,3.727272727272727,11
Helen Bailey,3.5714285714285716,7
Helen Huang,3.7670995670995673,231
Helen Lee,3.885714285714286,14
Helen Olde,3.763636363636364,11
Helena Martin,,0
Heng Huang,3.9127659574468088,47
Henri Berestycki,4.0,4
Henry Boyd,3.2434053308823527,4352
Henry Gallo,3.973684210526316,38
Henry Gregory,3.8,97
Henry Lucas,3.6161676646706584,334
Henry Overos,3.2103448275862068,29
Henry Willis,3.9014084507042255,71
Henry Wixon,3.505208333333334,96
Herman Ammon,2.4547899159663866,595
Herman Sintim,3.0786377708978327,323
Hermione Pickett,3.521590909090909,88
Hernan De Pinillos,3.6325102880658435,243
Hernan Sanchez,3.516923076923077,130
Hernisa Kacorri,3.5075657894736847,608
Herve Campangne,3.712602739726028,365
Herve Franceschi,3.0888053467000836,1197
Hesam Babahosseini,3.616,100
Hester Baer,3.4792517006802717,294
Heven Sze,3.180769230769231,52
Heyrim Cho,2.873869346733668,796
Hilaf Hasson,2.9122308354866497,1161
Hilary Bierman,3.866074856046065,2084
Hilary Jones,2.9916666666666663,108
Hilary Sazama,3.8671875,64
Hilary Wilson,3.769230769230769,13
Hillary Kelbick,3.877272727272727,22
Hillary Roegelein,3.175706214689266,177
Hiroshi Jacobs,3.686111111111111,36
Hiroyuki Iseki,3.6893518518518515,216
Hisao Kurokami,3.9000000000000004,9
Hitomi Minamida,3.5149999999999997,20
Ho Chun Wong,3.3150537634408606,93
Ho Yeung,3.272,125
Hoa Nguyen,3.891044776119403,134
Hoda Mahmoudi,3.9043103448275867,116
Hollie Young,3.8480000000000003,50
Hollin Roberts,4.0,9
Hollin Van Buren,3.7777777777777777,9
Hollis Stein,3.9812499999999997,48
Holly Brewer,3.2731138545953358,729
Holly Pasquale,3.94,5
Holly Roberts,3.4951871657754006,187
Holly Smith,3.5629129129129122,666
Holly Ulmer,3.75,12
Holti Banka,3.7038461538461536,52
Hong Jiao,3.768620689655173,290
Hong Kim,3.524675324675324,77
Hong Lin,2.8820895522388064,67
Hongjie Liu,3.5857142857142854,196
Honglin Zhong,2.8812499999999996,16
Hongsheng Bi,3.85,24
Hongyang Zhao,3.471069182389937,159
Hongyi Zhang,3.6949962092494317,1319
Hooman Koliji,3.698245614035088,114
Horst Winkelnkemper,3.093846153846154,260
Hosam Fathy,3.5440963855421685,415
Hoseong Lee,3.8166666666666664,12
Hossein Abbasi,2.8258353113018075,5477
Hossein Abbasi Alikamar,2.642168674698795,1328
Hossein Ehsani,3.514285714285714,63
Houng Li,3.1250000000000004,8
Howard Bomstein,3.711073825503356,298
Howard Elman,2.9535791757049887,461
Howard Frank,3.3584811923349895,1409
Howard Fribush,2.864133016627078,421
Howard Killam,3.9244897959183676,196
Howard Lasnik,3.799152542372881,118
Howard Leathers,2.8497991967871483,2241
Howard Loshin,3.775,16
Howard Michael,3.5,6
Howard Milchberg,3.3604430379746835,948
Howard Norman,3.9988636363636365,264
Howard Smead,3.313239436619719,4970
Howard Stein,3.7333333333333334,27
Howard Weiner,3.2126361655773423,459
Howell Baum,3.165656565656566,99
Hsiang-Yuan Ho,4.0,1
Hsin-Yi Chien,3.176315789473685,38
Hsin-Yi Lin,2.8,10
Hsing-Hen Chen,2.89,50
Hsuan Yu,2.795412844036697,109
Hua Ni,3.5,19
Huaishu Peng,3.859554730983302,539
Huanchen Bao,2.7179687500000003,128
Huang Chiao Huang,3.9513207547169817,265
Huayu Zhang,3.3777777777777778,9
Hubert Montas,3.4869797225186763,937
Hugh Bruck,3.66962962962963,675
Hugh Bryant,3.66,50
Hugh Courtney,3.5,20
Hugh Turner,3.376428571428571,2800
Hugo Brulhart,2.795,20
Hui How,3.8043478260869565,69
Hui Liao,3.7246200607902735,987
Huili Liu,2.4045454545454543,66
Huiying Chen,3.318461538461538,65
Humberto Coronado,3.3216896060749876,2107
Hunter Parsons,3.436885245901639,122
Hussain Ibdah,2.9238938053097345,339
Huu Nguyen,3.939189189189189,74
Huy Nguyen,3.2650485436893204,103
Hyeun Lee,3.418518518518519,27
Hyojin Jeong,2.676,50
Hyosoo Park,3.5859375,64
Hyrum Mills,4.0,8
Hyuk Oh,3.232432432432432,111
Hyung Suk Choi,2.9324324324324325,37
Hyungsik Moon,3.3078125000000003,64
Hyunhee Kim,3.6456140350877195,57
Hyunki Kim,3.5227586206896553,145
Hyunsun Park,3.8766666666666665,60
I M Mac Destler,3.611246200607903,329
I Suadin,3.947152619589977,439
Ian Appelbaum,2.9320916905444125,349
Ian Fothergill,3.5098360655737704,61
Ian Funk,2.7361702127659577,47
Ian Johnson,2.170175438596491,57
Ian Miers,3.5671755725190835,262
Ian Page,3.810735586481113,503
Ian Reagan,3.214545454545455,55
Ian Teixeira,2.037254901960784,51
Ian Ward,3.5443762781186097,978
Ian White,3.307541241162608,1273
Ianessa Humbert,3.477777777777778,45
Ibrahim Ades,2.930921820303384,2571
Ibrahim Assakkaf,3.2857142857142856,63
Ibrahim Kargbo,3.3613793103448275,435
Ibrahim Korpeoglu,3.0454545454545463,11
Iceney Williams,3.825746268656716,268
Ichiro Takeuchi,3.252650822669104,547
Ida Jones,3.5749999999999997,36
Ida Meftahi,3.8038194444444446,288
Idalis Villanueva,3.418298969072165,388
Idil Yaveroglu,3.5971095334685597,1972
Ido Dubrawsky,3.7575971731448767,283
Ido Sivan-Sevilla,3.7478260869565214,46
Ihab Ali,3.88,5
Ijeoma Ezeofor,3.582,50
Il-Horn Hann,3.437317620650954,1782
Ilai Saltzman,3.6593582887700533,374
Ilaria Canavotto,3.689473684210526,19
Ilchul Yoon,2.7513396089790008,2762
Ilcia Hernandez,3.825490196078431,51
Iliana Zepeda De Leon,4.0,19
Ilina Kachinske,3.377966101694915,118
Ilina Stojanovska,3.429834254143646,181
Ilknur Zer Boudet,3.587272727272727,55
Ilse Genovese,3.234246575342466,146
Ilya Ryzhov,3.462588904694168,703
Ilyas Abukar,3.091666666666667,120
Iman Smith,3.0,9
Imane Bou-Saboun,3.2624999999999997,8
Imani Burwell,3.8479999999999994,75
Imani Goffney,3.921875,192
Imraan Faruque,3.3224489795918366,196
In Kang,3.4790697674418603,43
In-Young Yeo,2.9653846153846155,78
Ina Sammler,3.4786885245901638,61
Ina Simonovska,3.6666666666666665,6
Inaam Ngadi,3.3804054054054054,148
Inas Hassan,3.9464285714285716,28
Inbal Shenberger,3.5370786516853934,89
Inderjit Chopra,3.5920168067226896,238
Ines Rivera,3.2674698795180723,166
Ingmar Prucha,3.8465240641711227,187
Ingrid Brown-Scott,0.0,2
Ingrid Satelmajer,3.7900921658986175,868
Inna Hardman,3.5937007874015747,381
Insiya Hussain,3.8872727272727277,55
Ioan Daraban,3.4955445544554458,202
Ioana Bercea,2.9177142857142857,175
Ioana Cionea,2.786075949367089,79
Ioana Petrescu,3.515929203539823,113
Ioana Rus,3.348148148148148,162
Ioannis Bossis,3.99,30
Ioannis Markakis,2.6631578947368424,57
Ioannis Markou,2.6598915989159893,369
Iqbal Hamza,2.221828908554573,339
Ira Berlin,3.4142307692307696,260
Ira Chinoy,3.767571644042232,663
Ira Koretsky,3.7421994884910488,391
Ira Rifkin,3.5384615384615383,13
Irene Calis,3.405,20
Irene Kim,3.3627906976744186,43
Irene Pantelis,3.610027100271003,369
Irene Pasquetto,3.914285714285714,7
Irina Iles,3.6205479452054794,73
Irina Knizhnik,,0
Irina Muresanu,3.961842105263158,76
Irini Zhupa,3.259375,32
Irving Mintzer,3.69,30
Irwin Forseth,2.8334415584415584,308
Irwin Morris,3.150197628458498,506
Isaac Elking,3.4863999999999997,125
Isaac Leventon,3.1081081081081083,148
Isaac Moradi,3.048148148148148,27
Isaac Williams,3.6714285714285717,7
Isaak Mayergoyz,3.505045492142266,1209
Isabel Lloyd,3.2590429275158335,1421
Isabel Torrubia Gortari,3.0250000000000004,44
Isabella Alcaniz,3.4578475336322874,669
Isabella Cooper,2.9719999999999995,50
Isabella Lee,3.5500000000000003,26
Isabella Stoto,2.855,20
Isabelle Gournay,3.4655241935483874,496
Isabelle Kaplan,2.5727272727272728,11
Isabelle Van Benschoten,3.861111111111111,36
Isador Miller,3.1357142857142852,42
Isadora Quintana,3.304310344827587,116
Isatta Mansaray,3.7600000000000002,10
Isha Chawla,3.728888888888889,45
Isham Nichols,3.676428571428571,280
Ishfaaq Mohammed Imtiyas,3.004494382022472,178
Isiah Johnson,3.6941176470588233,17
Isis Semaj-Hall,3.2626865671641787,67
Iskander Lou,3.6719999999999997,100
Israel Abebe,2.991538461538462,130
Ivan Ramos,3.521666666666667,240
Ivania Stack,4.0,5
Ivette Rodriguez-Santana,3.044736842105263,152
Izetta Mobley,3.2642857142857147,168
Izidora Skracic,3.6975806451612905,124
Izumi Ashizawa,3.895652173913043,23
J Baum,3.816326530612245,49
J Carson Smith,2.9364173228346453,1524
J Darius Greene,3.9368131868131866,182
J Greene,3.94124513618677,257
J Mihm,3.5765625,128
J Perkins,3.788888888888889,18
J Rico,3.636111111111111,36
JEFFREY BOND,3.338461538461538,13
JULIA KLINEBERG,3.584375,32
JV Sapinoso,3.3594495412844037,545
Jacek Klos,3.85,2
Jack Baker,1.6984126984126984,63
Jack Blanchard,3.5128939828080235,698
Jack Meyer,3.8350649350649353,77
Jack Sullivan,3.460655737704918,427
Jackelyn Lopez Roshwalb,3.7426030719482615,1237
Jackson Hopper,2.060714285714286,56
Jackson Monzon,3.338818565400844,237
Jackson Shannon,3.646153846153846,13
Jacky Chong,2.469230769230769,52
Jaclyn Borowski,3.4275280898876406,178
Jaclyn Bruner,3.546360759493672,1264
Jaclyn Dynia,3.82962962962963,27
Jaclyn Klueger Stief,3.939189189189189,74
Jaclyn Schurman,3.5437499999999997,16
Jacob Aronson,3.4754098360655736,122
Jacob Bedrossian,3.1748936170212767,235
Jacob Bustad,3.5344827586206895,29
Jacob Coutts,3.7148325358851677,209
Jacob Cram,4.0,7
Jacob Eckstein,3.6313829787234044,188
Jacob Erickson,1.4341463414634148,41
Jacob Goldston,3.4916666666666667,36
Jacob Hughes,3.7642857142857147,14
Jacob Lewis,3.6229166666666663,96
Jacob Ralston,2.2432432432432434,37
Jacob Renn,2.5683333333333334,60
Jacob Sevick,3.5018867924528303,53
Jacob Steen,2.911111111111111,18
Jacob Taylor,3.7636363636363637,22
Jacob Toll,3.73125,16
Jacob Wenegrat,3.2459854014598544,137
Jacoba Incollingo,3.6882352941176473,17
Jacorey Patterson,3.8000000000000003,23
Jacqueline Hammond,3.8833333333333333,6
Jacqueline Jackson,3.7868421052631582,38
Jacqueline Kautzer,3.670512820512821,78
Jacqueline Lee,3.219277108433735,415
Jacqueline Mac,3.7119999999999997,25
Jacqueline Manger,3.97,40
Jacqueline Messing,3.2164658634538155,249
Jacqueline Mueck,3.8538461538461535,117
Jacqueline Partida,3.308484848484848,165
Jacqueline Pearce Garrett,3.8068965517241375,58
Jacqueline Plante,3.248,25
Jacqueline Rogers,3.467857142857143,28
Jacqueline Scott,3.7451612903225806,31
Jacqueline Stone,2.668970189701897,738
Jacqueline Vayntrub,3.4063829787234043,47
Jacqueline Waite,3.6703703703703705,27
Jacqueline Wallen,3.1509162303664917,764
Jacqueline Zajac,3.592727272727273,55
Jacquelyn Glidden,3.5049504950495045,101
Jacquelyn Meisel,3.612195121951219,41
Jacquelyn Murdock,3.324352331606218,193
Jacques Gansler,3.6017241379310345,116
Jacques Roumani,3.109090909090909,33
Jade Olson,3.5626896551724134,1450
Jade Wexler,3.774897119341564,243
Jaden Mikoulinskii,3.9434782608695653,23
Jae Kun Shim,2.8620689655172415,1334
Jaehoon Jeong,3.1565656565656566,99
Jaehwa Choi,4.0,6
Jafar Vossoughi,3.6950000000000003,20
Jaganath Sankaran,3.382758620689655,87
Jahangir Boroumand,3.4954793452844894,1283
Jaime Madden,3.5608626198083067,626
Jaime Oliver,3.8084592145015104,331
Jaime Paradela,3.4775,40
Jainaba Ceesay,3.4856209150326802,153
Jaison Cooper,4.0,5
Jakob Hultgren,3.030393700787402,635
Jakovs Borodeckis,3.463888888888889,36
Jal Irani,3.863448275862069,145
Jalah Townsend,3.8547770700636947,628
Jalen Rose,3.711111111111111,18
Jalisa Whitley,3.935714285714286,14
Jamaal Abdul-Alim,2.90625,16
Jamar Perry,3.7625,32
Jamell White,3.6670731707317072,82
James Anderson,2.922434017595308,682
James Archsmith,3.419004524886878,221
James Bader,3.309473684210526,95
James Baeder,3.7575057736720554,433
James Ball,3.2642533936651588,221
James Baxter,3.743581081081081,296
James Bond,3.7088,125
James Borrelli,3.7375000000000003,24
James Butler,3.426195190947666,3535
James Campbell,3.7562015503875967,258
James Capo,3.8,25
James Carroll,3.776829268292683,82
James Carton,3.534920634920635,315
James Cecil,3.9850000000000003,20
James Choi,3.977966101694915,59
James Cohen,3.527586206896552,667
James Conway,2.805182567726738,849
James Covey,3.56875,80
James Crampton,3.3499999999999996,18
James Culver,3.816056338028169,355
James Donaldson,3.707079646017699,113
James Dottin,3.0813953488372086,43
James Drake,3.2180059523809526,672
James Dugan,3.5607594936708864,79
James Duncan,2.7275204359673024,734
James Edwards,3.6818181818181817,77
James Farquhar,3.5834586466165415,266
James Ferrell,3.783333333333333,6
James Fry,3.8452442159383033,389
James Gao,3.1971736204576042,743
James Gibb,3.0933333333333337,30
James Gilbert,3.6799999999999997,10
James Gilmore,3.2562499999999996,48
James Gimpel,3.4300936768149883,854
James Glass,3.669848923175828,3111
James Glenn,3.3208333333333333,24
James Goedeke,3.8641025641025637,39
James Goodwin,3.639902506963788,1436
James Gottwals,3.72,45
James Grand,3.5522441651705563,557
James Green,3.614438120745453,44805
James Groff,3.8428571428571425,91
James Hagberg,2.9654506437768244,932
James Hamerstone,3.9623655913978495,93
James Hanson,2.8753205128205126,624
James Harding,3.6166666666666667,222
James Harrington,3.37,10
James Hill,3.829411764705882,17
James Hodapp,3.2173333333333334,150
James Houle,3.94,10
James Hubbard,3.6450000000000005,80
James Humbert,3.3435643564356434,101
James Hunt,3.2208092485549136,173
James Jesmer,2.9435643564356444,101
James Kellner,2.7200000000000006,100
James King,3.792857142857143,14
James Klumpp,3.157222222222222,180
James Lager,3.5710755813953488,688
James Lavine,2.863414634146342,82
James Lepkowski,3.588461538461538,52
James Litzelman,3.98,15
James Lynch,3.4178313253012047,415
James MacDonald,3.2691318327974277,311
James Maffie,2.902511078286558,677
James Mattson,3.4240963855421684,498
James McClellan,4.0,15
James McDevitt,3.6562091503267973,153
James McGinnis,3.769156626506024,415
James McIntyre,3.40126582278481,79
James McKinney,3.3855246113989637,3088
James McShay,3.7736842105263158,19
James Milke,3.504028648164727,1117
James Morningstar,2.7845588235294123,136
James Murphy,2.374358974358974,78
James Myers,3.5546357615894038,302
James Perla,3.710526315789474,19
James Pierson,3.726923076923077,26
James Porter,3.163934426229509,61
James Pratt,3.8818181818181823,11
James Purtilo,3.104170444242974,1103
James Quintiere,3.6871794871794874,39
James Rainbolt,2.6968330134357004,1042
James Rankin,3.4736434108527128,129
James Reggia,3.356043956043956,1183
James Riggs,3.3045454545454547,22
James Riker,3.441958041958042,715
James Risen,4.0,5
James Ross,3.985876418663304,793
James Sanders,3.456050955414013,314
James Schafer,2.955294117647059,340
James Seward,3.4099732858414957,1123
James Sivert,3.6399999999999997,10
James Sniezek,3.3107066381156316,467
James Spina,3.2042972247090424,2234
James Stern,3.9293103448275857,116
James Stillwell,3.8961089494163423,257
James Taggart,2.836507936507936,63
James Thorpe,3.698712998712999,777
James Tilghman,3.5661157024793386,363
James Trusty,3.008896797153025,281
James Turso,3.8645833333333335,48
James Wagner,3.589908256880734,109
James Wallace,3.9527027027027026,148
James Watson,2.7859848484848486,264
James Welch,3.6043478260869564,46
James Westwater,3.560810810810811,74
James Williams,3.3457665903890157,437
James Worthington,3.877142857142857,35
James Zucchetto,2.6088235294117648,34
Jami Bolton,3.784,25
Jamie Fisher,3.769230769230769,13
Jamie Forzato,3.856521739130435,92
Jamie Fry,3.9152777777777774,144
Jamie McAllister,3.660655737704918,61
Jamie Riley,4.0,13
Jamie Stednitz,3.860344827586207,58
Jamie Trevitt,3.5252888318356868,779
Jamie Welch,3.9740740740740748,189
Jamila Aswad,3.7649999999999997,80
Jamila Moore-Pewu,3.0,43
Jamison Kantor,2.9902857142857147,175
Jan Edwards,3.937748344370861,151
Jan Padios,3.524083769633508,382
Jan Peszek,3.5830508474576273,59
Jana Kopelentova Rehak,3.753626943005181,386
Jana Singer,3.3814285714285712,70
Jana VanderGoot,3.4314479638009048,442
Janae Cruz,3.91025641025641,117
Janae Keitt,3.9071428571428575,14
Janay Johnson,3.771942446043166,139
Janay Queen,3.6270270270270273,148
Jandelyn Plane,3.2751271617497455,1966
Jane Clark,2.982644628099173,121
Jane Donawerth,3.215354330708661,254
Jane Fines,3.6353312302839114,317
Jane Polcen,3.6312138728323697,173
Jane Rhee,3.7068181818181825,44
Janelle Wong,3.5534905660377354,1060
Janet Chernela,3.2236024844720497,483
Janet Halperin,3.5625,40
Janet Hearn,3.5338709677419353,62
Janet Montgomery,3.9460992907801415,141
Janet Novotny,3.4142857142857146,21
Janet Schroeder,3.8071428571428574,84
Janet Shim,3.5526315789473686,19
Janet Terry,3.5425531914893615,47
Janet Wagner,3.4027093596059115,812
Janet Walkoe,3.900275482093664,363
Janice Bailey-Goldschmidt,3.76875,16
Janice Holly,4.0,51
Janice Razauskas,4.0,17
Janice Reutt-Robey,2.7408071748878924,446
Janice Young,4.0,4
Janis Cornell-DeMoss,3.9018518518518515,54
Janna Bianchini,3.0517075773745996,1874
Janna Soeder,3.618097281831187,1398
Jannah Fusenig,3.771929824561404,228
January Payne,3.347058823529412,17
Jarah Moesch,3.875,140
Jared Grauer,2.9815286624203825,157
Jared Kenlon,3.544375,320
Jared Mezzocchi,3.8145985401459854,274
Jared Novick,3.5434116445352397,979
Jared Strange,3.669090909090909,165
Jared Watson,3.5599999999999996,45
Jared Wilmoth,3.9228070175438594,57
Jarim Kim,3.281176470588236,170
Jarred Callura,3.5850574712643675,87
Jarred Heigel,3.5802325581395347,86
Jarred Young,3.4421108742004267,1876
Jarrett Blanc,3.960869565217391,23
Jarrod Bonsmann,2.5907801418439718,282
Jasmine Ferrill,3.711111111111111,9
Jasmine Kelly,3.5631578947368423,19
Jasmine Wheeler,3.3085106382978724,47
Jasmon Bailey,3.7394736842105263,76
Jason Aston,3.689724770642202,545
Jason Baron,3.7914965986394566,588
Jason Bartles,3.277011494252873,87
Jason Blazakis,3.55,74
Jason Choi,3.401470588235294,204
Jason Chow,3.929813664596274,161
Jason Dreher,3.6246589716684157,953
Jason Edwards,3.755696202531646,79
Jason Farman,3.7801520270270275,1184
Jason Ferdinand,3.976363636363636,110
Jason Filippou,2.8617768595041326,3388
Jason Fox,3.4475409836065576,61
Jason Gruber,3.8375000000000004,16
Jason Hattrick-simpers,3.335483870967742,31
Jason Hulbert,2.4974637681159413,552
Jason Hustedt,2.938805970149254,67
Jason Kahn,2.9431114879186095,2359
Jason Kass,3.419715808170515,563
Jason Kuo,3.636975609756098,1025
Jason Mayernick,3.643617021276596,188
Jason Miller,3.668085106382979,94
Jason Mitchell,3.7285714285714286,28
Jason Mollica,3.696153846153846,52
Jason Morris,3.8627906976744186,43
Jason Nichols,3.355132806891601,2786
Jason Rivera,3.585714285714286,7
Jason Rudy,3.490871369294606,723
Jason Saltmarsh,3.623809523809524,105
Jason Schultz,3.386986301369863,146
Jason Smith,3.3456140350877193,57
Jason Speck,3.4400000000000004,10
Jason Stonerook,3.8283018867924525,53
Jason Sutula,3.7637499999999995,160
Jason Winters,3.3076923076923075,13
Jason Yip,3.914285714285714,7
Jaumarro Rose,3.6796296296296296,54
Jauvon Gilliam,4.0,16
Javier Morales Delgado,3.4921875,128
Javier Padilla Garcia,3.869565217391304,46
Javiera Perez-Gomez,3.235,120
Javonni McGlaurin,3.8095238095238093,42
Jay Garvey,3.696,25
Jay Goldman,2.978021978021978,91
Jay Goldstein,3.306628940986257,1237
Jay Horner,2.920905923344948,287
Jay Lee,3.871111111111111,45
Jay Sau,3.6259259259259258,270
Jay Smith,3.962900909526089,2089
Jay Wilcox,3.7324324324324327,222
Jayakumar Arasan,3.9983177570093456,535
Jaydev Desai,2.9362068965517243,116
Jayna Resman,0.0,9
Jazmin Pichardo,3.708521970705726,751
Jean McGloin,3.168100358422939,279
Jean Snell,3.8673913043478256,46
Jean Turner,4.0,19
Jean Vandenbosch,3.5856296296296293,675
Jean-Paul Togbe,2.732692307692308,52
Jeanette Snider,3.371317829457364,129
Jeanne Hanna,3.8016483516483515,182
Jeannette Iannacone,3.6656652360515025,233
Jeannette Kartchner,3.1935251798561146,139
Jeannette Schollaert,3.477027027027027,222
Jeannette Soon-Ludes,3.5199203187250996,251
Jeannette Viens,3.6889763779527556,127
Jeany Cadet,3.894285714285714,105
Jebidiah Jeffery,3.8697674418604646,43
Jee Yoon Lee,3.1927272727272724,55
Jeehye Kang,3.1661016949152545,59
Jeeyoung Noh,3.3969924812030077,133
Jeff Casarona,3.7142857142857144,14
Jeff Howard,3.5304347826086957,23
Jeff MacSwan,3.882876712328767,438
Jeff Maynor,3.9434782608695653,621
Jeff Miller,3.207233963318127,10741
Jeff Semler,3.783333333333333,6
Jeffery Davis,3.0094835262689226,2246
Jeffery Klauda,2.9779106356198866,1589
Jeffrey Adams,3.0621544327931365,1049
Jeffrey Beans,3.464326812428078,869
Jeffrey Brammer,3.8600000000000003,10
Jeffrey Brideau,2.933333333333333,15
Jeffrey Bub,3.335294117647059,17
Jeffrey Cho,3.8931818181818185,88
Jeffrey Cornwell,3.8666666666666663,18
Jeffrey Coster,3.429891304347827,368
Jeffrey Davis,3.197435897435897,39
Jeffrey DeSimone,2.7516556291390724,151
Jeffrey DeStefano,3.3267022696929236,749
Jeffrey Diamond,3.4662162162162162,74
Jeffrey Eden,2.9933333333333336,30
Jeffrey Firestone,2.804123711340207,873
Jeffrey Foster,3.234156378600823,486
Jeffrey Franco,3.823157894736842,95
Jeffrey Freel,3.5307692307692307,39
Jeffrey Green,3.4818181818181815,11
Jeffrey Griswold,3.4461538461538463,182
Jeffrey Gruenewald,3.7414634146341466,41
Jeffrey Haeni,3.905882352941177,17
Jeffrey Harring,3.5149341142020503,683
Jeffrey Henrikson,3.609816272965879,1905
Jeffrey Herf,3.256211812627291,491
Jeffrey Herrmann,3.502636054421769,1176
Jeffrey Hollingsworth,3.125730994152047,171
Jeffrey Hunt,3.228301886792453,53
Jeffrey Jensen,2.6805755395683453,278
Jeffrey Kaplan,3.664814814814815,54
Jeffrey Kodis,3.766806722689076,238
Jeffrey Kudisch,3.4385000000000003,1000
Jeffrey Lawrence,3.9288888888888893,90
Jeffrey Lidz,3.52262443438914,221
Jeffrey Lucas,3.093988269794721,1364
Jeffrey McCune Jr.,3.4913461538461537,104
Jeffrey McKinney,3.4464991023339318,557
Jeffrey Milton,3.599034108059161,3313
Jeffrey Moro,3.6070175438596492,114
Jeffrey Mund,3.6573604060913705,985
Jeffrey Parsells-johnson,3.275471698113207,848
Jeffrey Patton,3.873469387755102,49
Jeffrey Reed,4.0,5
Jeffrey Server,3.3096774193548386,62
Jeffrey Shultz,3.594893617021276,235
Jeffrey Starr,3.8588235294117643,17
Jeffrey Taylor,3.1163265306122443,49
Jeffrey Werling,2.9530973451327434,113
Jeffrey Yeung,3.6872340425531918,47
Jeffrey Young,3.3,87
Jehane Sharah,3.5368794326241133,141
Jelena Srebric,3.3376623376623376,308
Jenelle Clark,3.0926779661016948,1475
Jenn Schwartz,3.875555555555555,45
Jenna Alton,3.3000000000000003,63
Jenna Beckwith,3.6044554455445548,202
Jenna Burnett,3.6739130434782608,23
Jenna Gerdsen,3.6722222222222225,54
Jenna Messman,3.817595593000648,3086
Jenna Mueller,3.8824561403508775,399
Jenna Sablan,4.0,9
Jenna Weiner,3.97,10
Jenna Zomback,3.140807174887892,223
Jennie Chaplin,2.7797468354430377,237
Jennie Gouker,3.934065934065934,91
Jennie Lee-Kim,3.589900662251656,1812
Jennie Phillips,3.2586097946287516,633
Jennifer Albro,3.9173913043478263,161
Jennifer Amilivia,3.685983827493261,371
Jennifer Armstrong,3.193288590604027,298
Jennifer Ashlock,3.210068027210884,735
Jennifer Ausden,3.549107142857143,112
Jennifer Beemsterboer,2.8764705882352946,17
Jennifer Bourne,3.278082191780822,73
Jennifer Brady,3.2983516483516486,182
Jennifer Burris,3.8127659574468087,94
Jennifer Cabot,3.8073529411764704,68
Jennifer Carbajal,2.8863636363636367,132
Jennifer Carrion,3.9114503816793893,131
Jennifer Chisholm,4.0,8
Jennifer Cho,3.798235294117647,340
Jennifer Donovan,3.9454545454545453,22
Jennifer Dorroh,3.4320000000000004,25
Jennifer Doyle,3.9036363636363633,55
Jennifer Dunsmore,3.8266666666666667,30
Jennifer Froh,3.951219512195122,41
Jennifer German,3.6962536023054757,694
Jennifer Gershberg,2.948920419494139,1621
Jennifer Golbeck,3.743464912280701,2280
Jennifer Graham,3.7292682926829266,123
Jennifer Guida,3.112,25
Jennifer Guiliano,3.188888888888889,36
Jennifer Gunnulfsen,3.4191208791208787,455
Jennifer Hadden,3.388315789473684,950
Jennifer Himmel,3.870414201183432,169
Jennifer Hodgson,3.5560439560439563,91
Jennifer Hsin,3.794208494208494,259
Jennifer Johnson,3.98125,16
Jennifer Karschner,3.3681818181818186,22
Jennifer Kline,3.670769230769231,65
Jennifer Lee,3.7941176470588234,136
Jennifer Lindstrom,3.733333333333334,30
Jennifer Littlefield,3.679698795180723,1660
Jennifer Love,3.56875,16
Jennifer Low,3.5708333333333333,24
Jennifer Manly,3.659966777408638,602
Jennifer Marin,3.5214285714285714,14
Jennifer Marr,3.6157327586206898,464
Jennifer McCatharn,3.894584837545126,277
Jennifer McIntosh,3.82112676056338,142
Jennifer Mesiner,3.6538461538461537,78
Jennifer Mullinax,3.711032028469751,281
Jennifer Murrow,3.491389728096676,662
Jennifer Nelson,4.0,7
Jennifer Newsham,3.7507368421052636,475
Jennifer Nixon,3.235,60
Jennifer Piazza-Pick,3.6,6
Jennifer Proctor,3.4655976676384843,343
Jennifer Radoff,3.814285714285714,14
Jennifer Ren,3.233333333333334,15
Jennifer Rice,3.7454545454545456,44
Jennifer Richards,3.976923076923077,26
Jennifer Rigg,3.8473684210526318,57
Jennifer Ring,3.8720183486238535,436
Jennifer Ritchotte,3.9250000000000003,24
Jennifer Roberts,3.6427906976744184,215
Jennifer Robinson,3.673246753246753,385
Jennifer Romano,3.8133333333333335,30
Jennifer Ross,3.0313725490196077,51
Jennifer Runnels,3.670967741935484,31
Jennifer Rynda,3.517857142857143,84
Jennifer Schwartz,3.888888888888889,18
Jennifer Sinibaldi,3.5448275862068965,29
Jennifer Smallwood-Holmes,3.5375,8
Jennifer Sterling,3.047826086956522,92
Jennifer Sturge,3.8846975088967968,281
Jennifer Taylor-Cox,3.6688888888888886,45
Jennifer Titkemeier,3.022222222222222,45
Jennifer Todd,3.4477663230240547,291
Jennifer Turner,3.98692152917505,497
Jennifer Wallace,3.5470219435736676,1914
Jennifer Wang,3.558695652173913,46
Jennifer Watson,3.5321839080459765,87
Jennifer Wellman,3.0895652173913044,115
Jennifer Wessel,3.590545144804089,1174
Jennifer Xu,3.5843373493975905,498
Jenny Glick,3.6454545454545455,22
Jenny Rustad,2.6904761904761907,42
Jenny Sak,3.808219178082192,219
Jenny Zambrano,3.264,50
Jens Herberholz,3.3831258644536653,723
Jenyia Wilson,3.89375,32
Jeongmin Lee,3.438666666666667,75
Jeremiah Emidih,2.0363636363636366,77
Jeremiah Tillman,3.427551020408163,98
Jeremiah Tittle,3.6,17
Jeremy Banker,3.4958333333333336,24
Jeremy Bennett,3.7999999999999994,36
Jeremy Best,2.865384615384616,26
Jeremy Brown,3.7246575342465755,219
Jeremy Gombin-Sperling,3.9118110236220467,127
Jeremy Grossman,3.55621521335807,539
Jeremy Kunkel,3.740659340659341,91
Jeremy Metz,3.226119402985075,134
Jeremy Munday,3.2280519480519487,385
Jeremy Reid,3.3144927536231883,69
Jeremy Simmons,3.0478632478632477,234
Jeremy Testa,3.761290322580645,31
Jeremy Trombley,3.1946236559139782,93
Jeremy Wells,3.695256916996047,253
Jeremy Wolff,3.276470588235294,17
Jermain McDermott,2.7614906832298143,161
Jernej Berzelak,3.744444444444445,9
Jerome Dugan,3.88062015503876,129
Jerome Regier,3.284615384615385,26
Jeron Davis,3.818604651162791,43
Jerrold Levinson,3.022553191489362,470
Jerry Bridges,3.641666666666667,12
Jerry Forbes,3.90188679245283,53
Jerry Semper,3.823809523809524,525
Jerry Wu,3.3372967479674798,984
Jerry Zremski,3.0257861635220125,159
Jesse Brooks,3.5452380952380946,1260
Jesse Burrowes,3.3636363636363638,77
Jesse Cordes Selbin,3.7439999999999998,25
Jesse Freeman,3.909090909090909,11
Jesse Harrington,3.326923076923076,52
Jesse Johnston,3.9057142857142852,35
Jesse Kellner,3.5064814814814813,216
Jesse Ketterman,3.65421686746988,83
Jesse Klein,3.658169934640524,612
Jesse Leong,3.950381679389313,131
Jesse Milzman,3.246078431372549,102
Jesse Saginor,3.5,28
Jesse Taylor,3.31125,80
Jesse Zarley,2.8437500000000004,32
Jessica Albrecht,3.7938775510204077,49
Jessica Alves De Sa,3.838095238095238,21
Jessica Buckley,3.436363636363636,22
Jessica Chang,2.840217391304348,184
Jessica Chew,3.965131578947368,152
Jessica Clark,3.6304449648711943,854
Jessica Crawford,3.8051282051282054,39
Jessica DeMink-Carthew,3.8627737226277374,137
Jessica Deitzer,3.2397350993377483,151
Jessica Enoch,3.6062091503267975,306
Jessica Fish,3.1363888888888893,360
Jessica Gatlin,3.535057471264368,174
Jessica Gleason,3.432978723404255,94
Jessica Goldberg,2.846853146853147,286
Jessica Grimmer,3.699640287769784,278
Jessica Haddaway,3.9337719298245615,228
Jessica Hammack,3.927777777777777,36
Jessica Harika,4.0,5
Jessica Harrington,3.96,80
Jessica Kendal,3.955487804878049,164
Jessica Koepfler,3.6736842105263157,19
Jessica Krenek,3.625992779783394,277
Jessica Laurita-Spanglet,3.7531531531531535,111
Jessica Lee,3.9945205479452053,365
Jessica Long,3.96875,32
Jessica Lu,3.5311852704257767,869
Jessica Macklin,3.9299999999999997,10
Jessica Magidson,3.543457943925234,214
Jessica Mathiason,3.6021686746987953,830
Jessica McGilvray,3.975,12
Jessica McKechnie,3.9982857142857147,175
Jessica McKee,3.957142857142857,21
Jessica Mendes,3.7000000000000006,12
Jessica Milcetich,3.04,35
Jessica Miller,3.089915966386554,357
Jessica Morabito,3.23031746031746,1890
Jessica O'Hara,3.624179743223965,2804
Jessica Parker,3.935714285714286,14
Jessica Pena,3.3245614035087714,57
Jessica Rath,3.7058823529411766,17
Jessica Roffe,3.8489051094890514,137
Jessica Sanders,3.5831081081081084,148
Jessica Senasack,3.609090909090909,55
Jessica Stein,0.0,1
Jessica Sunshine,3.193926247288503,922
Jessica Van Brakle,3.5451612903225804,62
Jessica Vitak,3.4983792544570504,1234
Jessica Vooris,3.654385964912281,399
Jessica Walker,3.222018348623853,109
Jessica Wertz,,0
Jessica Wilke,3.9423076923076925,182
Jesus Ramos Miramontes,3.433333333333333,21
Jewelyn Harrington,3.827015250544662,459
Jhayron Perez Carrasquilla,3.5767123287671234,73
Ji An,3.0370370370370363,54
Ji Kim,4.0,11
Ji Seung Yang,3.6969613259668512,362
Ji Su Jung,3.9666666666666663,27
Ji Youn Kim,3.4978971962616825,428
Ji-Cheng Zhao,3.924137931034483,116
Jia Li Liu,3.615789473684211,76
Jia Zheng,3.7313253012048193,83
Jia-bin Huang,3.5772727272727276,242
Jialin Li,1.8736842105263158,38
Jian Lun Xu,2.910474631751228,611
Jian Ni,3.7508771929824563,57
Jian Wang,3.2882812500000003,384
Jian-Long Liu,2.2865979381443298,97
Jianghong Meng,3.966666666666667,18
Jianguo Ma,3.639692307692308,325
Jianhua Zhong,3.829411764705882,17
Jianhua Zhu,3.293037974683544,316
Jiankun Guo,3.2561338289962825,269
Jianlong Liu,2.385,60
Jianlu Zhang,3.058695652173913,92
Jianxin Cui,3.10625,16
Jiaul Paik,3.9714285714285715,21
Jiawei Yuan,3.905882352941177,34
Jiawen Doh,3.7711538461538465,208
Jiazhen Ling,3.7243697478991598,119
Jie Chen,3.8073260073260076,273
Jie Zhang,3.5935885167464114,1045
Jiehong Lou,3.94,5
Jiemin Hou,3.3776859504132224,121
Jiheng Bi,2.8204081632653057,49
Jill Berger,4.0,5
Jill Briody,3.642857142857143,35
Jill Goldstein,3.95,20
Jill Jacobson,4.0,19
Jill Janofsky,3.7086956521739127,23
Jill McAlister,3.4730158730158727,126
Jill McLeigh,3.1794117647058826,34
Jill Paquin,3.5320000000000005,25
Jill Stauffer,3.7916666666666665,36
Jillet Sam,2.774193548387096,217
Jillian Bruns,3.653757225433526,173
Jillian Cordial,3.8153846153846156,13
Jim Cowart,3.591025641025641,78
Jim Golden,3.53187969924812,1330
Jim Staihar,3.7354344122657586,587
Jimmy Licon,3.7864864864864862,111
Jimmy Lin,3.9451127819548875,133
Jimmy McClellan,3.977142857142857,245
Jin Choi,3.533333333333333,48
Jin-Hee Huh,3.5,107
Jin-Oh Hahn,3.2017324350336867,1039
Jing Cai,3.670854271356784,199
Jing Lin,3.9355400696864113,287
Jing Liu,3.711627906976744,86
Jing Tao,3.539130434782609,23
Jing Xue,3.28625,80
Jing Zhang,3.427521367521367,585
Jing Zhou,2.1666666666666665,39
Jinglei Ren,3.8675000000000006,40
Jingren Chi,2.7201680672268904,357
Jingyi Qian,3.6243243243243244,37
Jinhang Xue,2.58804347826087,92
Jinhee Kang,4.0,14
Jinhee Kim,3.3770334928229664,209
Jinming Xue,3.544776119402985,67
Jintae Kim,2.8664864864864867,185
Jinwoo Lee,3.021683673469388,392
Jioni Lewis,4.0,4
Jiqiang Ling,3.4349462365591394,186
Jisun Min,3.6166666666666667,6
Jiun-Da Lin,3.6512820512820507,39
Jiuzhou Song,2.5917197452229304,157
Jiyoun Kim,3.2995283018867925,212
Jo Ellen Barnhart,3.882678983833718,1299
Jo Paoletti,3.1526027397260274,365
Jo Smallwood,3.6774193548387095,155
Jo Zimmerman,3.7847888953152107,1729
JoAnn Trach Tongson,3.603703703703704,54
Joan Burton,3.978506787330317,442
Joan DiSanto,3.9133333333333336,30
Joan Dubinsky,3.5406250000000004,32
Joan Hong,3.75,60
Joan Kahn,3.20683572216097,907
Joan Lieber,3.661942675159236,628
Joan Mooney,3.1226635514018692,856
Joan Ren,3.0470134874759154,519
Joani Elliott,3.1444933920704847,227
Joanie Garcia,3.9444444444444446,18
Joann Kang,3.872093023255814,43
Joann Kuo,2.942857142857143,35
Joann Prosser,3.6264462809917357,121
Joanna Goger,3.4456320000000007,3125
Joanna Pecore,3.16875,80
Joanne Hall,3.257777777777778,45
Joanne Klossner,3.590799256505576,1076
Joanne Roby,2.6915492957746476,71
Joannie Tremblay-Boire,3.094117647058823,425
Jocelyn Belanger,3.6044117647058824,68
Jocelyn Coates,3.7804301075268825,465
Jocelyn Davis,3.2147058823529413,476
Jocelyn Heath,3.023076923076923,13
Jocelyn Holm,3.8867924528301887,53
Jocelyn Knauf,3.3594594594594596,37
Jocelyn Menecio,2.830684326710817,453
Jocelyn Newsome,2.9062500000000004,16
Jocelyn Yao,3.7035714285714287,28
Jodell Johnson,3.5945273631840795,1407
Jodi Cobb,3.4639999999999995,150
Jodi Friedman,3.5859375,64
Jody Brannon,3.8714285714285714,7
Joe Chalfoun,3.1333333333333333,12
Joel Chan,3.654909560723515,774
Joel Cohen,2.8530541012216406,1146
Joel Gibson,3.1653846153846152,52
Joel McDonald,3.891891891891892,37
Joel Miller,3.8121457489878545,247
Joel Naroff,3.385279187817259,197
Joel Pierson,3.1744186046511627,86
Joel Simmons,2.8895480225988703,354
Joel Solorzano,3.988372093023256,172
Joel Stern,3.6125,16
Joelle Presson,3.7365259740259744,1232
Joerg Drechsler,3.2976744186046507,43
Joey Brown,3.7607605877268795,1157
Johab Silva,3.7422110552763823,199
Johan Larsson,2.969628550619082,1373
Johan Schijf,3.594915254237288,59
Johana Guerra,,0
Johann Ducharme,3.8,10
Johanna Birnir,3.3363329583802024,1778
Johanna Roering,3.0428571428571427,35
Johanna Tigert,3.4788617886178863,123
Johannes Visser,3.3897727272727267,88
John Aloimonos,3.7318690095846647,1252
John Andrews,3.7642857142857142,70
John Auchard,2.9209225700164745,607
John Baras,3.5687631027253666,477
John Benedetto,3.7650602409638556,83
John Bertot,3.9429752066115706,121
John Boatright,3.4877551020408166,147
John Bono,3.36271186440678,2006
John Borden,3.566666666666667,30
John Braithwaite,3.4,11
John Brown,2.9711009174311935,218
John Buchner,3.314036265950302,4467
John Buchtel,3.975,12
John Bush,2.775,116
John Cable,3.2719764011799413,339
John Calhoun,3.3924657534246574,146
John Carlson,3.8076521739130436,575
John Caughey,3.2991150442477872,113
John Chao,3.5723880597014928,670
John Chi,3.8000000000000007,37
John Conroy,3.856164383561644,438
John Corcoran,2.8720588235294113,68
John Cromie,3.6749999999999994,12
John Cumings,3.6582120582120585,962
John Daigle,3.0777777777777775,9
John Daristotle,3.9583333333333335,24
John Davidson,3.50406976744186,172
John DeDakis,3.8000000000000003,36
John Derks,3.7037037037037037,27
John Devlin,3.968292682926829,41
John Dickerson,3.569023569023569,2079
John Drabinski,3.800662251655629,302
John Driessnack,3.8776041666666665,192
John Duck,3.1819444444444445,72
John Erwin,3.4189655172413795,58
John Felts,3.8451162790697677,215
John Finch,3.162204724409449,127
John Fisher,3.5117234468937877,998
John Ford,3.813636363636364,22
John Fourkas,3.561553784860558,502
John Foust,3.3340206185567007,291
John Galliano,3.5,12
John Garrity,3.264,25
John Gentry,3.525,12
John Green,3.6675105485232065,237
John Gustin,2.710958904109589,73
John Haaga,3.815555555555555,45
John Haltiwanger,3.6534883720930234,129
John Ham,3.023886639676114,247
John Hao,3.5018181818181815,55
John Hart,3.337344398340249,241
John Healey,3.563888888888889,72
John Hellman,3.1551020408163266,49
John Hisnanick,3.73125,16
John Horty,3.8312500000000003,112
John Howrey,3.966666666666667,57
John Hrastar,3.4238805970149255,67
John Hughes,2.775,44
John Jabara,3.8720496894409937,161
John Jackson,3.65,32
John Jeka,2.4369175627240143,279
John Jensenius,2.7875000000000005,16
John Johnson,3.376433121019108,471
John Kern,3.6020833333333333,48
John Kim,3.6,1092
John King,3.3677777777777775,90
John Kirkland,3.870422535211268,71
John Kleman,3.720689655172414,29
John Lampe,2.9047619047619047,42
John Laub,3.501214574898785,247
John Lea-Cox,3.6050279329608936,358
John Leach,3.8108597285067876,221
John Leishman,3.6482352941176472,85
John Leonard,3.579591836734694,49
John Leszczynski,3.2833333333333337,42
John MacCarthy,3.5355140186915888,214
John MacIntosh,3.4625668449197855,935
John Malone,,0
John Mancini,3.192,150
John Martin,2.9615384615384617,13
John Matthews,3.0601246105918998,963
John McCauley,3.3932567432567433,2002
John McGahagan,3.8939999999999997,100
John McLucas,3.5454545454545454,11
John McQuaid,3.8909090909090907,11
John Melngailis,3.233333333333334,54
John Merck,3.3412718204488776,802
John Millson,3.025495447241564,1867
John Monday,3.7133333333333334,30
John Morgan,3.7512820512820517,39
John Moult,3.5554455445544555,101
John Neri,2.674126436781609,8700
John Newhagen,3.3658536585365852,41
John Newman,3.823076923076923,39
John Norris,3.9850000000000003,20
John O'Flahavan,3.6207920792079213,404
John Ondov,2.6017916666666667,2400
John Orban,3.4261904761904765,42
John Parascandola,3.3885167464114834,209
John Paraskevas,3.6421875,64
John Park,3.802127659574468,47
John Pease,3.1182804339092005,2489
John Pepper,3.42,25
John Pitchford,3.5461538461538455,13
John Pugh,3.2816326530612243,49
John Quah,2.6134146341463413,82
John Reiter,3.7857142857142856,14
John Rendeiro,3.6109865470852016,446
John Ritchie,3.1,25
John Roberts,3.696116504854369,103
John Robinson,2.861111111111111,36
John Ronquillo,3.9884615384615385,26
John Ruppert,3.4971279373368143,383
John Rust,3.4,15
John Sabelhaus,2.9165048543689323,103
John Samaha Jr,3.9545454545454546,22
John Sammarco,3.8870967741935485,93
John Scott,3.2314285714285713,35
John Seelke,3.8534246575342466,73
John Shea,3.1198271346254582,3818
John Shuler,3.980952380952381,105
John Splaine,3.682417582417582,91
John Sprinkle,3.888211382113821,246
John Steinbruner,3.615277777777778,144
John Straub,2.9670579603815113,1363
John Talbott,3.1722222222222225,18
John Tobin,3.5351351351351346,37
John Tritschler,3.835031847133758,157
John Vanlandingham,3.03448275862069,29
John Wallis,2.7801918265221017,2398
John Weeks,3.380346820809249,173
John Weisweiler,3.160557768924303,251
John Wigle,3.83125,32
John Wilks,3.2377358490566035,53
John Witzleben,3.8116279069767445,387
John Wray IV,3.586904761904762,84
John-Gregory Holliday,2.960714285714286,28
Johnna Schmidt,3.917834394904459,314
Johnny Shaw,3.5482758620689663,58
Johnpierre Paglione,3.4569587628865976,776
Jon Crocker,3.7174248265227448,1297
Jon Froehlich,3.469607843137255,306
Jon Hoffman,3.019312039312039,2035
Jon Ritzdorf,3.9322580645161294,62
Jon Scheer,3.498,50
Jon Silverman,3.4899999999999998,10
Jon Soucy,2.827272727272727,22
Jon Sumida,2.8507526881720424,465
Jonas Amoonarquah,3.8451219512195123,328
Jonas Siegel,3.6125,128
Jonathan Aberman,3.689270833333333,1920
Jonathan Allen,3.002272727272727,44
Jonathan Auerbach,3.0276470588235296,340
Jonathan Beier,3.7113702623906706,343
Jonathan Bisesi,4.0,7
Jonathan Brier,2.5855555555555556,90
Jonathan Brower,2.7818181818181817,22
Jonathan Cohen,2.3438356164383567,73
Jonathan Cox,3.26228813559322,236
Jonathan David Molnar,3.625,8
Jonathan DeWitt,3.1666666666666665,84
Jonathan Dillard,3.9688311688311693,77
Jonathan Dinman,3.602067669172932,532
Jonathan Ebinger,3.550588235294118,85
Jonathan England,3.20357352079672,1707
Jonathan Fernandes,3.4047712418300655,3060
Jonathan Gemmell,3.1785714285714284,14
Jonathan Goodson,3.876113360323887,247
Jonathan Graybill,3.565853658536585,41
Jonathan Guandique,3.1895522388059705,134
Jonathan Guyer,3.4326923076923075,52
Jonathan Healy,4.0,6
Jonathan Huang,2.8666666666666667,192
Jonathan Inbal,2.1519607843137254,102
Jonathan Jackson,3.1526946107784424,167
Jonathan Katz,3.02589928057554,973
Jonathan Kays,3.3600000000000003,15
Jonathan Kendrick,3.286363636363636,44
Jonathan King,3.963013698630137,73
Jonathan Lazar,3.7976109215017058,293
Jonathan Lushenko,3.4458333333333333,24
Jonathan Malone,3.108333333333334,48
Jonathan Margolis,3.7144508670520233,173
Jonathan Marshall,3.2911764705882356,34
Jonathan Martin,3.7565217391304344,46
Jonathan McKinney,3.2976470588235296,85
Jonathan Mohr,3.465747702589807,1197
Jonathan Poterjoy,3.4478260869565216,92
Jonathan Resop,3.560341151385928,469
Jonathan Reyes,3.614864864864865,74
Jonathan Rick,3.1311036789297657,299
Jonathan Rosenberg,2.8358695652173918,828
Jonathan Sham,3.202803738317757,214
Jonathan Simon,3.270238095238095,504
Jonathan Southgate,3.8483870967741933,31
Jonathan Tucker,3.933333333333333,9
Jonathan Williams,3.1905263157894734,285
Jonathon Hathaway,3.562,50
Jonelle Walker,3.636196319018405,163
Jongho Park,2.962068965517241,58
Jongmin Park,2.865789473684211,38
Joni Williams,3.8519230769230766,52
Joo Han,3.368539325842696,178
Joo Yun Jun,3.9411764705882355,34
Joonil Seog,3.0918279569892473,465
Joonkyu Choi,3.6013333333333337,75
Jordan Adams,3.8499999999999996,104
Jordan Boyd-Graber,3.6590027700831027,361
Jordan Boyd-Graber Ying,3.7010452961672478,287
Jordan Coleman,3.425,8
Jordan Ealey,3.380246913580247,162
Jordan Ealy,3.8,5
Jordan Fields,3.83265306122449,49
Jordan Foley,3.6500000000000004,22
Jordan Foster,3.2399999999999998,20
Jordan Goodman,3.079885057471264,696
Jordan Slavik,3.333898305084746,59
Jordan Sly,3.8704081632653065,98
Jordan Steele,3.4735042735042727,117
Jordan Steiner,4.0,1
Jordan Ying,3.6538461538461537,104
Jordana Saggese,3.58018018018018,222
Jorg Drechsler,3.2222222222222223,9
Jorge Aguilar-Mora,3.953333333333333,15
Jorge Almonte-Florimon,3.764705882352941,17
Jorge Bayas,3.482442748091603,131
Jorge Bravo,3.3837815810920944,1227
Jorge Holzer Bilbao,3.242280701754386,570
Jorge Mejia,3.1598290598290593,117
Jorinna Tran,3.778260869565217,69
Josanne Francis,3.9071428571428575,28
Jose Aranda-Espinoza,3.201461538461538,1300
Jose Calderon,3.3895194508009157,2185
Jose Cifuentes,2.350693069306931,505
Jose Contreras,3.4604166666666667,96
Jose Costa,3.6360655737704914,61
Jose Feijo,3.1203125,256
Jose Funes,3.4512396694214873,121
Jose Gomez Garcia,3.4391304347826086,69
Jose Gregory,3.4812499999999997,48
Jose Lima Rosas,3.8249999999999997,24
Jose Magro,3.229693741677763,751
Jose Naharro-Calderon,3.203212851405622,249
Jose Ortiz,3.5401869158878507,214
Jose Suarez,3.5242537313432836,1072
Jose Teixeira,3.522222222222222,36
Jose Torero,3.4990384615384618,104
Jose-Henrique Alves,3.478,50
Jose-Luis Izursa,3.368794326241135,423
Jose-Luis Novo,4.0,208
Josef Schaff,3.8545931758530187,381
Joseph Angelella,3.766347177848776,939
Joseph Auslander,2.5500000000000003,6
Joseph Bailey,3.910302129767212,2019
Joseph Barnet,3.514532019704433,406
Joseph Beaudoin,3.817391304347826,23
Joseph Bohannon,3.85625,16
Joseph Brami,3.729891304347826,184
Joseph Braun,3.97,20
Joseph Bueter,2.9506849315068493,73
Joseph Burkhardt,3.444230769230769,104
Joseph Byrne,3.627407407407407,135
Joseph Clark,3.387878787878788,231
Joseph Colantuoni,3.562396694214876,242
Joseph Conroy,3.99,30
Joseph Costanzo,3.9423076923076925,26
Joseph Danks,3.6769230769230767,13
Joseph Devlin,3.931578947368421,19
Joseph Dougherty,3.596296296296296,27
Joseph Drasin,3.658139534883721,43
Joseph Falvo,3.2932413793103446,725
Joseph Fileppi,3.5124999999999997,24
Joseph Flannery,3.781481481481481,216
Joseph Frechette,3.3484848484848486,33
Joseph Galella,3.8,5
Joseph Good,3.6492753623188405,138
Joseph Hall,3.1500000000000004,40
Joseph Harden,3.85,20
Joseph Houck,2.7771856786011657,3603
Joseph Iverson,2.3421965317919073,346
Joseph JaJa,3.4038338658146965,939
Joseph Kelly,3.3744047619047612,168
Joseph Knisely,3.827631578947368,76
Joseph Koivisto,3.9699999999999998,30
Joseph Lengermann,2.986885245901639,61
Joseph Mait,3.242857142857143,7
Joseph Mannion,3.5285714285714285,21
Joseph Mazza,3.855555555555556,9
Joseph McAndrews,3.7526315789473683,95
Joseph McCaleb,3.646728971962617,749
Joseph McKenley,3.343055555555556,72
Joseph Meyer,3.9384615384615387,104
Joseph Mortati,3.4499999999999997,46
Joseph Oudin,3.585083713850837,657
Joseph Perfetti,3.690390838934528,4017
Joseph Perry-Parrish,2.8421052631578947,19
Joseph Regan,3.935135135135135,37
Joseph Reiff,3.7065573770491804,61
Joseph Richardson,3.24270205066345,829
Joseph Rinaldi,3.5164251207729467,207
Joseph Ringel,3.6961373390557943,233
Joseph Roberts,3.5090909090909093,11
Joseph Scott,4.0,11
Joseph Sherren,3.2607476635514017,107
Joseph Shortall,3.8735294117647054,68
Joseph Simone,3.0180555555555557,72
Joseph Sullivan,3.4764267990074447,403
Joseph Thomas,3.7906976744186047,43
Joseph Waggle,3.2072727272727275,55
Joseph Wantz,3.4285714285714284,42
Joseph Wappel,3.7228520286396183,1676
Joseph Weber,3.3617021276595747,94
Joseph Williams,3.005893186003683,1086
Joseph Yasharoff,3.863905325443787,169
Josh Alvizu,3.2812030075187972,133
Josh Medrano,3.6674999999999995,40
Joshua Bernstein,2.9312500000000004,16
Joshua Bittinger,3.532307692307693,65
Joshua Buursma,3.8388483965014575,1372
Joshua Cocker,3.8040772532188836,466
Joshua Dachman,3.3117647058823527,17
Joshua Davidsburg,3.5817184643510056,547
Joshua Hill,3.528571428571429,14
Joshua Himmelsbach,3.2040609137055833,197
Joshua Itzkowitz Shifrinson,3.560714285714286,112
Joshua Jaffe,3.59569536423841,302
Joshua Kohn,3.5416666666666665,24
Joshua Lavender,2.692063492063492,63
Joshua Levine,3.312727272727273,55
Joshua Linn,3.3731301939058174,361
Joshua Madsen,3.5079545454545453,88
Joshua McGrath,3.46,5
Joshua Montfort,3.9358752166377817,577
Joshua Radice,3.2312,250
Joshua Rager,3.167430025445293,393
Joshua Samuels,3.8075757575757576,66
Joshua Schneider,2.692424242424243,66
Joshua Shannon,3.2110814419225635,749
Joshua Singer,2.8946540880503147,1272
Joshua Strauss,3.3027397260273967,73
Joshua Tyree,3.8241379310344827,29
Joshua Wayland,2.927158555729984,637
Joshua Weiner,3.615018773466833,799
Joshua Weiss,3.3421383647798737,954
Joshua Westgard,3.1966386554621855,238
Joshua Winer,3.4125,8
Joshua Wood,3.5252941176470585,170
Josie Moore,3.3436507936507938,126
Joslyn Bloomfield,3.2561403508771933,57
Josue Otarola,4.0,20
Jowita Wyszomirska,3.3638275499474233,951
Joyce Garczynski,3.6572538860103627,386
Joyce Koh,3.191666666666667,12
Joyce Koo,3.7809523809523813,21
Joyce Russell,,0
Joydeep Srivastava,3.422863247863248,468
Juan Angueyra,3.775000000000001,20
Juan Burke,3.5899135446685877,1041
Juan Carlos Quintero-Herencia,3.402926829268293,615
Juan Diaz,3.4471204188481672,191
Juan Granja,3.1714285714285713,21
Juan Martinez Guzman,3.487829912023461,682
Juan Pablo Borthagaray,2.842735042735043,117
Juan Uriagereka,3.6186943620178043,337
Judah Milgram,3.7333333333333334,9
Judd Nelson,2.98954802259887,1062
Jude Cassidy,3.6615384615384614,546
Judith Anderson,3.7856435643564357,202
Judith Freidenberg,3.818421052631579,152
Judith Gebhardt,3.4216300940438864,319
Judith Gerstenblith,3.51,190
Judith Hallett,3.616723549488055,293
Judith Havemann,3.4652173913043476,69
Judith Hellerstein,2.6971943887775547,998
Judith Law,2.686631016042781,187
Judith Martinez,3.624107142857143,112
Judith O'Neil,3.5583333333333336,24
Judith Philipson,3.24,15
Judith Tenney,2.7924657534246577,730
Judith Torney-Purta,3.9523809523809526,21
Judith Wexler,4.0,22
Judy Frels,3.5946048632218845,1316
Jueminsi Wu,3.507518796992481,133
Juha Joenvaeaerae,,0
Juhi Naithani,3.544785276073619,163
Jui Ramaprasad,3.548661800486618,411
Jujuan Bonner,3.4444444444444446,9
Jules Metcalf-Burton,1.5314285714285716,35
Julia Anderson,3.982142857142857,168
Julia Barlis,3.488888888888889,36
Julia Blatchford,3.266666666666667,21
Julia Brodsky,3.603389830508475,59
Julia Bryan,4.0,35
Julia Chuang,3.392833876221498,307
Julia Dobrosotskaya,3.334387351778656,253
Julia Duin,2.7142857142857144,7
Julia Felton,3.8658064516129036,155
Julia Fraustino,3.272779369627507,349
Julia Koster,3.5578947368421048,19
Julia Kwon,3.575247524752475,202
Julia Marre,3.4853658536585366,41
Julia Matute,3.9714285714285715,21
Julia Shadur,3.630630630630631,111
Julia Smith,3.8493670886075946,237
Julia Steinberg,3.5426065162907268,399
Julia Tomasini,3.784745762711864,59
Julia Topper,3.492424242424242,198
Juliana Nunes,3.957142857142857,7
Juliana Van Meerten,3.536,75
Juliane Kim,2.823214285714286,56
Julianna Kim,3.7733333333333334,30
Julianne Van Meerten,3.668456375838926,149
Julie Brenner,3.910204081632653,49
Julie Brown,3.9200000000000004,20
Julie Cohen,3.1796610169491526,59
Julie Daberkow,2.787769784172662,695
Julie Donney,2.6719298245614036,57
Julie Drizin,3.2560975609756095,41
Julie Enszer,3.733812949640287,417
Julie Fife,2.4616666666666664,60
Julie Gabrielli,3.522641509433962,265
Julie Gowin,3.629504373177842,1715
Julie Greene,3.1808510638297873,235
Julie Grossman,3.9842105263157896,19
Julie Koser,3.409411764705882,425
Julie Ledon,3.1991525423728815,118
Julie Maier,3.8222222222222224,45
Julie Miller,3.2736842105263158,38
Julie Mulvihill,3.831578947368421,38
Julie Neill,3.90625,32
Julie Park,3.280891719745223,942
Julie Pavlovsky,3.4835408022130014,2892
Julie Randolph,3.7496959165942654,1151
Julie Salay,3.784313725490196,51
Julie Sass,3.8632653061224493,49
Julie Silva,3.043656422379826,1269
Julie Strange,3.860544217687075,147
Julie Taddeo,3.5674285714285716,875
Julie Wright,3.8297297297297295,37
Julien Cujean,3.399113737075332,677
Juliet Aiken,3.9123333333333337,300
Juliette Christie,3.7561538461538464,130
Julio Bermejo,3.1563798219584576,337
Julius Fleming,3.4826347305389223,501
Julius Goldhar,3.4116252821670425,886
Julius Schoenherr,3.106779661016949,177
Jum Sook Chung,3.7428571428571424,49
Jun Han,3.8289473684210527,38
Jun Nishida,3.8649999999999998,20
Jun Ouyang,3.104878048780488,41
Junchuan Fan,2.8890909090909096,55
June Ahn,3.552475247524752,303
June Hargrove,3.1359408033826632,473
June Kwak,2.9216,125
Jung Kim,3.586725663716814,226
Jung Kyu Lim,3.474666666666667,75
Jung Lim,3.46578947368421,38
Jungho Kim,2.712930011862396,1686
Jungjung Lee-Heitz,3.3193650793650793,945
Jungyeon Yim,3.660674157303371,89
Junhan Chen,3.7548387096774194,93
Junqiao Chen,3.706578947368421,76
Justicia Opoku-Edusei,2.8882344490734093,6961
Justin Bernstein,2.0153846153846158,39
Justin Caithaml,3.923809523809524,42
Justin Calabrese,4.0,7
Justin Drew,4.0,31
Justin Foreman,3.6519999999999997,25
Justin Grana,3.4588235294117644,34
Justin Hicks,3.7778523489932883,149
Justin Hillman,3.5513513513513515,37
Justin Hudson,2.898067632850241,207
Justin Karp,3.7314285714285713,35
Justin Lohr,3.4844984802431616,1316
Justin Maietta,3.2609374999999994,128
Justin Mathias,2.5906666666666665,75
Justin Miller,3.4935483870967747,62
Justin Nero,3.820689655172414,145
Justin Reyna,2.999725877192982,1824
Justin Shapiro,3.0514285714285716,105
Justin Sprague,3.7874635568513124,343
Justin Strom,3.7985157699443417,539
Justin Thompson,3.444628099173553,242
Justin Wyss-Gallifent,3.451152943869085,17477
Justin Yackoski,3.56025641025641,78
Justine DeCamillis,3.747925608011445,699
Justine Madoo,3.3378498445135496,9004
Juying Warner,3.4137254901960783,51
Jyana Browne,3.473170731707317,287
Jyoti Mohan,3.402380952380952,42
K J Hughes,3.304285714285714,70
KJ Ray Liu,3.027426160337553,237
Kacy Clopton,3.9,10
Kader Smail,3.402564102564103,39
Kadir Yurukoglu,2.5416666666666665,12
Kaela Lawrence,3.719047619047619,63
Kahlin McKeown,3.917391304347826,46
Kai Kai Mascarenas,4.0,6
Kaiqing Zhang,3.558823529411765,34
Kaitlyn Wilson,3.1735294117647057,34
Kaiwen Man,3.3883333333333336,60
Kalani Gordon,3.5716763005780354,173
Kalani Johnson,3.5354330708661417,127
Kalev Hantsoo,3.527272727272727,11
Kalewold Kalewold,3.328703703703704,216
Kalima Young,3.9101123595505616,89
Kalin Schultz,3.7048192771084345,332
Kalinda Ukanwa Zeiger,3.6153846153846154,13
Kalyani Chadha,3.796240601503759,1197
Kameron Aroom,3.5476190476190474,21
Kameron Patterson,3.6613065326633167,199
Kamran Etemad,3.546666666666667,390
Kamrie Risku,3.95625,16
Kan Cao,3.259422750424448,589
Kang Namkoong,3.3380952380952382,798
Kanisha Bond,3.648260869565217,690
Kanna Siripurapu,3.8240963855421684,83
Kappa Danielson,3.589189189189189,37
Kara Dixon,3.143333333333333,30
Kara Duffy,4.0,45
Kara Hoffman,2.892568448500652,767
Kara Kehoe,3.7930362116991643,359
Kara Pleasants,3.32974358974359,390
Kara Trenkamp,4.0,50
Karamatou Yacoubou Djima,2.8988372093023256,86
Karen Angeline,3.666801619433198,1482
Karen Boyd,3.8000000000000003,32
Karen Bradley,3.5542600896860987,223
Karen Brunwasser,3.3111111111111113,9
Karen Carleton,3.0699119146963376,2157
Karen Casebier,3.3506024096385545,166
Karen Czapanskiy,3.4285714285714284,14
Karen Denny,3.609090909090909,275
Karen Fallon,3.835294117647059,34
Karen Feagin,3.5875,8
Karen Hallows,3.1216598436918495,5374
Karen King,4.0,5
Karen Krahling-Haddad,2.0708333333333333,24
Karen Krausen,3.276315789473684,190
Karen Lamb,3.313711911357341,1444
Karen Lewis,3.9402173913043477,184
Karen Lips,3.1503846153846156,260
Karen McLaren,3.3535545023696685,633
Karen Miranda,3.4058823529411764,51
Karen Mulak,2.5613636363636365,88
Karen Naumann,2.3181818181818183,11
Karen Nelson,3.294954128440367,218
Karen O'Brien,2.964539007092198,423
Karen Pearson,3.6473684210526316,19
Karen Petroff,3.0861244019138754,418
Karen Pinkston,3.6012987012987017,77
Karen Prestegaard,3.2970394736842104,608
Karen Rehder,3.925,80
Karen Rothenberg,3.6835164835164833,91
Karen Studd,3.2,5
Karen Williams,3.7590909090909093,44
Karen Wouters,3.359151785714286,448
Karen Zappone,3.594117647058823,17
Kari Kraus,3.7492917847025495,353
Karim Amrane,3.501973684210526,152
Karim Makkawy,3.640384615384615,52
Karima Azzouz,,0
Karin Assmann,3.716666666666667,36
Karin Burghardt,3.6272727272727274,99
Karin Hurt,3.76504854368932,103
Karin Johnston,3.908823529411765,68
Karin Melnick,3.1179220779220778,385
Karin Rosemblatt,3.159445843828715,397
Karin Zeitvogel,3.4499999999999997,18
Karin Zitzewitz,3.3523809523809525,21
Karina De Sande,3.4612499999999997,80
Karl Aro,3.6512195121951216,82
Karl Du Puy,3.3110429447852763,163
Karl Schmitt,2.3786885245901637,61
Karl Zuehlke,3.34,40
Karla Nunez,3.4523809523809526,63
Karla Scott,3.6714285714285713,14
Karol Soltan,3.2297320656871222,1157
Karoline Mortensen,3.696694214876033,121
Karson Peterson,3.5686507936507934,252
Karthik Kalyanaraman,3.6181818181818186,11
Karthikeyan Chandrashekar,3.6260869565217395,23
Kartik Misra,3.3291201982651795,807
Kasey Ezzat,3.9576,125
Kasey Moyes,3.0427099841521397,1262
Kassiah Drummond,3.625925925925926,54
Kasso Okoudjou,2.5822327044025157,1272
Katarina Keane,3.2348387096774194,2945
Katarzyna Hitczenko,3.511111111111111,9
Katayoun Kishi,3.6125,40
Kate Cowcher,3.4222222222222225,9
Kate Fulop,3.5181818181818185,22
Kate Juhl,3.357894736842105,19
Kate Keeney,3.2486486486486488,37
Kate Ladenheim,3.6959999999999997,75
Kate Mahoney,3.925,8
Kate Maloney,3.7920000000000003,25
Kate Mooney,3.0916666666666672,12
Kate Seaman,3.9418181818181814,55
Kate Shin,3.9253234750462105,541
Kate Tully,3.615358361774744,293
Kate Weber-Petrova,3.2717647058823527,85
Kate Wilson,3.359783913565426,833
Kate Yanchulis,3.4708333333333337,24
Katelin Chow,4.0,5
Katelyn Esmonde,3.1953488372093024,215
Katerina Thompson,3.6160538116591927,2230
Katerina Zaitseva,3.526470588235294,34
Kateryna Kokhan,4.0,5
Katharina Engelhardt,3.9729166666666664,48
Katharina Luther,3.473684210526316,19
Katharina Maisel,3.3334661354581674,251
Katharina Rudolf,3.5307692307692307,78
Katharine Abraham,3.5410774410774404,297
Katharine Glanbock,3.223529411764706,17
Katherin Solano,3.2627659574468084,94
Katherine Bermingham,2.6090909090909093,11
Katherine Bosch,3.668,75
Katherine Boyle,3.5694501018329943,491
Katherine Coogan,3.936882129277567,263
Katherine Hansen,3.7017094017094014,117
Katherine Herman,2.909937888198758,161
Katherine Izsak,3.509019886363637,1408
Katherine Johnson,3.6728395061728394,81
Katherine Joshi,3.411749116607774,1132
Katherine Joyner,3.9833333333333334,18
Katherine Junghenn,3.510958904109589,73
Katherine Klavon,3.875,20
Katherine Kuhn,3.4411764705882355,119
Katherine Lenninger,3.691578947368421,95
Katherine Lieder,3.994545454545454,55
Katherine Luken Raz,3.6634615384615383,104
Katherine McAdams,3.7083333333333335,60
Katherine Morales,3.3781250000000003,32
Katherine Moskver,3.7000000000000006,12
Katherine Muenks,3.397594501718213,291
Katherine Oneill,3.58003646308113,1097
Katherine Robinson,3.562714097496706,759
Katherine Ross,3.3972602739726026,73
Katherine Russell,3.9111111111111114,18
Katherine Sharp,3.491489361702127,235
Katherine Shirey,3.88,5
Katherine Stanutz,3.243567251461988,342
Katherine Stewart,3.1537815126050424,357
Katherine Vest,3.714102564102564,78
Katherine Wasdin,3.567224880382775,418
Katherine Wilson,3.0111940298507465,402
Katherine Worboys,3.54,200
Katherine Young,2.7016759776536317,179
Katheryne Downes,3.1482352941176472,170
Kathleen Altizer,3.6461538461538465,26
Kathleen Brown,3.7510297482837536,437
Kathleen Buckley,3.220689655172414,116
Kathleen Cunningham,3.6883259911894273,454
Kathleen D'Angelo,3.0440000000000005,50
Kathleen Denny,3.1226415094339623,106
Kathleen Dondero,3.4057251908396946,262
Kathleen Frey,3.335714285714286,28
Kathleen Gilday,3.4166666666666665,18
Kathleen Hanley,3.4817351598173514,219
Kathleen Hart,3.8009803921568626,102
Kathleen Hoyer,3.627272727272728,176
Kathleen Kelly,3.6707656612529,431
Kathleen Kendall,3.2923076923076926,39
Kathleen Manzo,3.7486486486486483,37
Kathleen McPhaul,3.9444444444444446,36
Kathleen Miles,3.5,53
Kathleen Mogelgaard,3.925316455696203,158
Kathleen Moore,3.1592417061611378,211
Kathleen Orr,3.6,388
Kathleen Pellechia,3.925746268656717,268
Kathleen Perry,3.9842105263157896,19
Kathleen Ruben,3.64375,16
Kathleen Skinker,3.3915635029802846,2181
Kathleen Spanos,3.7873303167420818,221
Kathleen Stewart,3.078231292517007,294
Kathleen Travers,3.9919753086419756,162
Kathleen Vogel,3.819431279620853,211
Kathryn Alvestad,3.66712962962963,432
Kathryn Bartol,3.7660493827160493,486
Kathryn Britton,3.572043010752689,93
Kathryn Corby,3.796028880866426,277
Kathryn Costello,3.7045454545454546,44
Kathryn Deeley,2.889705882352941,68
Kathryn Dow-Burger,3.824848484848485,165
Kathryn Edwards,3.939655172413793,58
Kathryn Frew,3.170930232558139,86
Kathryn Hopps,3.8813559322033897,118
Kathryn Hylton,3.97,80
Kathryn Kaczmarek,3.1847222222222222,144
Kathryn Karoly,3.5999999999999996,134
Kathryn Kline,3.135294117647059,17
Kathryn Kozey,3.6490272373540855,257
Kathryn Lafrenz Samuels,3.6000000000000005,267
Kathryn Monzo,3.807216494845361,194
Kathryn Sullivan,3.6222222222222222,36
Kathryn Taylor,3.545714285714286,35
Kathryn Thier,3.4608695652173913,69
Kathryn Truman,2.4787269681742043,597
Kathryn Watts,3.825301204819277,83
Kathryn Wenner,3.7805555555555554,36
Kathryn Wentzel,3.629411764705882,153
Kathryn Williams,3.59375,16
Kathryn Zafft,3.0039593908629443,985
Kathryn Ziemer,3.2473684210526317,38
Kathy Gambrell,3.8333333333333335,18
Kathy Weaver,3.7487144790257108,739
Katie Bramlett,3.2542553191489367,94
Katie Burkhouse,3.9347826086956523,23
Katie Hrapczynski,3.3102777777777774,360
Katie King,3.719891008174387,367
Katie Koo,3.6568181818181817,44
Katie Kruger,2.645535714285714,112
Katie O'Mailey,3.9473684210526314,57
Katie Shilton,3.824178154825027,943
Katie Sopoci Drake,3.601449275362319,69
Katie Von Holzen,3.7562499999999996,48
Katie White,3.621739130434783,115
Katie Zafft,3.1592297476759628,1506
Katlin Gray,3.581879194630873,298
Katrina Debnam,3.060483870967742,124
Katrina Durbak,3.827777777777778,18
Katrina Fenlon,3.537128712871287,404
Katrina Groth,3.3242063492063494,252
Katrina Knudsen,3.6,25
Katrina MacLeod,3.0014184397163115,141
Katrina Walsemann,3.3133333333333335,15
Katryna Andrusik,3.674911660777385,283
Katy Lawley,3.7022381378692932,2234
Katy Swalwell,3.835714285714286,28
Kaufman Robert,3.1722222222222225,18
Kaustubh Agashe,3.259167950693375,649
Kaveh Farokhi Sadabadi,3.602380952380952,42
Kavita Mudan,3.4741935483870967,62
Kavita Surana,3.60625,16
Kavitha Kasargod-Staub,3.8013986013986014,143
Kavitha Sankavaram,3.9107142857142856,28
Kawthar Zaki,3.7813559322033896,59
Kaye Brubaker,3.4060230670653566,2341
Kaye Guidugli,3.4652777777777777,144
Kayla Bill,3.874074074074074,27
Kayla Cullum,3.864705882352941,51
Kayla Davie,2.3338235294117644,68
Kayla Griffith,3.4784313725490197,153
Kayla Harr,3.164748201438849,139
Kayla Watson,3.183011583011583,259
Kayla White,3.8654545454545457,165
Kayo Ide,3.4599290780141847,282
Kayra Alvarado,3.9319148936170216,47
Kayrine Brown,3.5920000000000005,25
Kazim Ruhi,3.0575155763239876,5136
Kazuo Nakajima,3.105066666666666,375
Kazuo Yaginuma,2.865217391304348,46
Ke Chen,3.1159999999999997,100
Ke Xue,2.6610619469026546,113
Keanu Jordan-Stovall,3.6957142857142857,70
Kecia Ellick,3.793939393939394,165
Keegan Clements-housser,3.4155172413793102,58
Keena Seward,3.7815217391304343,92
Keguro Macharia,3.13855421686747,83
Keira Martone,3.914705882352941,34
Keisha Allan,3.44205298013245,302
Keisha Allen,3.816666666666667,18
Keith Bednarowski,3.5181818181818185,11
Keith Eshleman,3.6565217391304343,23
Keith Herold,3.049384885764499,569
Keith Lampel,3.518867924528302,265
Keith Rust,3.5571428571428574,21
Keith Yearwood,3.196184177054185,7862
Kellee White,3.849632352941176,272
Kelley Bishop,3.587572069186419,1561
Kelley Holley,3.4991525423728813,118
Kelley Oklesson,3.793725490196078,255
Kelli Cummings,3.5186746987951807,332
Kellie Robertson,3.306276150627615,239
Kellie Rolstad,3.9280757097791796,951
Kelly Anderson,3.4371681415929203,113
Kelly Brewington,2.65,30
Kelly Brower,3.8996124031007753,1032
Kelly Colvin,3.733333333333334,39
Kelly Cook,3.3293706293706293,572
Kelly Cresap,3.2007641921397383,916
Kelly Daily,3.215789473684211,171
Kelly Driver,3.7490990990990993,222
Kelly Fleming,3.8824120603015078,199
Kelly Forsythe,3.6697183098591553,142
Kelly Hamby,3.925,80
Kelly Hebron,3.496363636363636,110
Kelly Hockersmith,3.826530612244898,49
Kelly Hoffman,3.7091891891891895,370
Kelly Ivy,3.744,75
Kelly Kilbourne,3.4909090909090916,22
Kelly King,3.309963099630996,271
Kelly Lee,4.0,6
Kelly Mills,3.864150943396226,53
Kelly Mix,3.7256410256410253,39
Kelly Piantedosi,3.7625,32
Kelly Quinn,2.84,90
Kelly Singleton,3.0093333333333336,225
Kelly Slay,3.6944444444444446,18
Kelly Smith,3.6088235294117648,34
Kelly Stepno,3.7147058823529413,442
Kelly Tracy,3.132450331125828,151
Kelly Watson,0.0,2
Kelly Welsh,3.552941176470588,51
Kelly Wong,3.575,4
Kelly Worland,3.8954545454545455,22
Kelly Yancey,3.24375,128
Kelsey Barnes,3.766666666666667,48
Kelsey Canada,3.6714285714285713,140
Kelsey Gipe,3.1953846153846155,390
Kelsey Hinchliffe,3.220689655172414,87
Kelsey Hughes,3.903571428571429,28
Kelsey Hunt,3.465217391304348,23
Kelsey Kerr,3.2463768115942035,621
Kelsey Klotz,3.723543123543123,429
Kelsey Marotta,3.7484848484848485,66
Kelsey McCurdy,3.391428571428571,35
Kelsey Michael,3.374479166666667,192
Kelsey Winters,3.7941176470588234,17
Kemal Davaslioglu,3.5785714285714287,14
Ken Kiger,2.8868794326241134,282
Kendall Bustad,3.646672958942898,2119
Kendall Williams,2.713732798165138,3488
Kendisan Kusumaatmadja,3.290344827586207,145
Kendra Barber,3.6229007633587784,131
Kendra Lewis,4.0,20
Kendra Portier,3.9150641025641026,312
Kendra Salois,2.964832535885167,418
Kendyl Oliver,3.8854237288135596,295
Kenji Hamaguchi,3.36304347826087,138
Kenna Hernly,3.729487179487179,156
Kennedy Paynter,4.0,12
Kenneth Apfel,3.511764705882353,68
Kenneth Beck,2.683848797250859,1164
Kenneth Berg,2.631627906976744,215
Kenneth Brodkowitz,3.6554455445544556,1010
Kenneth Cohen,3.5500000000000003,6
Kenneth Coriale,2.9891625615763546,203
Kenneth Elpus,3.9188508064516134,992
Kenneth Filler,3.438181818181818,165
Kenneth Fleischmann,4.0,8
Kenneth Frauwirth,3.1495307612095935,3836
Kenneth Fuller,3.4471514242878563,1334
Kenneth Gabriel,3.6470588235294117,68
Kenneth Glazer,3.1767441860465113,43
Kenneth Grimm,3.452777777777778,108
Kenneth Heger,3.9446327683615823,354
Kenneth Holum,2.9028614457831328,664
Kenneth Ingram,3.7185393258426966,178
Kenneth Isman,3.5396458814472673,1299
Kenneth Kiger,2.8728606356968216,409
Kenneth Klotz,3.7850102669404513,1461
Kenneth Kokason,3.7539634146341467,328
Kenneth Lennon,3.737931034482759,29
Kenneth Leonard,3.0654905001938735,2579
Kenneth Matis,3.826530612244898,49
Kenneth McConnell,,0
Kenneth Miltenberger,3.80576923076923,52
Kenneth O'Connell,3.6922606924643584,1964
Kenneth Rose,4.0,35
Kenneth Rubin,3.89820143884892,278
Kenneth Slowik,3.5696774193548384,155
Kenneth Ulman,3.9520661157024795,121
Kenneth White,3.980769230769231,52
Kenneth Wright,3.9620689655172416,58
Kenneth Yu,3.39375,816
Kenneth Yusko,3.893992932862191,566
Kent Cartwright,3.172072072072072,111
Kent Crawford,3.255,20
Kent Erickson,3.3674999999999997,40
Kent Norman,3.7738095238095237,588
Kent de Jong,3.511904761904762,126
Kenton Camper,2.8058823529411763,85
Kenya Graham,3.9047619047619047,21
Kenyatta Crenshaw,3.86583850931677,161
Kenyatta Rogers,3.6971830985915495,71
Kenyon Crowley,3.7249999999999996,188
Keong Kim,3.182795698924731,93
Kerishma Panigrahi,3.313846153846154,130
Kerri Mcgowan Lowrey,3.9,17
Kerri Shelfo,3.357894736842105,19
Kerry Back,3.1833333333333336,6
Kerry Green,3.258980582524272,412
Kerry Tanner,3.306666666666666,60
Kerry Tripp,3.41274949083503,2455
KerryAnn O'Meara,3.761764705882353,102
Kerstin Nordstrom,3.866666666666667,12
Keryn Gedan,3.406141522029372,749
Kevin Alexander,3.8811529933481155,451
Kevin Aroom,3.544927536231884,69
Kevin Augustine,3.125,8
Kevin Blackistone,3.387896253602306,347
Kevin Bock,3.7699248120300752,133
Kevin Calabro,3.0170048309178745,2070
Kevin Clark,3.688888888888889,45
Kevin Cleary,4.0,22
Kevin Daniels,3.6801775147929,338
Kevin Dayaratna,3.234810126582279,316
Kevin Dunbar,3.5410085632730732,1051
Kevin Dunlap,1.8972972972972975,74
Kevin Gerrity,3.6720000000000006,50
Kevin Gibbons,3.825301204819277,83
Kevin Glasz,3.713419913419913,231
Kevin Hird,3.537313432835821,67
Kevin Hughes,3.4217391304347826,46
Kevin Johnson,3.325,32
Kevin Jones,3.555045871559633,109
Kevin Kenneally,3.352727272727273,110
Kevin Klose,3.934489795918367,490
Kevin Knapstein,4.0,62
Kevin Lewy,3.741304347826087,368
Kevin McClure,3.9456692913385827,127
Kevin McGann,3.838474295190714,603
Kevin McGarry,2.969523809523809,210
Kevin McIver,3.0793867120954004,1174
Kevin Moore,3.425806451612903,31
Kevin Murnane,2.844881889763779,635
Kevin O'Grady,3.773076923076923,52
Kevin Osborn,3.8333333333333335,12
Kevin Roy,3.5453463960811757,1429
Kevin Sellner,3.5833333333333335,18
Kevin Shindel,3.3478021978021975,182
Kevin Shivers,3.827734033245844,1143
Kevin Short,4.0,44
Kevin Stewart,3.770967741935484,31
Kevin Sweeney,3.2713286713286713,143
Kevin Tervala,3.7295774647887328,142
Kevin Washburn,3.957317073170732,82
Kevin Wiedel,3.7941176470588234,17
Kevin Winstead,3.6076923076923073,78
Kevin Wisniewski,3.837265415549598,373
Khady Diene,3.426153846153846,65
Khaleshia Thorpe-Price,3.8236363636363637,55
Khalid Afzal,3.575,20
Khalid Long,3.5940476190476187,84
Khalil Guy,2.316666666666667,18
Khalil Shahyd,3.9823529411764707,17
Khara Schonfeld-Karan,3.7390977443609024,133
Ki-Yong Kim,3.2736842105263158,779
Kia McDaniel,3.7341176470588233,85
Kian Kelley-Chung,3.0,6
Kibbi Henderson,3.974074074074074,27
Kibwe Hughes,3.290909090909091,22
Kiera Wolfe,3.3773972602739724,146
Kiersten Janjigian,3.7777777777777777,45
Kiersten Newtoff,3.2285714285714286,7
Kieu Anh Do,3.8461538461538463,26
Kieun Kim,3.710526315789474,38
Kijoeng Nam,2.64375,112
Kiley Wilfong Cullen,3.744864864864865,185
Kim Coles,3.3261562998405103,627
Kim Drnec,3.935,20
Kim Gonzalez,3.8184210526315794,38
Kim Huynh,2.803496503496503,143
Kim MacDonald-Wilson,3.4499999999999997,6
Kimberlee Shaffir,3.4500000000000006,12
Kimberley Hannah,3.8598290598290594,234
Kimberley Hannah-Prater,3.844979919678715,498
Kimberli Munoz,3.7611285266457677,319
Kimberly Banks,3.425352112676056,71
Kimberly Bethea,3.1854875283446713,441
Kimberly Bethke,3.9056338028169013,355
Kimberly Campbell,3.6,15
Kimberly Clements,3.884,25
Kimberly Coles,3.383112582781457,302
Kimberly Davis,3.3057971014492753,69
Kimberly Foecke,3.661538461538461,13
Kimberly Fouche,2.545359019264448,1142
Kimberly Griffin,3.9136690647482015,139
Kimberly Heffernan,3.1115442278860566,1334
Kimberly Jenkins,3.826865671641791,67
Kimberly Kostrikin,3.7038461538461536,26
Kimberly Mehlman-Orozco,2.78421052631579,836
Kimberly Paczolt,2.797024275646045,2554
Kimberly Palombo,3.798571428571428,70
Kimberly Park,3.062068965517241,58
Kimberly Stroka,3.4327988338192417,686
Kimberly Van Putten-Gardner,3.475102040816327,245
Kimberly Van Putten-Garnder,3.5038251366120217,183
Kiminori Nakamura,3.0285491419656787,1282
Kioumars Mazandarani Haeri,3.962121212121212,66
Kira Gor,3.9611940298507458,67
Kirby Bowling,3.3288461538461536,52
Kirk Greenwood,3.594565217391304,276
Kirsten Craft,3.878947368421053,19
Kirsten Crase,3.9419354838709677,31
Kirsten Dabelko,3.686666666666667,45
Kirsten Ilustre,3.654166666666667,24
Kirsten Stoebenau,3.4878172588832492,591
Kirtana Kalavagunta,3.817391304347826,69
Kisa Lape,3.6824086603518262,1478
Kisha Dasent,3.3424242424242427,132
Kisha Monroe,3.582608695652174,23
Kishan Yerubandi,3.4405405405405403,74
Kislaya Prasad,3.4850970017636684,1134
Kiyanna Hill,3.2726666666666664,150
Klaus Hubacek,3.2663900414937763,241
Klihsree Myat,3.988,25
Koki Nagata,3.4059607293127625,1426
Komal Shah,3.9071428571428575,14
Konstantin Gulisashvili,3.64375,16
Konstantina Trivisa,2.9101823708206687,658
Konstantinos Gerasopoulos,3.514814814814815,27
Konstantinos Kalapotharakos,3.0047619047619043,42
Konstantinos Papadopoulos,2.9015625,64
Konstantinos Pozoukidis,3.7270967741935483,465
Korey Rothman,3.546842105263157,2850
Kourtney Temple,3.803703703703704,27
Koushik Pal,2.6876712328767125,292
Kris Marsh,3.5651991614255767,1431
Kris Mayo,3.81993006993007,286
Krishna Bhagat,3.9013513513513516,222
Krishna Bhavithavya Kidambi,3.7363636363636363,11
Krishna Challa,3.4300000000000006,80
Krishna Vadrevu,2.6333333333333333,105
Krishnan Balakrishnan,3.430877192982456,285
Krishnan Vasudevan,3.7504273504273504,234
Krishnanand Kaipa Narasimha,3.844,125
Krista Caballero,3.8159010600706718,283
Krista Heiner,3.4285714285714284,7
Krista Krahe,4.0,5
Krista Uhrig,4.0,18
Krista Voelmle,3.292682926829268,41
Krista Wigginton,3.1433962264150943,53
Kristan Skendall,3.9785096747632767,2429
Kristen Ambrose,3.0872727272727274,55
Kristen Bergery,3.6935483870967745,31
Kristen Cabrera,3.129166666666667,24
Kristen Fawole,2.964,50
Kristen Gunderson,3.3895833333333325,144
Kristen Hamilton,3.804255319148936,282
Kristen Harris,3.7176470588235295,17
Kristen Hines,2.9747683535281544,1403
Kristen Klein,3.218518518518519,27
Kristen Messer,3.9850000000000003,20
Kristen Novak,3.7599999999999993,10
Kristen Pinto-Coelho,,0
Kristen Rupert,3.762068965517241,232
Kristen Stack,3.9204301075268813,93
Kristen Willett,3.7295999999999996,375
Kristi Engel,3.2,93
Kristi Jamrisko,2.53103448275862,29
Kristi Tredway,3.892119565217391,368
Kristin Bobowiec,4.0,26
Kristin Carfora,2.6950617283950615,81
Kristin Cipriani,3.6296296296296298,135
Kristin Eckert,2.7571428571428576,21
Kristin Fisher,2.7333333333333334,9
Kristin Hamilton,3.9368421052631577,19
Kristin LaRiviere,3.8935960591133005,203
Kristin Meyering,3.4206896551724144,29
Kristin Sinclair,3.740361445783133,166
Kristin Slawson,3.7646739130434783,552
Kristin Sullivan,3.640740740740741,54
Kristina Harris,3.936,75
Kristina Hedgepeth,3.6239999999999997,50
Kristina Kramarczuk,3.9486486486486485,37
Kristina Kubistal-Meeks,3.445762711864407,59
Kristina Miler,3.0303685897435897,2496
Kristina Milvae,3.625,8
Kristine Li Puma,3.69375,48
Kristine Morrissey,3.3425324675324677,308
Kristine Pietsch,3.658823529411765,34
Kristine Teets,3.8045454545454547,22
Kristjana Maddux,3.2948932219127207,1077
Kristofer Lasko,3.144444444444444,9
Kristofer Reed,3.7580645161290325,155
Kristopher Pourzal,3.7991150442477872,113
Kristyn Lue,3.82027027027027,74
Krystle Mcconnell,3.5307142857142857,140
Kshiti Vaghela,3.6074941451990634,427
Kuan Song,3.94,15
Kuan-hung Lo,3.5370165745856355,181
Kuishuang Feng,3.3972332015810274,506
Kumiko Akikawa,2.773762376237624,606
Kunpeng Zhang,3.537009063444109,662
Kurt Finsterbusch,3.1456521739130436,920
Kurt Gray,3.6814814814814816,27
Kurt Reinhard Radermacher,3.3922865013774106,363
Kurubel Belay,3.9539682539682537,63
Kwame Opare,3.8578181818181823,275
Kwesi Sam,3.7079999999999997,50
Kyla Cools,3.660563380281691,71
Kyla Gregoire,2.6704918032786886,61
Kyle Bickoff,3.7816455696202533,158
Kyle Dorsey,3.4687693498452017,2584
Kyle Easter,3.615789473684211,19
Kyle Edwards,3.7435897435897436,39
Kyle Garton-Gundling,3.0728070175438598,114
Kyle Jaquess,3.2642857142857147,28
Kyle Kastler,3.5666666666666664,6
Kyle Liss,2.7775,40
Kyle Murphy,3.6666666666666665,6
Kyle Pietro,3.685714285714286,21
Kyle Pruitt,3.7399999999999998,5
Kyle Stephan,3.3403669724770646,109
Kyle Webb,3.5,4
Kyle Whitaker,4.0,6
Kylee Manganiello,3.7500000000000004,24
Kyley Ewing,3.547096774193548,155
Kylie King,3.9349999999999996,160
Kyoko Okamoto,3.7522522522522523,222
Kyongil Yoon,3.831034482758621,29
Kyosung Choo,3.9833333333333334,18
Kyounghun Bae,3.3843750000000004,64
Kyu Yong Choi,3.051221719457014,1105
Kyung Koh,3.507051282051282,312
Kyunghun Lee,3.766666666666667,6
Kyungjin Yoo,3.695021645021645,462
L Gordon,3.1890774907749084,1355
L Jen Shaffer,3.527996070726915,2036
L Stevens,2.9897186147186146,924
L Woods,3.2547619047619047,126
La Marr Bruce,3.5263473053892223,167
La'Mon Johnson,3.7210526315789467,38
LaGuinn Sherlock,3.707936507936508,63
LaMonte Summers,3.5378571428571424,140
LaVonne Whitehead,3.7515463917525778,97
LaWanda Kamalidiin,3.8833333333333337,72
Lacey Curry,3.2222222222222214,90
Laharish Guntuka,3.7625,8
Lai-Xi Wang,2.916125954198473,1048
Laila Asi,3.8649999999999998,20
Laixiang Sun,3.137173913043478,460
Lakeshia Watson,3.8915384615384614,130
Lakshmi Sridaran,3.5400000000000005,10
Lamia Zia,3.8520504731861203,317
Lamonda Horton-Stallings,3.5246808510638297,235
Lan Ma,3.613349514563107,1236
Lance Boyer,2.797872340425532,47
Lance Wain,3.973076923076923,26
Lance Yonkos,3.4386559139784945,1860
Lane Desautels,3.0223529411764702,85
Lanfei Shi,3.601492537313433,67
Lanita Sledge,4.0,14
Lara Hollenczer,3.1862831858407086,226
Lara Payne,3.637809187279153,566
Lara Torsky,3.4536082474226806,97
Laria Rogers,3.632463768115942,690
Larisa Cioaca,2.9755555555555557,45
Larissa Curry,4.0,4
Laronika Thomas,2.8388888888888886,72
Larry Davis,3.306108597285068,442
Larry Herman,2.682468202131316,8727
Larry Palmer,3.1785714285714284,14
Larry Plotkin,3.233821733821734,819
Larry Rentz,3.7681494661921704,562
Larry Sanford,3.5857142857142854,7
Lars Helgert,3.42809667673716,331
Lars Olson,3.3096014492753625,552
Laszlo Korossy,3.524423963133641,217
Latefia Bradley,3.9042857142857144,70
Laura Brant,4.0,25
Laura Colgate,3.7125000000000004,24
Laura Demaria,3.362899786780384,469
Laura Drew,3.657176470588235,425
Laura Dugan,3.2761526232114466,629
Laura Duncanson,3.3278950735764554,1563
Laura Dykstra,2.963076923076923,130
Laura Gilchrest,3.684671532846715,548
Laura Golojuch,3.557826086956522,690
Laura Gordon,2.965625,32
Laura Groft,4.0,7
Laura Hankins,3.69344262295082,61
Laura Hebert,2.8266666666666667,15
Laura Iosip,2.249206349206349,126
Laura Jimenez Parra,3.73265306122449,147
Laura Kalman Brunner,3.2617021276595746,47
Laura Kelly,3.831578947368421,19
Laura Lapham,4.0,6
Laura Lauth,3.980555555555555,108
Laura Lising,3.6689655172413795,58
Laura MacPherson,3.657692307692308,156
Laura Mahalingappa,3.8636363636363638,11
Laura Paquin,3.878409090909091,88
Laura Quijano,3.171314741035856,251
Laura Rogers,3.9285714285714284,49
Laura Rosenthal,3.2458432304038003,421
Laura Rush,3.9769500438212093,1141
Laura Sammon,3.4064935064935065,77
Laura Schnitker,3.2878305373898207,3517
Laura Sherman,3.4628048780487797,164
Laura Sonjara,3.0444444444444447,27
Laura Stapleton,3.3748251748251747,286
Laura Widener,3.810769230769231,65
Laura Williams,3.056375838926174,745
Laura Winn,3.923076923076923,39
Laure Brooks,3.200733991394584,3951
Lauree Sails,3.4400000000000004,85
Laurel Perkins,3.5500000000000003,6
Lauren Albright,3.1935483870967745,124
Lauren Artzi,3.9642857142857144,28
Lauren Bach,3.7133333333333334,30
Lauren Bender,3.1303664921465972,191
Lauren Boilini,3.38,150
Lauren Cain,3.2454545454545456,11
Lauren Cannady,3.9748201438848922,139
Lauren Cohen,3.676470588235294,17
Lauren Dahlin,3.8592592592592587,108
Lauren DeCrosta,3.812,25
Lauren Doamekpor,3.2796178343949034,157
Lauren Edelstein,3.6828647925033464,2241
Lauren Evans,3.6361702127659576,94
Lauren Farnell,3.666666666666666,60
Lauren Flanigan,3.025,40
Lauren Fryer,4.0,5
Lauren Gallup,3.761111111111111,18
Lauren Gilmartin,3.8756476683937824,193
Lauren Harris,3.241818181818182,220
Lauren Hofer,3.2114285714285717,35
Lauren Hunter,3.370108695652174,184
Lauren Kaiser,3.8333333333333335,6
Lauren Kauffman,3.030188679245283,53
Lauren Koch,3.7033898305084745,59
Lauren Kotkin,3.7365384615384616,52
Lauren Messina,3.458863636363636,440
Lauren Michalak,3.475,24
Lauren Musu-Gillette,3.6149572649572654,234
Lauren Neimeyer,3.8140845070422538,71
Lauren Norris,3.8993548387096775,155
Lauren Nowosatka,4.0,5
Lauren Porter,3.33841059602649,755
Lauren Rhue,3.5525914634146343,656
Lauren Ruszczyk,3.832432432432433,37
Lauren Sausser,3.269230769230769,13
Lauren Schmitt,4.0,23
Lauren Singer,3.8874999999999997,24
Lauren Strauss,3.1548387096774193,62
Lauren Trakhman,3.7,410
Lauren Vance,3.8117647058823527,17
Lauren Wint,3.4483870967741934,93
Laurence Brewer,4.0,7
Laurent Fabre,3.2470588235294118,17
Laurent Fresard,3.558352668213457,862
Laurent Montesi,3.45292766934558,871
Lauretta Clough,3.6379310344827585,29
Laurie Adamson,2.704761904761905,21
Laurie Frederik,3.3818181818181823,77
Laurie Frederik Meer,3.5089430894308946,246
Lawrence Aikins,3.139130434782609,437
Lawrence Ausubel,3.507425742574257,202
Lawrence Clark,3.977966101694915,118
Lawrence Gordon,3.820682730923695,498
Lawrence Leak,4.0,17
Lawrence Moss,3.687804878048781,41
Lawrence Sanford,3.761764705882353,68
Lawrence Sherman,3.6640776699029125,103
Lawrence Silver,3.7845588235294123,136
Lawrence Sita,3.343115124153498,443
Lawrence Taub,3.78125,16
Lawrence Washington,3.293684210526316,2660
Lawrence-Minh Davis,2.931293706293706,572
Laxman Dhulipala,3.4549645390070927,282
Le-Marie Thompson,3.6656095143706637,1009
Lea Chartock,2.966666666666667,15
Lea Christenson,3.5454545454545454,11
Lea Dougherty,3.726776859504132,605
Lea Johnson,2.654185022026432,227
Lea Landrus,2.76150234741784,213
Leah Dodson,2.95184331797235,434
Leah Findlater,3.6956204379562045,137
Leah Grosse,3.7270270270270274,74
Leah Howell,3.990625,32
Leah Ijjas,3.2500000000000004,24
Leah Kreimer Tobin,3.973704600484262,2065
Leah Laird,3.506976744186046,86
Leah Lewman,3.4443478260869567,115
Leah Waks,3.517085427135679,199
Leandra Cormier,3.2161572052401746,229
Leayne Dempsey,3.6747899159663864,119
Ledyard King,3.1600000000000006,15
Lee Ann Lewis,3.8412698412698405,189
Lee Cooper,3.75,20
Lee Friedman,2.8169832402234634,15215
Lee Hinga,3.8666666666666667,24
Lee Hinkle,3.844287949921753,639
Lee Konstantinou,3.519419642857143,896
Lee Kovarsky,3.5,20
Lee Lipscomb,3.6150259067357515,386
Lee Mundy,2.8781461019030075,1629
Lee Penn,3.758578856152513,577
Leeanne Dunsmore,3.688888888888889,9
Leena Malayil,3.824324324324324,37
Lei Chen,3.3197916666666667,96
Lei Ma,3.2974576271186438,118
Lei Zhang,3.5324503311258284,151
Lei Zhou,3.463392429324389,2087
Leigh Abts,3.9232142857142853,56
Leigh Kurz,3.8375,24
Leigh Leslie,3.638082191780822,365
Leigh McDonald,3.878947368421053,19
Leigh Pilzer,3.924193548387097,62
Leigh Ryan,3.292086330935252,278
Leigh Smiley,3.7919254658385095,161
Leigha McReynolds,3.9552123552123555,259
Leila Batties,3.021641791044776,134
Leila De Floriani,3.1499999999999995,94
Leilani Battle,3.886033519553073,179
Leisa Schwab,3.270253164556962,158
Lejnar Mitrojorgji,3.113953488372093,43
Leland Deck,3.348863636363636,88
Leland Edgecombe,3.9625,8
Leland Gardner,3.3618969746524936,3669
Lemeng Pan,2.2857142857142856,49
Lemma Senbet,3.5987951807228913,83
Lena Crain,3.3653846153846154,78
Lena Johnson,3.9693877551020407,98
Lena Kavaliauskas Crain,3.63037037037037,135
Lenaya Stewart,3.7443298969072165,194
Lenea Stocker,2.6854337152209498,9165
Lenora Knowles,3.5594713656387666,227
Leo Deming,3.1328451882845183,956
Leo Rayon,4.0,6
Leo Shapiro,3.176723476124674,6513
Leon Clarke,4.0,15
Leon Hadar,3.375,36
Leon Major,4.0,16
Leonard Block,3.5210526315789474,190
Leonard Brillson,3.6285714285714286,7
Leonard Hamilton,3.7273239436619727,1065
Leonard Howie,3.55,102
Leonard Mayfield,3.357142857142857,28
Leonard Mills,3.494964028776978,139
Leonard Taylor,2.8526806526806525,429
Leonardo Solano Moraga,3.4937500000000004,16
Leonid Koralov,3.1346811819595644,643
Leonidas Lampropoulos,3.6247395833333336,384
Lesley Langa,3.9014184397163123,141
Lesley Sand,3.5741666666666663,120
Lesley Turner,2.9948275862068967,174
Lesliam Quiros Alcala,3.384722222222222,72
Leslie Berns,3.6169333333333338,750
Leslie Brice,3.717948717948718,39
Leslie Davis,3.8388888888888886,18
Leslie Felbain,3.8024604569420033,569
Leslie Gettier,4.0,43
Leslie Gray,3.3538461538461535,117
Leslie Jefferson,3.7770491803278685,61
Leslie Krafft,3.8271604938271606,81
Leslie Lindeman,3.9699999999999998,30
Leslie Mostow,3.4007266629401904,1789
Leslie Page-Voth,3.917857142857143,168
Leslie Pick,3.5405405405405403,851
Leslie Rollins,3.545132743362832,113
Leslie Rowland,2.5990697674418604,215
Leslie Walker,3.748055893074119,1646
Lester Andrist,3.151282051282051,1677
Lester Escobal,3.051465798045603,307
Lester Schultheis,3.994117647058823,51
Leszek Sibilski,3.7081632653061223,49
Leticia Ridley,3.4153846153846157,52
Letitia Williams,3.8071428571428574,14
Levent Guntay,3.4163043478260873,92
Levi DeVries,2.6891304347826086,46
Levon Dovlatyan,3.0379310344827584,58
Lewis Gleich,2.945,100
Lewis Link,3.8697368421052634,304
Leyla Babaturk,3.2212121212121216,33
Leysan Khakimova,3.2612499999999995,80
Li Fang,3.7304347826086954,23
Li Ma,3.2510638297872343,517
Li-Qun Zhang,3.243809523809524,105
LiAnn Yim,3.4647058823529413,17
Lia Curtis Fine,3.284615384615385,26
Liam Daley,3.7279635258358663,329
Liam Healy,2.7816582914572856,796
Liana Sayer,3.236976744186047,860
Liang Ma,3.1264591439688716,257
Liang-Chun Wang,3.9444730077120824,389
Liangbing Hu,3.6812854442344043,529
Liangli Yu,3.427872340425532,470
Liese Zahabi,3.846007604562738,263
Ligia Gonzalez,3.6531249999999993,160
Lijuan Cao,2.75,24
Lijuan Du,3.7686567164179103,67
Lijuan Shi,3.9057971014492754,69
Lili Zhang,3.7399999999999998,5
Lilianna Phan,2.585185185185185,54
Lillian Doherty,3.1090355329949233,1970
Lillian Hoover,3.321940928270042,474
Lillian-Yvonne Bertram,4.0,15
Lilliana Mason,3.5146496815286628,314
Lily Cuk,4.0,17
Limor Bajayo,3.4023809523809527,42
Lin Zhu,3.12,50
Lina Castano,3.692957746478873,71
Lina Morales Chacana,3.1973333333333334,75
Linda Aldoory,3.8413793103448275,87
Linda Bowers,3.725882352941176,85
Linda Braun,3.357142857142857,21
Linda Coleman,2.652362396492937,2053
Linda Conrad Rusnak,3.8285714285714287,28
Linda Freeman,3.2875,32
Linda Gast,3.665799256505576,269
Linda Hembeck,3.8692307692307693,65
Linda Kauffman,3.189361702127659,376
Linda Keyser,2.7777777777777777,27
Linda Krakaur,3.668493150684932,73
Linda Mabbs,3.715686274509804,51
Linda Macri,3.6440298507462683,268
Linda Moghadam,3.1375821287779235,761
Linda Schmidt,3.434392113910186,913
Linda Steiner,3.564940239043825,251
Linda Tipton,3.668055555555555,72
Linda Valli,3.9026785714285714,112
Linda Zou,3.4291614518147684,799
Lindley Darden,3.159395973154363,298
Lindsay Bernal,3.3956204379562043,274
Lindsay Bogner,3.2093457943925237,107
Lindsay Carpenter,3.921875,64
Lindsay DeVries,3.966666666666667,9
Lindsay Fowler,3.1986486486486485,74
Lindsay Jacoby,2.6908333333333334,120
Lindsay Mallick,3.6602339181286556,171
Lindsay Rand,2.856521739130435,23
Lindsay Yotsukura,3.4478723404255316,188
Lindsey Allen,3.8238095238095235,42
Lindsey Anderson,3.6606951871657754,374
Lindsey Barr,3.721951219512195,123
Lindsey Foss,3.466666666666667,24
Lindsey Gallo,3.233333333333333,60
Lindsey Hoskins,3.9166666666666665,30
Lindsey May,3.2409909909909906,222
Lindsey O'Neil,3.4340579710144925,138
Lindsey Reinstrom,3.0549295774647884,71
Lindsey Rodio,3.652760736196319,163
Lindsey Rodkey,3.9157894736842107,19
Lindsey Santiago,3.912,25
Lindsey Schrott,3.9120805369127516,149
Lindsey Seaby,3.3859999999999997,50
Lindsey Sitler,3.783333333333333,6
Lindsey Templeton,3.884210526315789,38
Lindsey Vansandt,3.2934782608695654,46
Lindsey Winter,3.7254237288135594,236
Lindsi Baltz,3.56140350877193,57
Ling Liang,3.3027027027027027,37
Ling Zhu,2.402586206896552,116
Lingling Zhang,3.508044382801664,721
Lingyan Ma,3.7870481927710844,332
Linh Bui,3.7142857142857144,7
Linh Tran,3.7920000000000003,25
Lint Barrage,3.5258620689655173,58
Lior Hilsenrath,3.118367346938775,147
Liora Moriel,3.2473372781065084,169
Liqing Yu,3.7263157894736842,19
Lisa Alexander,3.9571428571428573,35
Lisa Bote,3.8134816753926706,1528
Lisa Burgess,3.595652173913044,23
Lisa Carney,3.461298701298701,385
Lisa Connors,4.0,22
Lisa Davis,3.7543209876543213,81
Lisa Eaker,3.806451612903225,1364
Lisa Harrington,3.608910891089109,303
Lisa Kiely,3.852307692307692,65
Lisa Kirch,3.392105263157895,76
Lisa Latouche,3.8209790209790206,143
Lisa Lednicer,3.119491525423729,118
Lisa Lopez-escobar,3.7655555555555558,90
Lisa Mar,3.297769516728625,538
Lisa Nathans,3.774413145539906,426
Lisa Pierotte,3.361224489795918,49
Lisa Rickard,3.8246153846153845,195
Lisa Scheeler,3.801238390092879,969
Lisa Swan,3.5759036144578316,83
Lisa Swayhoover,3.6928571428571426,56
Lisa Taneyhill,3.927777777777778,36
Lisa Traiger,3.4838235294117648,68
Lisa Wiersma,3.55,84
Lisa Wolf,3.8846153846153846,65
Lise Getoor,3.3666666666666663,63
Lise-Marie Imbert-Gerard,3.1408163265306124,98
Lismarie Hernandez,3.717241379310345,29
Lissette Escariz,2.983783783783784,37
Lital Ehrlich,3.942391304347826,92
Liu Ming,3.683673469387755,49
Liu Yang,3.4589827344843678,2143
Lixin Tang,2.838709677419355,31
Lixin Ye,3.5818181818181825,11
Liyang Dai-Hattrick,3.0474093264248703,772
Liye Ma,3.5072065378900446,1346
Liyi Gu,2.9557692307692305,52
Liyi Li,3.1085714285714285,245
Liyue Yan,3.6773333333333333,150
Liz Bell,3.715151515151515,33
Liz Wasden,3.952631578947368,19
Liza Lebrun,3.9538539553752536,2958
Lizhen Lin,4.0,6
Ljiljana Ciric Hoffmann,3.427777777777778,54
Logan Anbinder,3.9515151515151516,33
Logan Aronhalt,3.96875,32
Logan Dechter,3.896078431372549,51
Logan Fletcher,3.3064864864864867,185
Logan Williams,3.728301886792453,265
Lois Fried,3.6599999999999993,10
Lois Lipman,3.61969696969697,66
Long Doan,3.4689547581903275,641
Lora Harris,3.8607142857142853,28
Loren Jones,3.77244094488189,127
Loretta Holmberg-Masden,3.8197080291970797,274
Loretta Lynch,2.83030303030303,99
Lori DeBoy,3.9842105263157896,38
Lori Fredricks,0.0,7
Lori Kader,3.871739130434783,460
Lori Lynch,2.9064935064935065,77
Lori Murphy,3.7636363636363637,11
Lori Perine,3.061212121212121,165
Lori Praniewicz,3.8631578947368426,19
Lori Sefton,3.6988527724665388,523
Lori Sen,3.8807017543859645,57
Lori Simon-Rusinowitz,3.8580838323353293,334
Lori Spina,3.5323856613102596,809
Lorie Staver,3.9,12
Lorin Milescu,3.902702702702703,37
Louiqa Raschid,3.6810473815461346,401
Louis Giglio,3.834375,32
Louis Holder,3.991428571428571,35
Louis Morlier,3.679718875502008,996
Louis Plough,3.705172413793103,58
Louis Preonas,3.3376344086021503,93
Louis Rizzo,3.515384615384615,13
Louis Thomas,3.8175,40
Louis Uccellini,3.81,30
Louisa Nkrumah,3.5640000000000005,50
Louisa Rubinfien,2.9154761904761903,336
Louisa Wu,3.6117219917012453,964
Louise Godley,0.0,33
Louise Martinez,2.9823212913143737,1301
Lourdes Salamanca-Riba,3.6249438202247193,445
Lowell Sparks,3.966863905325444,1859
Lu Zhang,3.576844262295082,976
Luanjiao Hu,3.8375000000000004,16
Lubomir Petrasek,3.69375,64
Lucas Butler,3.7452133794694347,867
Lucas Dunlap,3.2064308681672022,311
Lucas Goodman,3.5215384615384617,65
Lucas Matyi,2.756465517241379,232
Lucas Tcheuko,2.6313559322033897,118
Lucien Holness,3.6785714285714293,14
Lucille Hogg,3.4944444444444445,18
Lucinda Fleeson,3.89,30
Lucinda Grinnell,3.586904761904762,84
Lucinda Jack,3.6806451612903226,93
Luigi David Luccarelli,3.265079365079365,63
Luigi De Luca,3.225,24
Luis Charry,3.247641509433963,424
Luis Diego Quiros Pacheco,3.1776836158192094,708
Luis Orozco,3.1805882352941177,340
Luis Royo Romero,3.3529411764705883,34
Luisa Franzini,3.8565000000000005,200
Luisa Seguin,2.8833333333333333,6
Luiz Pessoa,3.6341666666666668,240
Luka Arsenjuk,3.709339622641509,1060
Luke Capizzo,3.5462643678160917,348
Luke Catherine,3.8304347826086955,46
Luke Jensen,3.831081081081081,74
Luke Rollins,3.6277108433734937,83
Luke Spence,0.34782608695652173,23
Lutf Alkebsi,3.472063492063492,630
Luther Reynolds,3.3810344827586207,58
Lutian Zhao,3.53588850174216,287
Luyu Sun,2.4195652173913045,46
Luz Martinez-Miranda,3.5481481481481483,540
Lydia Carlis,3.716,25
Lydia Maniatis,3.01025641025641,39
Lyle Isaacs,2.7001246105919003,1605
Lyle Torp,3.81875,48
Lyndsy Horn,3.85,20
Lynn Cook,3.723452768729642,307
Lynn Truong,3.7788461538461537,52
Lynne Bradley,3.775,20
Lynne Price,3.799568965517242,232
Lynsey Weston,3.626530612244898,49
Lyra Hilliard,3.4855924978687125,1173
M Apolonia Calderon,3.5881578947368413,380
M Apolonia Calderon Cervantes,3.5946902654867254,226
M Brown,3.8000000000000003,28
M Fardanesh,3.474760383386581,626
M Lewis,3.108247422680412,97
M Reynolds,3.7662569145666867,1627
M Sauter,3.749383886255924,1055
MIchael Bodaken,3.307738095238095,168
Mac Mathis,4.0,19
Macarena Garcia-Avello Fernandez-Cueto,3.466666666666667,60
Macarena Kutscher,2.9113207547169813,53
Machon Gregory,3.5576923076923075,26
Mack Marsden,3.8631578947368426,38
Madeleine Goh,3.41438127090301,299
Madeleine Guy,3.3357142857142854,14
Madeleine Hage,3.5666666666666664,6
Madeleine Moore,3.945945945945946,37
Madeleine Parker,4.0,16
Madeline Brown,3.7375000000000003,192
Madeline Diep,3.566666666666666,36
Madeline Galvez,3.683018867924528,53
Madeline Georgevich,3.8846153846153846,182
Madeline Hsu,3.2352941176470584,34
Madeline Marshall,3.5472727272727265,55
Madeline McCaslin,3.7960000000000003,50
Madeline Miskie,3.9179775280898874,89
Madeline Miskie-Jaeger,3.8875,8
Madeline Muravchik,3.427350427350427,117
Madeline Prebil,3.5142857142857147,14
Madeline Reich,3.492727272727273,55
Madeline Romm,3.6785714285714284,70
Madeline Zilfi,3.045238095238095,420
Madhura Joglekar,2.0666666666666664,51
Madiha Afzal,3.596276595744681,188
Madiha Moin,3.877586206896552,58
Madison Birnbaum,4.0,18
Madlen Simon,3.6335443037974677,790
Maegan Helble,3.2020000000000004,50
Magdalena Bajll,3.809448818897638,127
Magdalena Gross,3.9850000000000003,20
Magdalene Ngeve,3.0569965870307163,1172
Maggie Dull,3.8364705882352945,170
Maggie Gill,3.3181102362204724,127
Maggie Loughlin,3.712820512820513,39
Maggie Ray,3.422928709055877,519
Maggy Rodriguez,3.3797297297297297,74
Magnus Jensen,3.2517241379310344,29
Mahesh Mani,3.852298850574712,174
Mahesh Nerurkar,3.122702702702703,185
Mahiri Edwards,4.0,31
Mahka Moeen,3.264705882352941,34
Mahmoud Massoud,3.6193939393939396,330
Mahsa Agha Gholizadeh,3.6403508771929824,171
Mahsa Moussavi,,0
Mai-linh Pham,3.8957446808510636,47
Maiasia Grimes,3.3601503759398494,133
Maile Neel,3.6419753086419755,162
Maira Goytia,3.975,12
Maissam Barkeshli,3.281612903225806,310
Majid Raissi-Dehkordi,3.471057513914657,1078
Makiko Inoue,2.802321428571428,560
Maksim Belenkiy,3.080208333333333,96
Maksym Morawski,3.070509977827051,1804
Malachi Jones,3.75,8
Malaika Serrano,3.8903846153846153,260
Malakhi Noked,3.66,10
Malav Parekh,3.643478260869565,23
Malcolm Jones,3.7883211678832116,137
Malik Blue,3.6823529411764704,17
Malina Blanton Heng,3.614,50
Malina Howard,3.95,60
Malki Manukulasuriya,3.358974358974359,39
Mamadou Wade,3.613700787401575,635
Man Cheung,3.494059405940594,202
Man Li,3.6538461538461537,13
Manel Lacorte,3.3382653061224494,392
Manfred Wuttig,3.224324324324324,259
Manizhe Galledari,3.5833333333333335,60
Manjit Bhatia,2.991525423728813,118
Manny Fantis,3.835159817351598,219
Manny Zapata,3.91875,16
Manoj Franklin,3.2479067153694854,3559
Manon Ehrlich,3.4160000000000004,25
Manon Soulet,3.4266949152542376,236
Manouchehr Mokhtari,3.168332633347333,2381
Manoussos Grillakis,3.00890120639061,3067
Mansoor Moaddel,3.1051562500000003,640
Mansur Shakipov,2.34,55
Manuel Duran Mendez,3.1045454545454545,44
Manuel Franco Sevilla,2.9787234042553195,235
Manuel Teran Hernandez,3.769879518072289,83
Manuel Tiglio,3.5308823529411764,136
Mané Rebelo-Plaut,3.870967741935484,155
Maralita Freeny,3.9763157894736842,38
Marc Janssens,3.6567375886524824,141
Marc Kroopnick,3.6090909090909093,11
Marc Lichtman,3.682258064516129,62
Marc Nerlove,2.8620689655172415,29
Marc Rogers,2.6775169300225734,2215
Marc Salit,3.7333333333333334,18
Marc Steren,3.958571428571429,70
Marc Weinschenker,3.771052631578948,38
Marccus Hendricks,3.5630218687872763,503
Marcel Guardia,3.067741935483871,31
Marcel Nguyen,3.8600000000000003,5
Marcela Risso,3.554966887417219,151
Marcella Kim,3.7940298507462686,67
Marcella Morris,3.8823529411764706,17
Marcella Stranieri,4.0,18
Marcelle Lee,3.985820895522388,134
Marcelo Ramagem,3.5500000000000003,24
Marcelo Valdez,3.6333333333333337,9
Marchelle Payne-Gassaway,3.7558282208588953,163
Marcia Marinelli,3.7950819672131146,61
Marcia Shofner,3.0929119219149435,4303
Marcie Taylor-Thoma,3.8797468354430378,79
Marcio Oliveira,3.3520208604954367,767
Marco Bassani,4.0,6
Marco Colombini,2.910869565217392,184
Marco Molinaro,4.0,40
Marcus Boyd,3.6625,248
Marcus Cross,3.0400000000000005,15
Marcus Ervin,3.875776397515528,322
Marcus Johnson,3.760666666666667,300
Marcus McRae,3.91875,16
Marek Posard,3.2285714285714286,14
Maren Voss,4.0,37
Margaret Antonisse,2.900650557620818,2152
Margaret Brindle,3.65507614213198,394
Margaret Chmiel,3.9819444444444443,72
Margaret Ditter,3.7764705882352945,34
Margaret Dull,3.9153846153846152,78
Margaret Elwell,3.7894179894179896,189
Margaret Giblin,3.4488888888888884,45
Margaret Hardy,2.869417475728155,206
Margaret Harrington,3.4727272727272727,33
Margaret Jenkins,3.974814814814815,135
Margaret Kim,3.6374999999999997,48
Margaret Lapinski,3.1612903225806446,31
Margaret Malewski,3.627184466019417,103
Margaret Malone,3.8882352941176466,17
Margaret Marcus,3.875886524822695,141
Margaret McCabe,3.855333333333333,150
Margaret McFarland,3.5701612903225803,124
Margaret McLaughlin,3.9924999999999997,40
Margaret McWeeney,3.8180995475113124,221
Margaret Miller,3.452863436123348,227
Margaret Palmer,3.9,48
Margaret Pearson,3.4013368983957224,748
Margaret Peterson,3.7665362035225054,1022
Margaret Scull,3.307064017660044,453
Margaret Smith,3.7343873517786563,253
Margaret Udahogora,3.519657258064516,992
Margaret Walker,3.788860103626943,386
Margaret Walton,3.972941176470588,85
Margaret Williams,3.5015544041450775,193
Margaret Wrobleski,3.4269565217391307,115
Margaretha Lucas,,0
Margaritis Fourakis,3.8124773960217,553
Margherita Morando,3.2114014251781478,421
Margit Malmmose,3.7090909090909094,11
Margo Gregor,3.285714285714285,133
Margo Humphrey,3.8636363636363638,99
Margret Bjarnadottir,3.4219165085389,1054
Marguerite Jarchow,2.8066298342541436,181
Marguerite Tonjes,3.123720930232558,215
Mari Prendergast,3.025675675675676,74
Maria Alva,3.6,14
Maria Amador,3.8705882352941177,17
Maria Austria,4.0,17
Maria Bardossy,3.544398826979472,1705
Maria Becerril Longares,3.3945454545454545,165
Maria Beliaeva Solomon,3.4675925925925926,108
Maria Berbery,3.46875,32
Maria Bowman,3.630630630630631,111
Maria Bunnewith,3.5314285714285716,35
Maria Bustamante,3.6175453759723424,1157
Maria Cameron,2.9473282442748094,917
Maria Campero,3.6509090909090904,55
Maria Crassas,3.5615384615384613,13
Maria Day-Marshall,3.598969072164948,97
Maria Fleri,3.3587443946188342,223
Maria Gigante,3.3499999999999996,18
Maria Gomez-Martin,3.394764397905759,191
Maria Herrera Arvay,3.6952941176470593,255
Maria Hyler,3.851960784313725,102
Maria Lekic,3.544747081712062,257
Maria Lobo-Antunes,3.7560000000000002,50
Maria Molina,3.771428571428571,42
Maria Monsalve,2.965294117647059,170
Maria Mukhina,3.4571428571428577,14
Maria Polinsky,3.0403225806451615,124
Maria Salvadore,3.943636363636364,55
Maria Sitzler-Sawicki,3.895238095238095,42
Maria Soppelsa,2.951041666666667,192
Maria Srur,3.021052631578948,38
Maria Vargas,2.658333333333333,24
Maria Velez,3.0785714285714283,518
Maria Wydra,3.584375,32
Mariah Bauer,3.885714285714286,91
Mariam Dreher,3.873818181818182,275
Mariama Law,3.8972222222222217,72
Marian Carpenter,2.8357142857142854,84
Marian Jones,3.5665557404326123,1202
Marian Strazzeri,2.9606060606060605,33
Mariana Cordier,3.59047619047619,63
Mariana Falconier,3.9476190476190474,63
Mariana Mazer,3.313888888888889,36
Marianna Landa,3.6170588235294123,170
Marianne Conroy,3.0688500727802035,687
Marianne Hayek,2.7664516129032255,465
Marie Archambeault,3.6,16
Marie Bergmeyer,3.6915254237288133,59
Marie Howland,3.6988888888888884,90
Marie Ito,3.293333333333334,180
Marie Laverdiere,3.292929292929293,99
Marie Thoma,3.617297297297297,555
Marieh Arnett,3.0581818181818186,55
Marielis Garcia,3.668548387096774,124
Mariko Carson,3.3587837837837844,148
Marilee Lindemann,3.3772727272727274,110
Marilena Draganescu,0.0,104
Mariluz Bort Caballero,3.4593495934959346,123
Marilyn Garateix,2.6399999999999997,10
Marilyn Iriarte Santacruz,3.760101010101011,198
Marilyn Jenkins,3.6637500000000003,80
Marilyn London,3.810650069156293,723
Marilyn Matar,3.8233766233766238,77
Marin Allen,3.3222972972972973,148
Marina Ellis,3.554166666666667,72
Marina Leite,3.0945945945945943,222
Marina Miller,3.504166666666667,24
Marina Pranda,3.806666666666667,15
Marina Sanchez,3.9884615384615385,26
Marina Seamans,3.60952380952381,21
Marine Carpuat,3.364193168433451,849
Marino diMarzo,3.079048171793383,1723
Mario Dagenais,3.144135802469136,324
Mario Picon,3.8986666666666663,75
Marion Lindstrom,3.3,49
Marisa Allen,3.469543147208122,197
Marisa Franco,3.8176966292134837,356
Marisa Mitchell,3.6750000000000003,24
Marisa Osorio,3.6470588235294117,17
Marisa Pace,3.8320284697508895,562
Marisa Parham,3.6714285714285713,133
Marisha Addison,3.8027027027027023,74
Marissa Fond,3.9000000000000004,13
Marissa Hartwig,3.732876712328767,219
Marissa Kennedy,3.7380952380952386,21
Marissa Lang,3.00625,32
Marissa Sariol-Clough,3.697435897435897,78
Marissa Stewart,3.879120879120879,91
Marit Knollmueller,2.893607305936073,438
Marita Brown,3.3157142857142854,70
Marita Roos,2.5571428571428574,21
Marivel Soria,3.575,20
Mariya Fox-Rabinovich,3.5148648648648644,74
Marja Humphrey,3.825,20
Marjan Alaghmand,3.9255813953488374,43
Marjan Moosavi,3.3490196078431373,204
Marjorie Bonavia,3.2894301870378433,2299
Marjorie Nightingale,3.9788732394366195,71
Marjorie Reaka,3.3145180722891565,1660
Marjorie Venit,2.988202247191011,178
Mark Austin,3.3758851674641144,1045
Mark Bognanni,3.3200000000000003,5
Mark Brimhall,3.8267441860465117,172
Mark Carroll,3.35281124497992,498
Mark Castro,3.7055555555555557,18
Mark Cochrane,3.127272727272728,11
Mark Costello,3.425,20
Mark Croatti,3.6541176470588237,170
Mark Dexter,3.8130434782608695,23
Mark Earnhart,3.832,25
Mark Eichenlaub,3.553719008264463,121
Mark Engelbert,3.2546460176991148,452
Mark Feldstein,3.1501070663811555,934
Mark Fernando,3.413333333333333,90
Mark Fitzgerald,3.248221670802316,1209
Mark Flood,3.384659090909091,176
Mark Forrester,3.6572259136212626,1204
Mark Frame,3.0592,125
Mark Franz,3.6377777777777776,135
Mark Freidlin,3.237931034482759,174
Mark Fuge,3.3526223776223776,572
Mark Ginsburg,3.867857142857143,28
Mark Goldstein,3.035,20
Mark Graber,3.9346733668341707,398
Mark Gray,3.9340136054421766,147
Mark Groff,3.378,200
Mark Gross,2.8771929824561404,57
Mark Grovic,3.837575757575758,165
Mark Haney,3.931967213114754,122
Mark Helms,3.995890410958904,146
Mark Hill,4.0,57
Mark Hubbard,3.9625,8
Mark Hyman,3.664655172413793,116
Mark Janney,3.327272727272727,165
Mark Komisky,3.7396648044692737,179
Mark Lachowicz,3.825,20
Mark Leone,3.1325779036827197,1059
Mark Lichbach,3.833587786259542,131
Mark Lockwood,3.6948529411764706,136
Mark Loewenstein,3.5335009428032684,1591
Mark Luckner,3.3896551724137933,29
Mark Magsino,2.6133757961783446,157
Mark Montgomery,3.5303030303030303,66
Mark Nadel,3.727272727272727,22
Mark Nowakowski,3.3256198347107437,121
Mark Potts,3.763636363636364,11
Mark Puryear,3.5928571428571425,14
Mark Rapach,3.1,10
Mark Scheckelhoff,2.7155555555555555,90
Mark Selig,3.4,17
Mark Shayman,2.900958466453674,939
Mark Shirk,3.427272727272727,231
Mark Smith,3.4978142076502734,183
Mark Taranto,3.624975798644724,2066
Mark Troutman,3.884745762711864,59
Mark Wakefield,4.0,14
Mark Wellman,3.5269828722002634,3795
Mark Wilson,3.6166163141993963,331
Mark Young,3.9164835164835163,91
Mark Zakota,3.110526315789474,57
Marko Pitesa,3.972316384180791,177
Markus Binder,3.6350000000000002,20
Marla McIntosh,3.4852216748768474,203
Marlaina Martin,3.6125,16
Marlene Cimons,3.6139784946236557,93
Marlene Cohen,3.3430327868852454,244
Marley Weiss,3.725,8
Marques King,3.0183035714285715,224
Marquise McGraw,3.4555555555555557,36
Marsha Guenzler-Stevens,3.958295964125561,446
Marsha Rozenblit,2.761423220973782,801
Marsha Youngblood,4.0,16
Marshal Washington,3.595,40
Marshall Steinbaum,3.2,21
Marshini Chetty,3.724742268041237,97
Marta Camps,2.638775510204082,49
Marte Ostvik-De Wilde,3.485294117647059,34
Martha Ertman,3.4444444444444446,9
Martha Geores,3.12816091954023,870
Martha Hunter,3.418918918918919,37
Martha Kyrillidou,3.835,20
Martha Moon,3.963876651982379,227
Martha Naughten,3.7066666666666666,30
Martha Nell Smith,3.5521680216802163,738
Martha Randall,3.9539130434782606,115
Martha Reynolds,3.6566292134831455,445
Martha Thomas,3.5107723577235768,492
Martha Wang,3.7334645669291335,254
Martha Yumiseva,3.583495145631068,103
Martin Cadirola,3.9035714285714285,56
Martin Cerza,3.857142857142857,7
Martin Dresner,3.5925799086757984,876
Martin Gonzales,3.9823529411764707,17
Martin Kobren,3.6023316062176174,386
Martin Loeb,3.394199535962877,431
Martin Molina Fructuoso,3.2086956521739127,23
Martin O'Malley,3.760849056603774,212
Martin Peckerar,3.085116279069768,215
Martin Rabenhorst,3.646272493573264,389
Martin Sanders,3.8618721461187215,438
Martin Stuermer,3.774074074074074,27
Martin Sullivan,3.665957446808511,141
Martina Copelman,2.6882352941176473,3689
Martina Domnick,3.5133858267716533,127
Martrez Marshall,3.836170212765958,47
Martyn Clark,4.0,17
Marvette Lacy,4.0,10
Marvette Perez,3.8250000000000006,12
Marvin Jones,3.468965517241379,87
Marvin Scott,3.001802884615385,832
Marvin Titus,3.867450980392157,255
Marwa Maziad,3.725842696629213,89
Marwan Kublawi,3.6625,8
Mary Alexander,3.838636363636364,44
Mary Ann Francis,3.867586206896551,145
Mary Ann Hoffman,3.9136363636363636,22
Mary Ann Kinsella-Meier,3.652631578947368,19
Mary Ann Rankin,2.7285714285714286,140
Mary Bazemore,3.8234042553191485,47
Mary Bell,3.8266666666666667,30
Mary Beth Furst,3.6313805817288,2441
Mary Beth Janke,3.728448275862069,116
Mary Bowden,3.3234584912159835,2903
Mary Breinholt,3.925,4
Mary Burns,3.849264705882353,136
Mary Butler,3.8333333333333335,27
Mary Byrne,3.581019332161687,569
Mary Chessey,3.446527777777778,144
Mary Chey,3.968292682926829,41
Mary Choquette,3.9651315789473687,152
Mary Coy,3.6774436090225566,133
Mary DeStefano,3.121875,32
Mary Depascale,3.609734513274336,113
Mary Ellen Scullen,3.8041958041958033,143
Mary Ford,3.757575757575758,33
Mary Foster,3.7111842105263158,152
Mary Francis,3.6466960352422912,227
Mary Furlong,3.156,100
Mary Gallagher,3.976785714285714,56
Mary Garza,3.226266416510319,533
Mary Grace Snyder,3.957142857142857,7
Mary Harms,3.575222499110004,2809
Mary Hernandez-Gordillo,2.923275862068966,116
Mary Hummel,3.908333333333333,24
Mary Johnson,3.9,32
Mary Kate Schneider,3.2452012383900923,323
Mary Keim,2.7890441587479042,1789
Mary Kendig,3.4318181818181817,88
Mary Kitchen,3.770588235294117,17
Mary Kniskern,3.4738461538461545,65
Mary Konsoulis,3.647727272727273,88
Mary Kot-Jansen,3.9173913043478263,23
Mary Macklem,3.527272727272727,11
Mary Maher,,0
Mary Mannix,3.906451612903226,31
Mary Marquis,3.5307692307692307,13
Mary Morton,3.715384615384615,13
Mary Nahorniak,3.278378378378379,37
Mary Ottinger,3.478048780487805,41
Mary Pittas-Herschbach,3.1723684210526315,76
Mary Scullen,3.534579439252336,214
Mary Sies,3.4781250000000004,256
Mary Sirianni,3.7013157894736843,76
Mary Snyder,3.710526315789474,38
Mary Taylor,3.6194736842105266,190
Mary Turner,2.6699853587115663,683
Mary Wagner,3.343478260869565,92
Mary Walters,3.8894736842105266,19
Mary Warneka,3.9227272727272724,22
Mary Washington,2.928301886792453,424
Mary Wood,3.0787500000000003,80
Mary Zaki,3.11697247706422,218
Marya Anderson,2.8,59
Maryam Foroughi,2.710810810810811,37
Maryann Jones,3.0284318901795144,3788
Marybeth Drechsler Sharp,3.8,5
Marybeth Shea,3.878774928774929,1404
Maryjane Rabier,3.184285714285714,70
Maryke Haasbroek,3.635135135135135,37
Maryl Gensheimer,3.1098884758364314,1345
Marylee Morrison,3.2291666666666674,24
Masa Beslin,3.669230769230769,13
Masahiko Takahashi,2.643333333333333,30
Masato Nakamura,3.6666666666666665,9
Masayuki Tashiro,3.128571428571429,28
Mason Henderson,3.1333333333333337,60
Mason Hurley,3.3875,32
Masoud Hamedi,3.6153846153846154,78
Masoud Negahban-Azar,3.6691011235955058,178
Massimo Ricotti,3.2972265023112484,649
Massoud Moussavi,3.5239999999999996,25
Mat Chibbaro,3.5652173913043477,69
Matei Machedon,2.8810885101704233,1819
Mateo Arango,3.700714285714286,140
Mateo Uribe-Castro,3.330344827586207,145
Mathew Feehan,3.8783068783068777,756
Mathew Shepard,3.9850000000000003,20
Mathew Swinburne,3.8015873015873014,63
Mathias Frisch,3.347169811320755,265
Matre Grant,3.5087591240875913,137
Matt Goldin,3.076923076923076,26
Matt Severson,3.8207913110938714,7734
Matt Speiser,3.467741935483871,31
Matt Wilson,0.0,9
Matthew Arnold,3.721739130434783,69
Matthew Aruch,3.899406528189911,674
Matthew Becker,3.033766233766234,154
Matthew Bell,3.4839793281653746,387
Matthew Biggerstaff,3.961111111111111,18
Matthew Bobrowsky,2.410476190476191,105
Matthew Bright,2.9999999999999996,67
Matthew Brown,3.0566666666666666,30
Matthew Callahan,3.8714285714285714,7
Matthew Canzater,3.437837837837838,74
Matthew Cascio,3.5657894736842106,38
Matthew Cuozzo,4.0,19
Matthew Dellatorre,3.0760273972602743,146
Matthew Edelstein,3.783333333333333,6
Matthew Edwards,3.681081081081081,37
Matthew Fitzpatrick,3.632631578947368,95
Matthew Fleming,3.2163265306122444,49
Matthew Forsbacka,3.858974358974359,39
Matthew Gagnon,3.589259259259259,270
Matthew Geiss,3.14272997032641,674
Matthew Gladding,3.2285714285714286,42
Matthew Goinz,3.9705882352941178,204
Matthew Goupell,3.6643023255813953,860
Matthew Gray,3.7,2
Matthew Griffin,3.418213552361396,4870
Matthew Hansen,3.154063604240283,566
Matthew Harrington,3.657142857142857,7
Matthew Hicks,3.8564885496183203,131
Matthew Hurt,3.763888888888889,36
Matthew Innes,3.461971830985915,71
Matthew Jans,3.933333333333333,9
Matthew Kelly,3.1659999999999995,50
Matthew Kirschenbaum,3.6306709265175723,313
Matthew Kuniholm,3.452252252252252,111
Matthew Laslo,3.167857142857143,28
Matthew Lewis,3.296875,320
Matthew Marcus,3.727272727272727,11
Matthew McLaughlin,3.458052073288332,1037
Matthew Miller,3.7564356435643567,303
Matthew Montei,3.9053097345132746,113
Matthew Nessan,3.935,20
Matthew Noble-Olson,3.0952380952380953,21
Matthew O'Malley,3.5437229437229436,231
Matthew Palus,3.760493827160494,243
Matthew Patrick,3.371615720524017,458
Matthew Peppe,3.460227272727273,88
Matthew Quigley,3.7643750000000002,160
Matthew Reeves,3.761267605633803,142
Matthew Regan,3.692317224287484,807
Matthew Robertson,3.5243243243243243,74
Matthew Rodriguez,3.9326530612244897,49
Matthew Roesch,3.431812080536912,745
Matthew Salinger,1.303225806451613,31
Matthew Salzano,3.752651515151516,264
Matthew Scassero,3.776923076923077,26
Matthew Severson,3.801218559600062,6401
Matthew Sickle,3.4499999999999997,6
Matthew Sinclair,3.801796407185629,167
Matthew Smedley,3.0862745098039217,51
Matthew Stahl,3.4909090909090907,11
Matthew Summers,3.184210526315789,38
Matthew Supple,3.590909090909091,11
Matthew Suriano,3.723508267433501,1391
Matthew Thomann,3.8033333333333337,180
Matthew Thum,2.9651428571428577,350
Matthew Valnes,3.574457429048414,599
Matthew Welsh,3.1588235294117646,51
Matthew Wharton,4.0,7
Matthew Whiteway,2.458181818181818,55
Matthew Wilson,3.1272030651340996,261
Matthew Wootten,3.9518072289156625,83
Matthias Fischer,2.6352941176470592,17
Matthias Goerner,2.7285714285714286,21
Matthias Ruth,3.892,50
Matthias Wellershoff,3.2906914893617025,376
Matthias Zwicker,3.613056379821958,337
Maud Casey,3.8494680851063827,376
Maura Collinge,2.944,25
Maura Keefe,3.556589147286822,129
Maura-Kate Costello,2.744444444444445,18
Maureen Cropper,3.5986666666666665,525
Maureen Shea,3.975,12
Maureen Sullivan,4.0,11
Maureen Wrightson,2.7948717948717947,78
Mauri Matsuda,2.9306451612903226,124
Maurice Boissiere,3.5523943661971833,355
Mauro Resmini,3.6490649064906497,909
Mauro Whiteman,3.540350877192983,57
Maushami DeSoto,3.0826086956521737,23
Max Bialek,3.038222222222223,225
Max Doolittle,3.3333333333333335,6
Max Ehrlich,3.489878542510121,247
Max Erdemandi,3.765625,128
Max Lasky,3.8858208955223885,134
Max Leiserson,3.008629441624365,197
Max Rosenberg,3.4250000000000003,12
Maxime Papillon,3.5133333333333336,15
Maxine Grossman,3.2814531548757166,1046
Maxine Levin,3.2473684210526317,19
Maxx Cho,2.5651515151515154,132
May Rihani,3.8157894736842106,19
Maya Aduba,3.8933333333333335,15
Maya Dawit,3.953658536585366,41
Maya Mudambi,3.563934426229508,122
Maya Williams,4.0,38
Mayra Torres,3.9,58
Mayron Tsong,3.807594936708861,79
Mayur Gosai,3.4076923076923076,13
McBlaine Boyle,2.4690438871473352,1276
Md Haque,3.99,30
Md Hoque,3.96,25
Md Mahfuzul Haque,3.582142857142857,28
Meenu Singh,3.801904761904762,105
Meg O'Neill,3.4815602836879433,1269
Mega Subramaniam,3.835589519650655,458
Megan Augustyn,2.852406417112299,187
Megan Bailey,3.608571428571429,35
Megan Benefiel,3.673529411764706,34
Megan Bergandy,3.1267241379310344,116
Megan Callow,3.4037974683544308,158
Megan Cleaver,3.9012195121951216,82
Megan DeStefano,3.795121951219512,41
Megan Fitzmaurice,3.207772020725389,386
Megan Fritz,3.431474103585658,251
Megan Fromm,3.6746794871794872,312
Megan Howell,3.793055555555555,72
Megan Hurley,3.841812865497076,342
Megan Johnson,3.818421052631579,38
Megan Kelly,3.498802395209581,167
Megan Kuyatt,3.9191176470588234,68
Megan Masters,3.904109589041096,73
Megan McLean,3.127941176470588,680
Megan Morse Jans,3.8286516853932584,178
Megan Newcombe,3.4776371308016873,237
Megan Peercy,3.9116591928251125,223
Megan Rhee,3.8729729729729727,111
Megan Ronan,2.41025641025641,39
Megan Rossman,2.926315789473684,19
Megan Springate,3.6090909090909093,33
Megan Stump,3.8160000000000003,25
Megan Sutton,2.5368421052631582,19
Megan Vaganek,3.8187499999999996,16
Megean Garvin,3.825423728813559,59
Meghan Bowden,3.85,174
Meghan Cleereman,3.408510638297872,47
Meghan Cohen,3.823529411764706,17
Meghan Collins,3.824264705882353,136
Meghan Comstock,3.7222222222222223,27
Meghan DeFord,4.0,92
Meghan Green,3.486538461538461,52
Meghan Hamorsky,3.3391304347826085,69
Meghan Houston,3.798429319371728,191
Meghan Loughry,3.775757575757576,33
Meghan Spigle,3.25,4
Megu Itoh,3.8077868852459016,244
Mehdi Kalantari Khandani,3.782026143790849,918
Mehdy Sedaghat Payam,3.8820512820512816,78
Mehl Penrose,3.354298642533937,442
Mehmet Ergun,2.8913793103448278,174
Mei Kong,3.416018845700825,849
Mei Yang,3.2914285714285714,35
Mei-Ling Lee,3.761658031088083,193
Meina Liu,3.0483870967741935,155
Meiqing Shi,4.0,44
Meir Lewin,3.979020979020979,143
Mel Coffee,3.3166666666666664,18
Melani Solomon,2.967441860465116,43
Melanie Ashton,3.7905405405405403,74
Melanie Baker,0.0,15
Melanie Cohen,3.382329317269076,249
Melanie De Grano,3.6341463414634148,205
Melanie Faith,3.329086229086229,777
Melanie Hardy,3.31,10
Melanie Hong,3.713636363636364,44
Melanie Kill,3.2766292134831465,445
Melanie Killen,3.670846394984326,319
Melanie Pinkert,3.065968586387435,191
Melanie Rio,3.01744966442953,149
Melda Baysal Walsh,2.977272727272727,22
Meleah Boyle,3.344444444444444,9
Melina Duggal,3.574242424242424,66
Melinda Baldwin,3.705607476635514,214
Melinda Chateauvert,3.481707317073171,82
Melinda Martin-Beltran,3.9121212121212126,297
Melissa Benitez,3.6791666666666667,24
Melissa Blanco Borelli,3.857142857142857,70
Melissa Brown,2.9166666666666665,36
Melissa Caras,2.5645714285714285,175
Melissa Carrier,3.713636363636364,110
Melissa Coaxum,3.4488888888888884,45
Melissa Del Rios,3.7273224043715842,183
Melissa Duchene,3.546913580246913,81
Melissa Duchene-Kelly,3.522222222222222,36
Melissa Ebbers,2.8343137254901962,102
Melissa Gonzalez-Contreras,3.291029023746702,379
Melissa Hayes-Gehrke,3.3272445820433436,1938
Melissa Hyre,3.6907216494845363,291
Melissa Janoske,3.2377510040160646,249
Melissa Kearney,2.975987361769352,633
Melissa Kenney,3.3230769230769233,65
Melissa Landa,3.5766033254156766,842
Melissa Licata,3.3911111111111114,45
Melissa Lizmi,3.6666666666666665,24
Melissa Lucas,3.565255292652554,803
Melissa Macasieb,2.5982404692082115,1023
Melissa May,2.8722222222222222,36
Melissa Milkie,3.6316666666666664,60
Melissa Rittenhouse,3.4679144385026737,187
Melissa Roberts,3.5392156862745097,51
Melissa Rocco,3.8787401574803146,254
Melissa Rogers,3.536170212765957,141
Melissa Rorie,3.4555555555555557,18
Melissa Stevens,3.6702786377708985,646
Melissa Stockbridge,3.650359712230216,139
Melissa Sturges,3.6756410256410255,78
Melissa Welsh,3.52027027027027,74
Melodie Jackson,3.7395348837209297,43
Melvette Davis,3.449802371541502,253
Melvin Coffee,3.336363636363636,11
Melvin Seale,3.935714285714286,448
Meng Hu,2.6737704918032787,61
Mengjun Hu,3.7214285714285715,14
Menglin Jin,3.0500000000000003,56
Menglu liang,3.7166666666666663,42
Mengqi Zhan,3.4968503937007873,127
Mengqiang Zhu,3.692553191489362,94
Mengxue Li,3.6653846153846152,26
Mengzi Xie,2.075,28
Mercedes Baillargeon,3.563879598662208,299
Mercedes Taylor,3.3551020408163272,98
Meredith Bohannon,3.0405339805825244,824
Meredith Collier,3.727272727272727,11
Meredith Epstein,3.7950617283950616,243
Meredith Gill,3.636758893280632,253
Meredith Gore,3.5848314606741574,178
Meredith Gramlich,3.835000000000001,140
Meredith Gray-Grener,3.7291666666666665,144
Meredith Kleykamp,3.4058517555266583,769
Meredith Laurie,3.892,25
Meredith Nichols,3.8776470588235297,85
Meredith Rowe,3.627906976744186,86
Merianne Spencer,3.7750000000000004,16
Meridith Price,3.9285714285714284,14
Meridith Styer,3.255505952380952,672
Merle Collins,3.091721854304636,604
Merrilee Cox,3.3419520547945205,584
Meryem Cherrouk,3.335,20
Mestiyage Gunatilleka,3.0927698910531527,3029
Mesut Polat,3.4885714285714284,35
Meyer Kestnbaum,2.912422360248447,1288
Mher Kandoyan,3.991428571428571,70
Mia A Smith-Bynum,3.228650519031142,1445
Mia Russell,3.7435897435897436,39
Miao Yu,2.974450341167551,1319
Micaela Cameron,3.15945945945946,37
Micah Brachman,3.4184986595174265,373
Micah Goldblum,2.898019801980198,101
Micah Ratner,3.6714285714285717,14
Micah Tillman,3.510204081632653,49
Michael Abrams,3.370984020185029,1189
Michael Ambrose,3.093074792243767,361
Michael Angelucci,3.6999999999999997,36
Michael Baitzer,3.6833333333333336,24
Michael Ball,3.6079710144927537,276
Michael Barry,3.6769841269841272,126
Michael Bazaco,3.4602222222222223,450
Michael Becker,3.5194444444444444,36
Michael Berecz,3.5488372093023255,129
Michael Binder,3.1606481481481485,1296
Michael Booker,3.502105263157895,95
Michael Boylan-Kolchin,2.863235294117647,68
Michael Boynton,3.2773584905660376,53
Michael Brick,3.835854341736695,357
Michael Brody,3.4174603174603178,63
Michael Brown,3.2041237113402063,97
Michael Busse,3.433283914010378,1349
Michael Campana,2.4000000000000004,17
Michael Casiano,3.7049019607843134,102
Michael Cichello,3.230254777070064,314
Michael Coblenz,3.1600000000000006,15
Michael Collier,3.4640699523052465,629
Michael Colson,3.199206349206349,378
Michael Connelly,3.8,5
Michael Coplan,3.4317073170731707,41
Michael Corcoran,3.5433333333333334,60
Michael Crescimanno,2.9491525423728815,118
Michael Cummings,3.1834983498349834,303
Michael Dascal,2.775,28
Michael Daugard,3.5926829268292684,41
Michael Dellomo,3.405945945945946,925
Michael Dignan,3.4288461538461537,52
Michael Dirda,3.4714285714285715,35
Michael Dorothy,3.7577777777777777,135
Michael Dougherty,3.339154616240267,899
Michael Doyle,2.4915789473684207,285
Michael Dravis,3.6305263157894734,95
Michael Driggers,3.6582554517133956,321
Michael Dunham,3.8771973466003313,1206
Michael Eckhart,3.733333333333334,6
Michael Egnoto,3.8914396887159532,257
Michael Elliott,3.8151515151515154,33
Michael Erickson,3.0499999999999994,12
Michael Evans,3.276502002670226,749
Michael Ezban,3.622325581395349,215
Michael Faulkender,3.4240760295670536,1894
Michael Fetters,3.771428571428572,7
Michael Fili,3.3230769230769237,39
Michael Finch,2.869402173913044,1840
Michael Fleg,4.0,24
Michael French,2.9526315789473685,19
Michael Friedman,2.8721390632544663,2071
Michael Fu,3.606707317073171,164
Michael Fuhrer,3.268421052631579,57
Michael Gagnon,3.351724137931034,58
Michael Galczynski,3.6625297194484068,2103
Michael Geppi,3.739630836047774,921
Michael Gerli,4.0,6
Michael Gerst,3.444897959183674,49
Michael Gollner,3.3254196642685847,417
Michael Gonsior,3.6958333333333333,24
Michael Goodman,3.9487046632124354,193
Michael Gossett,3.3057142857142856,70
Michael Grantham,2.8908396946564885,131
Michael Greenberger,3.4836065573770494,61
Michael Gullans,3.710526315789474,19
Michael Hanmer,3.7463035019455253,257
Michael Hess,3.4831250000000002,160
Michael Hewitt,3.6642241379310345,232
Michael Hicks,3.163295615275813,1414
Michael Humber,3.5700000000000003,180
Michael Israel,2.957057057057057,666
Michael Jakobson,2.8073311897106112,1555
Michael Jensen,3.340336134453781,119
Michael Kearney,3.596160877513711,547
Michael Keller,2.9589388425871577,8519
Michael Key,3.133870967741936,62
Michael Kimbrough,3.4825846153846154,1625
Michael Kolakoski,3.297185430463576,604
Michael Koliska,3.1571428571428575,7
Michael Konzak,3.570588235294118,17
Michael Kreisel,2.5880952380952382,126
Michael Krell,3.5084745762711864,59
Michael Kuhl,4.0,5
Michael Kurtz,3.9033898305084747,177
Michael Laskowski,2.9571694599627563,537
Michael Lavery,3.763888888888889,36
Michael Lee,3.6044921875,1024
Michael Lehrschall,3.8,11
Michael Levin,3.1092105263157896,152
Michael Lipkin,3.8342105263157893,38
Michael Lipsitz,3.0055555555555555,90
Michael Long,3.761349693251534,163
Michael Ma,3.184520123839009,323
Michael Mack,3.556140350877193,114
Michael Marsh,3.308934895123944,3671
Michael McCourt,3.206846846846847,1110
Michael McMillan,3.069173630454967,2154
Michael Meinzer,3.6947955390334575,269
Michael Mentzel,4.0,14
Michael Menzietti,4.0,7
Michael Miller,3.0170977011494253,696
Michael Mirny,3.832432432432432,37
Michael Montague-Smith,2.8450014160294534,3531
Michael Morreau,2.7028806584362144,243
Michael Neel,3.930769230769231,52
Michael O'Connor,3.1142857142857148,21
Michael O'Hara,3.9905913978494625,372
Michael Oberhauser,3.56529411764706,170
Michael Oblon,3.986046511627907,86
Michael Ohadi,3.2461824953445064,537
Michael Olmert,3.6846580406654343,1082
Michael Otte,3.6621153846153844,520
Michael Pacella,2.880059970014992,667
Michael Padhi,3.1697425558312653,6448
Michael Paolisso,3.5753768844221105,199
Michael Paquette,3.215555555555556,135
Michael Parke,3.3508474576271183,59
Michael Parrott,3.6615384615384614,65
Michael Patric,3.2384615384615385,13
Michael Pecht,3.4792828685258965,251
Michael Phaneuf,3.8845238095238095,84
Michael Poerksen,3.8243319268635725,711
Michael Prakhye,3.651269035532995,197
Michael Pratt,3.740762273901808,3096
Michael Quinlivan,3.9499999999999997,14
Michael Rapoport,4.0,43
Michael Rapport,2.8696485623003194,313
Michael Raupp,3.1687908496732025,612
Michael Reardon,3.555102040816327,49
Michael Rendall,3.418181818181819,176
Michael Riggs,3.5875,8
Michael Rizzo,3.580740740740741,135
Michael Rohd,4.0,7
Michael Roller,3.526086956521739,46
Michael Rosenwald,3.683333333333333,18
Michael Ross,3.2929901105293773,3438
Michael Rotkowitz,3.060743801652892,242
Michael Rozowski,3.095744680851064,47
Michael Ruybalid,3.472727272727272,44
Michael Scarano,3.6056603773584905,53
Michael Schiffer,3.8230769230769233,13
Michael Schmidt,3.6595463137996216,1058
Michael Shamari,3.2095238095238092,168
Michael Silberstein,3.7800000000000002,15
Michael Sparrow,3.6692307692307695,13
Michael Speer,3.869230769230769,13
Michael Spivey,3.4208360337005836,3086
Michael Stanton,3.755555555555555,9
Michael Steudeman,3.4346774193548395,248
Michael Subin,3.1838235294117645,68
Michael Tenaglia,3.425333333333334,75
Michael Thomas,,0
Michael Thron,3.642857142857143,14
Michael Tragoutt,3.8052631578947373,19
Michael Trusov,3.593293768545994,1685
Michael Vesely,3.6,12
Michael Votta,3.986031402273958,1847
Michael Ward,3.85,30
Michael Warehime,2.7744999999999997,200
Michael Weller,3.7516853932584273,89
Michael White,3.3,8
Michael Wilberg,3.9252525252525254,99
Michael Winett,3.3618780096308183,1246
Michael Winston,3.809090909090909,33
Michael Wittner,3.8828571428571426,105
Michael Woldemariam,3.6020618556701027,97
Michael Zachariah,2.9466042154566745,427
Michael Zenz,3.211162790697674,215
Michaela Boyle,3.8263157894736834,38
Michaelle Vilmont,3.0876404494382026,89
Michal Boyars,3.6833333333333336,24
Michel Boudreaux,3.7587301587301587,189
Michel Cukier,3.265224111282844,1941
Michel Wedel,3.5579166666666664,960
Michele Coti Zelati,2.5758490566037735,265
Michele Dudash,3.0037037037037035,108
Michele Fox,3.811320754716981,159
Michele Gelfand,3.806164383561644,146
Michele Joseph,3.4000000000000004,18
Michele Lamprakos,3.2877155172413794,464
Michele Mason,3.2953846153846147,715
Michele Prince,3.590261282660332,421
Michele Ver Ploeg,3.224590163934426,61
Michele Walker,3.493233082706767,133
Michelle Aguilar,3.96,15
Michelle Beaucher,2.72,40
Michelle Bensi,3.3632978723404254,188
Michelle Boswell,3.2,84
Michelle Brooks,3.5406862745098038,204
Michelle Butler,3.8816265060240966,332
Michelle Cohen,3.6235294117647054,17
Michelle Doan,3.879166666666667,144
Michelle Dugas,3.6285714285714286,7
Michelle Espino,3.6995884773662553,243
Michelle Fabiani,2.9566666666666666,30
Michelle Futerfas,3.445333333333333,150
Michelle Girvan,3.1161328588374846,843
Michelle Hamiel,3.846,100
Michelle Hugue,3.0342175066313,3393
Michelle Jamin,3.682142857142857,28
Michelle Jasczynski,3.944295302013423,149
Michelle Koerner,3.657142857142857,175
Michelle Lee,2.856296296296296,135
Michelle Magalong,3.896875,32
Michelle Mazurek,3.260984393757503,833
Michelle McDaniel,3.6750000000000003,12
Michelle Molinaro,3.7600000000000007,675
Michelle Moncrieffe,3.7083333333333335,408
Michelle Morrison,3.6453642384105964,604
Michelle Nelson,3.5,6
Michelle Raxter,3.0189655172413796,116
Michelle Rowley,3.3107352941176473,680
Michelle Sandhoff,3.3883040935672515,171
Michelle Smirnova,3.4239130434782608,46
Michelle Udeli,3.606842105263158,190
Michelle Von Euw,3.263356973995272,1269
Michelle Walsh,3.1946745562130174,169
Michelle Yang,3.247694174757282,824
Mick Couper,3.732692307692307,52
Mickael Latocca,2.8069306930693068,101
Migdalia Maldonado,3.8351648351648353,91
Miguel Gonzalez-Marcos,3.901298701298701,616
Miguel Vilar,3.7550505050505043,396
Mihaela Pintea,2.7692913385826765,127
Mihai Pop,3.1749244712990934,993
Mijail Tumanov Pavlov,3.7686274509803925,102
Miji Kim,3.8539682539682536,63
Mikael Lindvall,3.306507592190889,461
Mikayla Newton,2.823076923076923,13
Mike Hamberger,3.9271428571428566,70
Mike Hewitt,3.6190909090909087,110
Mike Hoffmeyer,3.739130434782609,23
Mike Hunninghake,3.591666666666667,12
Mike Kolakoski,3.678373702422145,578
Mikhail Anisimov,3.367328519855596,554
Mikhail Dolbilov,3.3993610223642174,626
Mikhail Durnenkov,4.0,9
Mikhail Kachman,3.6010781671159036,371
Mikhail Lysyakov,3.874666666666667,75
Miki Brooks,3.921518987341772,79
Mikol Bailey,3.639130434782609,23
Mila Zlatic,2.932249674902471,769
Milen Matthews,3.9935185185185187,108
Miles Bradbury,2.9692307692307693,754
Mili Duggal,3.0112,125
Milijana Surbatovich,3.761111111111111,18
Millard Alexander,2.7116336633663365,404
Milton Davis,3.745921450151058,331
Min Eu,,0
Min Kim,3.6209302325581394,43
Min Ouyang,2.983655083655084,777
Min Wang,3.4608478802992515,1203
Min Wu,3.5995433789954343,219
Min Xie,3.3867924528301883,477
Ming Chen,3.281286549707602,171
Ming Fang,3.397058823529412,34
Ming Hu,3.2698519515477793,1486
Ming Li,3.058461538461539,65
Ming Lin,3.7831818181818178,220
Mingguang Wu,3.909090909090909,11
Minglang Zhou,3.1766536964980547,514
Mingwei Sun,3.941666666666667,36
Mingyang Su,3.3520000000000003,25
Minji Kim,4.0,7
Minjung Ryu,3.9557692307692305,52
Minna Nilanont,0.0,4
Minsung Kim,2.4242424242424243,33
Minwen Li,3.454054054054054,37
Mir Ali,3.8366336633663365,101
Mira An,3.917857142857143,28
Mira Azarm,3.792883895131087,534
Mira Mehta,3.785,20
Miranda Cleary,3.7733333333333334,30
Miranda Downey,3.44,210
Miranda Galvin,3.0792207792207793,231
Miranda Kennedy,3.317333333333333,75
Miranda Spivack,3.816666666666667,18
Mircea Raianu,3.453896103896104,462
Mirella Vaglio,3.519607843137255,102
Miriam Komuhendo,3.7340540540540545,185
Miriam Nisbet,3.94,20
Miriam Phillips,3.5043478260869563,184
Miriam Stanicic,3.7975000000000003,40
Mirna Pinsky,2.8207119741100324,309
Mirona Magearu,3.0204545454545455,44
Miroslaw Skibniewski,3.3763582966226133,681
Misha Kachman,3.892380952380952,105
Misook Uh,2.7000000000000006,35
Misti Yang,3.5863636363636364,220
Misty Heggeness,3.7636363636363637,22
Mita Chakraborty,3.6153846153846154,13
Mitchell Buchman,3.771875,32
Mitchell Cronin,4.0,6
Mitchell Gelman,3.6363636363636362,11
Mitchell Hebert,3.825625,320
Mitchell Pavao-Zuckerman,3.5350482315112544,311
Mitchell Tropin,3.84,25
Mo Chen,3.52987012987013,77
Mohamad Al-Sheikhly,3.8371179039301317,687
Mohamadreza Banihashemi,3.8049999999999997,20
Mohamed Aggour,3.4213147410358564,1506
Mohammad Ali,3.556164383561643,146
Mohammad Barkeshli,2.8150000000000004,40
Mohammad Bazargan,3.7738095238095237,42
Mohammad Danesh Jafari,3.2904761904761903,21
Mohammad Fazelpour,3.563816475495308,1918
Mohammad Hafezi,3.5384364820846903,307
Mohammad Hajiaghayi,3.162761506276151,717
Mohammad Malik Sakil,4.0,22
Mohammad Modarres,3.5097560975609756,492
Mohammad Nayeem Teli,2.980065359477124,3978
Mohammad Soltanieh,3.7415384615384615,130
Mohammad Zaidi,3.6384615384615384,13
Mohammed Charifa,3.8656716417910446,67
Moira Rogers,4.0,8
Moises Yi,3.439830508474576,118
Mollie Greenberg,3.022284122562674,359
Mollie Kaufer,3.724026845637584,745
Molline Jackson,3.712903225806452,31
Molly Clever,3.617241379310345,58
Molly Dunn,3.874698795180723,83
Molly Ellenberg,3.5026666666666664,150
Molly Goodfellow,3.9535353535353535,99
Molly Morin,3.772,25
Mollye Bendell,3.5639080459770116,435
Mona Mittal,3.5158940397350995,755
Mona Thompson,3.865234375,256
Monerah Al-dubayan,3.839622641509434,53
Monet Flowers,4.0,21
Mong-Han Huang,3.361825726141079,241
Monica Allgauer,3.9499999999999997,6
Monica Anthony,3.40754716981132,53
Monica Caudillo,3.555,200
Monica Dunsworth,3.1228571428571428,35
Monica Kearney,3.4861032863849766,3195
Monica Morell,3.5617021276595744,47
Monica Ocasio,2.763716814159292,113
Monica Simonsen,3.916923076923077,65
Monica Thammarath,3.3285714285714287,21
Monica VanKlompenberg,3.23240058910162,1358
Monica Whent,3.7137860082304526,486
Monifa Vaughn-Cooke,3.260669456066946,478
Monika Roske,3.8551724137931034,58
Monique Brown,3.7468354430379747,79
Monique Brown-Ransom,3.823529411764706,17
Monique Koppel,2.926481242708909,16287
Monique Midgette,4.0,10
Monique Stevens,3.7562499999999996,16
Monisha Nag,3.539130434782609,23
Monroe Isenberg,3.4431372549019605,102
Monte Hawkins,3.724,25
Monther Hasouneh,2.6512328767123288,365
Montserrat Cubillos Guzman,3.7441558441558436,77
Moonyoung Song,3.3567251461988303,171
Morad Elsana,3.3913793103448273,58
Moran Stern,3.4396078431372548,255
Morgan Adle,3.883060109289618,183
Morgan Bryant,1.9043478260869564,23
Morgan Fritz,3.3364197530864197,162
Morgan Hess,3.275091575091575,273
Morgan Hurley,3.615,60
Morgan Lanahan,4.0,25
Morgan McMahon,3.4290220820189274,317
Morgan Palmer,3.351020408163265,49
Morgan Robinson,4.0,27
Morgan Stinson,3.353913043478261,115
Moriah Petersen,3.9256410256410255,39
Mostafa Ghanem,3.7866666666666666,45
Mostafa Nouh,3.535897435897436,39
Moya Malcolm,3.883870967741936,31
Mrim Boutla,3.84777183600713,561
Mrinmoyee Chatterjee,3.647727272727273,44
Muge Karagoz,3.916927083333334,384
Muhiuddin Haider,3.8565217391304345,1058
Mumu Xu,3.4896950578338592,951
Muna Adem,3.6864406779661016,59
Muna Husain,3.321739130434783,23
Munjireen Sifat,3.6862068965517243,29
Munther Hassouneh,2.795312499999999,448
Murphy Niu,3.8,11
Musa Subasi,3.428931451612903,992
Mustafa Sahin,3.2658536585365847,41
Mustapha Braimah,3.8296551724137937,145
Myeong Lee,3.525,32
Myeong-Gu Seo,3.5985915492957745,1562
Myeongsu Kang,3.070588235294117,51
Myles Alexander,3.713461538461538,52
Myles Poulin,3.052754590984975,599
Myra Paul,3.7777777777777777,27
Myungin Lee,3.5157894736842112,19
Na-Yeun Choi,3.786956521739131,23
Nabila Hijazi,3.1458823529411766,510
Nadia Farra,3.965909090909091,44
Nadine Frederique,3.3301369863013695,73
Nadine Sahyoun,3.3716831683168316,505
Nadya Barnes,3.4887640449438204,178
Nadya Ramel-Barnes,3.4008849557522125,113
Naeemul Hassan,3.838211382113821,738
Naette Lee,3.4432900432900433,231
Naghmeh Momeni,3.600537634408602,186
Nagpurnanand Prabhala,3.5521739130434784,529
Nahal Akbari-Saneh,3.6860759493670883,158
Naheed Ahmed,3.8131578947368414,38
Nahid Ahmadian,3.1863281249999997,256
Naijun Zhou,3.2535263319987684,3247
Naime Yaramanoglu,3.8908396946564885,262
Najib El-Sayed,3.215506958250497,503
Najoung Lim,3.6866666666666665,15
Naliyah Kaya,3.5732673267326733,303
Nam Sun Wang,3.2154831199068683,1718
Nama Ouattara,3.5749999999999997,12
Namjae Kim,3.5315789473684207,38
Namrata Maguire,3.4756756756756757,148
Nan Jiang,3.934857142857142,175
Nan Ratner,3.6285256410256412,936
Nana Brantuo,3.897183098591549,71
Nana Kwame Osei Fordjour,3.9225806451612906,62
Nancy Camarillo,3.6338709677419354,62
Nancy Canales,3.8947368421052633,19
Nancy Davenport,3.933333333333333,9
Nancy Gallagher,3.4398625429553262,291
Nancy Gans,3.632894736842105,76
Nancy Lineman,3.134848484848485,396
Nancy Mirabal,3.568725868725869,259
Nancy Naranjo Garcia,3.153968253968254,63
Nancy Roderer,3.5448598130841122,107
Nancy Smith,3.6741056218057917,587
Nancy Solomon,3.6739130434782608,161
Nancy Stewart,3.607476635514019,107
Nancy Struna,3.742857142857143,35
Nancy Truong,3.9456521739130435,46
Nancy Tseng,3.9454545454545453,11
Nancy Vera,3.211344537815126,238
Nandi Carson,3.756321839080459,87
Nandikoor Bhat,3.6522727272727273,132
Naoko Aoki,3.680357142857143,56
Naomi Feldman,3.417768595041322,242
Naomi Parker,3.8507462686567164,67
Naomi Sachs,3.7125827814569536,151
Nardos Ghebreab,3.8,44
Narendra Ratnapala,3.222446808510638,940
Narjol Gonzalez-Escalona,3.5700000000000003,10
Nasim DarouieHaghighi,3.456730769230769,104
Nasreen Abbas,0.0,44
Nat Baldino,3.7125000000000004,72
Natalia Guzman,3.9130434782608696,92
Natalia Roldan Henao,3.7989130434782608,92
Natalia Tchetcherina,3.105593607305936,1752
Natalia White,3.130605926581159,2261
Natalie Brady,3.4800000000000004,10
Natalie Ferdinand,3.682159624413145,213
Natalie Gaudette,3.5400000000000005,20
Natalie Maiden,3.7982456140350878,57
Natalie McGartland,3.8549999999999995,40
Natalie Ram,3.62,25
Natalie Slopen,3.568550873586845,973
Natalie Smith,3.713235294117647,68
Natalie Sullivan,3.7441176470588236,136
Natalie Taylor,3.7684210526315796,285
Natalie Upshaw,0.0,8
Natalie Vinski,3.967741935483871,31
Natalie Vinski Ibrahim,3.886526946107784,334
Natalie Ylizarde,3.85,30
Nataliya Pratsovyta,3.6387323943661976,284
Natalya Khimich,3.8755102040816323,98
Natasha Andrade,2.9738696808510645,1504
Natasha Cabrera,3.6704647676161914,667
Natasha Chapman,3.6905882352941175,340
Natasha Criss,3.858558558558558,111
Natasha Mitchell,3.8666666666666667,150
Natasha Munshi,3.453623188405797,138
Natasha Stollmack,3.85,4
Natasha Williams,3.631716417910448,268
Nate Burke,3.71,10
Nathalie Gonzalez,2.7666666666666666,30
Nathalie Steinhauer,3.622857142857143,35
Nathan Andary,3.4894736842105263,38
Nathan Barrymore,3.3499999999999996,58
Nathan Brantley,3.2649999999999997,20
Nathan Bunch,3.8249999999999997,24
Nathan Dietz,3.388709677419355,62
Nathan Dize,3.1484615384615386,130
Nathan Dykas,2.82962962962963,27
Nathan Fox,3.7775,40
Nathan Hultman,3.724137931034483,493
Nathan Jessen,3.4741379310344827,58
Nathan Jurgenson,2.8444444444444446,189
Nathan Kraft,3.0048648648648646,185
Nathan Lofton,3.8297619047619045,84
Nathan Manning,2.37858988556663,2709
Nathan Petek,3.5,8
Nathan Putnam,3.9515151515151516,66
Nathan Schine,3.5571428571428574,21
Nathan Swenson,2.9861979166666663,384
Nathan Tillman,3.8,225
Nathan Wilson,3.6500000000000004,18
Nathanial Gailey-Schiltz,3.125,20
Nathaniel Higgins,3.4454545454545458,22
Nathaniel Kaine,3.9335025380710658,197
Nathaniel Monson,3.0666666666666664,48
Nathaniel Stevens,3.9323232323232324,99
Nathaniel Stoltz,3.2053333333333334,150
Nathaniel Tablante,3.9519083969465654,262
Nathaniel Underland,2.7542435424354244,271
Natnaree Suwanpotipra,3.814018691588785,107
Naveen Sarna,2.8657761154154424,7486
Navid Bazargan,3.855555555555556,9
Nayoung Jo,3.5046874999999997,192
Naz Beyranvand,3.9232558139534883,86
Nazanine Beyranvand,3.9948979591836733,196
Nazish Salahuddin,3.428286742319403,3613
Neal Graham,3.759722222222222,72
Neal McKinney,3.836842105263158,38
Neal Miller,3.792893401015229,197
Neal Ziring,3.992682926829268,41
Nebahat Erturk,2.8751879699248124,133
Neda Atanasoski,,0
Neel Ahuja,3.3951310861423223,267
Negar Ashtari Abay,3.9,23
Negar Heidarian Boroujeni,3.2341298030351955,3097
Negin Fouladi,3.902094717668488,1098
Neha Kamran,3.81778350515464,388
Neha Singhal,3.2293103448275864,58
Neha Trivedi,2.786956521739131,115
Nehemiah Emaikwu,3.697058823529412,34
Neil Blough,2.9907630522088353,747
Neil Dhingra,3.781818181818182,143
Neil Fraistat,3.6739130434782608,23
Neil Goldsman,3.3845323741007194,1112
Neil Lund,3.6590909090909087,396
Neil Schulman,3.6317744154057774,727
Neil Sehgal,3.7444207154297913,1873
Neil Spring,2.902131438721137,563
Nejm Benessaiah,3.1473684210526316,19
Nekabari Sigalo,3.5671232876712335,584
Nelida Devesa-Gomez,3.057971014492754,138
Nelly Stromquist,3.838345864661654,133
Nelson Bennett,3.325714285714286,35
Nelson Gibson,3.2133333333333334,15
Nelson Padua-Perez,3.1085249523044487,9959
Nelson Pressley,3.771707317073171,205
Neruh Ramirez,3.8200000000000003,20
Neslihan Uler,3.2608163265306116,245
Nesrin Ozturk,3.825490196078431,51
Nesrine Basheer,3.005,20
Nestor Tiglao,3.7076923076923074,39
Neta Moye,3.6488286969253294,1366
Nevine El-leithy,3.863013698630137,219
Nia Crawford,3.110881542699725,726
Niambi Carter,3.67396449704142,169
Nicholas Brazones,3.0844444444444434,45
Nicholas Bujak,3.217777777777778,90
Nicholas Diakopoulos,3.5,56
Nicholas Finio,3.782758620689655,29
Nicholas Fletcher,3.3455328798185944,2205
Nicholas Hoffman,3.5654135338345863,133
Nicholas Horan,3.797916666666667,48
Nicholas Joyce,2.5293666026871406,521
Nicholas Lambert,2.4693750000000003,160
Nicholas Laskowski,3.5384615384615383,13
Nicholas Misukanis,3.4857142857142858,21
Nicholas Montgomery,2.907049965776865,1461
Nicholas Morandi,3.011111111111111,9
Nicholas Nidzieko,4.0,5
Nicholas Olcott,4.0,127
Nicholas Pagnucco,2.922881355932203,118
Nicholas Proferes,3.936842105263158,57
Nicholas Ray,3.9692307692307693,39
Nicholas Richardson,3.849999999999999,34
Nicholas Roussopoulos,2.5375,520
Nicholas Schlosser,2.951724137931034,29
Nicholas Schmerr,3.373913043478261,598
Nicholas Seybert,3.546908315565032,938
Nicholas Slaughter,2.978787878787879,99
Nicholas Tochka,3.372025723472669,622
Nicholas Vassar,4.0,33
Nicholas Wagman,3.681481481481481,216
Nicholas Zemil,3.3655737704918036,61
Nick Egelanian,3.4943661971830986,71
Nick Feamster,2.5268518518518523,108
Nick Huang,3.2399999999999998,10
Nick Joyce,2.9396462018730496,961
Nick Montgomery,3.132103321033211,271
Nick Pandza,3.8714285714285714,7
Nick Petroni,3.105769230769231,52
Nick Seybert,3.742298288508558,409
Nick Wagman,3.972950819672131,122
Nicki Kern,2.5780000000000003,150
Nickolas Zimmermann,3.3229729729729733,74
Nicol Lee,3.3161290322580643,62
Nicolas Vasquez,3.8404109589041098,146
Nicole Abera,3.8173076923076925,104
Nicole Coomber,3.7395607107601183,4052
Nicole Cousin-Gossett,3.356194690265486,226
Nicole Cuffy,3.7685393258426974,890
Nicole DeLoatch,3.325648414985591,694
Nicole Deziel,3.595180722891566,83
Nicole Finkbeiner,3.3779411764705882,68
Nicole Frisch,2.9,46
Nicole Gosnell,3.7911764705882356,34
Nicole Hirschfelder,3.7750000000000004,84
Nicole Hollywood,3.9904761904761905,105
Nicole Horvath,3.9802469135802467,81
Nicole Jackson,3.6152219873150107,473
Nicole LaRonde,3.1130492676431434,751
Nicole Long,3.7733333333333334,15
Nicole Lorenzo,3.8476190476190473,63
Nicole Mahoney,3.185,20
Nicole McClam,3.816574585635359,181
Nicole Mehta,3.7657407407407413,324
Nicole Mogul,3.817274678111588,2796
Nicole Munchel,3.4850000000000003,20
Nicole Nguyen,3.8091787439613523,414
Nicole Powlison,3.6213894736842103,2375
Nicole Roberts,3.51764705882353,17
Nicole Romeiser,3.298232558139534,1075
Nicole Roop,4.0,38
Nicolette Polek,3.3068965517241375,145
Nidak Sumrean,3.506959706959707,273
Nidhi Rawat,3.367934782608695,184
Nidhi Verma,3.546320346320346,231
Nidia Reyes,3.206341463414634,205
Nihal Celik,2.9788732394366195,142
Nii O Attoh-okine,3.894444444444444,18
Nika Jurov,3.9625,8
Nikhil Chopra,3.1286723163841805,708
Niki Vazou,2.981102362204725,127
Nikita Arun,3.9680751173708924,213
Nikita Kimani,4.0,5
Nikki Ham,3.8736842105263154,19
Niklas Elmqvist,3.817596566523606,466
Nikolaos Liaros,3.511764705882353,17
Nikolas Francis,3.893478260869565,92
Nil Satana,3.2605263157894737,38
Nile Webb,3.379601990049751,201
Niloufar Etemad Sarabi,3.546969696969697,66
Nils Tilton,2.8928571428571432,28
Nima Asadi,3.4836734693877554,49
Nima Farshchi,3.769325153374233,163
Nina Harris,3.7068273092369477,498
Nina Hsu,3.826666666666667,15
Nina Latassa,3.5692022263450833,539
Nina Liakos,0.0,20
Nina Maggio,3.8275071633237823,349
Nina Sirola,3.772592592592593,135
Ning Xie,3.349218750000001,384
Ning Zeng,3.234146341463415,287
Niranjan Ramachandran,3.4367788461538455,832
Niranjana Krishnan,3.3115151515151515,165
Niratcha Tungtisanont,3.177535101404056,641
Nirupam Roy,3.2894329896907215,388
Nishanth Sunny,3.072234273318872,461
Nitin Sanket,3.8449999999999998,120
Niwaer Ai,2.6540441176470586,544
Nizar Bechara,3.685,60
Nma Obike,3.4083538083538083,407
Nneka Ifeoma Ofulue,2.765853658536585,205
Noa Balf,3.48125,80
Noa Saunders,2.9823076923076925,130
Noah Blum,3.6206896551724137,58
Noah Collins,3.9833333333333334,18
Noah Drezner,3.7616000000000005,125
Noah Fabricant,3.1,58
Noah Gibson,3.734228187919463,149
Noah Henry-Darwish,3.391666666666667,12
Noah Jacobs,3.957534246575343,146
Noah Mastruserio,4.0,7
Noah McWilliams,3.7261904761904763,42
Noah Owens,3.975,12
Noah Ryder,3.417034700315457,317
Noel Kuriakos,3.8288248337028827,451
Noelia Mantilla,3.6714285714285717,21
Nof Abu Zainab,3.7348837209302324,43
Nohely Alvarez,3.8421052631578947,19
Nolan Pope,3.5066985645933015,209
Nora Heist,3.7771929824561408,57
Nora Murphy,3.290714285714286,280
Norbert Hornstein,3.452857142857143,70
Norbert Linke,3.607594936708861,79
Norma Allewell,2.8011713030746708,683
Norma Andrews,3.5933333333333337,435
Norman Eisenberg,3.7814516129032256,124
Norman Epstein,3.640589569160998,441
Norman Gonzalez,3.3087155963302752,218
Norman Mora Quintero,2.526744186046512,86
Norman Wereley,3.713846153846154,2015
Norrell Edwards,3.2996047430830036,253
Nuno Limao,2.814229249011858,253
Nuno Martins,3.154861111111111,432
Nur Karatas,3.579166666666667,24
Oded Rabin,3.2581818181818183,550
Odis Johnson,3.1234375,128
Ofelia Montelongo Valencia,3.553915662650602,332
Oghenetega Oghenechovwen,3.6874999999999996,16
Oguz Gencay,3.8177966101694913,118
Okachi Kpalukwu,3.5,55
Oleksiy Ulitin,3.8882352941176466,17
Olesya Grishchenko,3.424074074074074,54
Olga Fetisova-Canas,2.872340425531915,94
Olga Haldey,3.4352220520673815,653
Olga Morozova,3.416091954022989,87
Olga Rozman,3.8142857142857145,14
Olga Stakhovskaya,3.9125,8
Olga Walker,3.5946543778801847,1085
Olive Reid,3.8354430379746836,79
Oliver Brearey,3.3333333333333335,153
Oliver Gaycken,3.396423017107309,1286
Oliver Hao,3.434188034188034,117
Oliver Kim,3.1462591240875915,1096
Oliver Rourke,3.088461538461538,52
Oliver Schlake,3.5680846605196987,4772
Olivia Carter-Pokras,3.629368932038835,412
Olivia Kachingwe,3.663414634146341,123
Olivia Mays,3.9551724137931035,29
Olivia Murphy,3.891044776119403,67
Olivia Rosenburg,3.7923076923076917,78
Olivia Saracho,3.9626062322946174,706
Olivia Truban,3.767156862745098,204
Olivier Bauchau,3.16331096196868,447
Ollie Jefferson,3.5859813084112147,107
Oludolapo Demuren,3.8494949494949497,99
Olufunlola Koiki,3.779545454545454,220
Olumide Akinsade,3.3222222222222224,18
Olusesan Iwarere,3.3307692307692305,13
Olya Rachtchinine,3.5258064516129037,31
Omar Agha,3.409090909090909,11
Omar Eaton,3.5627906976744184,43
Omar Elwakil,3.6721311475409837,122
Omar Hakeem,3.5718750000000004,32
Omar Robles,3.5217391304347827,23
Omar Samad,3.605555555555556,18
Omer Preminger,3.3459183673469393,98
Omi Hodwitz,3.059154929577465,71
Omkar Joshi,3.204166666666667,24
Ondrej Juhasz,3.8000000000000003,16
Onur Tosun,3.6222222222222222,27
Onyemaechi Nweke,3.8761904761904766,21
Orly Buchbinder,3.816666666666667,30
Orrin Wang,3.093001841620626,543
Oscar Barbarin,2.7904109589041095,73
Oscar Greenberg,3.77109375,128
Oscar Mitnik,3.46875,16
Oscar Santos Sopena,3.43265306122449,49
Osnat Herzberg,3.6417910447761193,67
Osvaldo Gutierrez,3.2936018957345974,422
Otis Gaddis,3.5944444444444446,18
Otis Ramsey-Zoe,3.96,25
Ottawa Sanders,3.2653333333333334,75
Owen Parkins,3.7777777777777777,18
Oya Altinkilic,3.4944444444444445,324
Ozlem Tonguc,3.1032258064516127,62
P Kshetry,3.663874345549738,764
PJ Rey,3.3512605042016803,119
Pablo D'Erasmo,2.6896103896103893,77
Pablo Ottonello,4.0,4
Pablo Paredes,3.91,10
Pablo Slutzky,3.580701754385965,741
Padric Mylod,3.702597402597403,154
Paige Hathaway,3.320930232558139,43
Paige Smith,3.9115805946791857,639
Pallassana Kannan,3.6137692307692313,1300
Pallavi Guha,2.906896551724138,87
Pallavi Tyagi,3.782456140350877,57
Pam Splaine,3.8661016949152542,59
Pamela Abshire,3.5263591433278427,607
Pamela Armstrong,3.801212471131639,1732
Pamela Callahan,3.8455696202531646,79
Pamela Clark,3.39672131147541,61
Pamela Duffy,3.690712545676005,3284
Pamela Gerhardt,3.6657069737683945,1563
Pamela Grant,3.1049999999999995,680
Pamela Jakiela,3.1417647058823532,340
Pamela Lebeaux,3.9181818181818184,11
Pamela Orel,3.7423632935260844,1591
Pamela Scott,3.7209459459459464,148
Pamela Segal,3.812844036697248,109
Pamela Shetley,3.9956521739130433,69
Pamela Wruble,3.8649999999999998,20
Panagiotis Dimitrakopoulos,3.3750877192982456,855
Paola Hernandez,3.7399999999999998,5
Paolo Santorio,3.022459893048128,374
Parisa Meisami,3.453030303030303,66
Parker Kleb,3.6411764705882357,17
Partha Lahiri,3.511602209944752,181
Partha Sengupta,3.2674698795180723,83
Parthasarathi Lahiri,3.5888888888888886,9
Patrice Kehoe,3.575657894736842,304
Patricia Akinbola,3.2325,120
Patricia Alexander,3.6644970414201183,1521
Patricia Barros,3.7563432835820896,268
Patricia Barros Gomes,3.8461538461538463,13
Patricia Bory,3.807820299500832,601
Patricia Campbell,3.9060606060606062,33
Patricia Cleveland,3.6223255813953488,860
Patricia Collins,3.5580645161290323,124
Patricia Fanflik,3.108585858585859,396
Patricia Garcia,3.8,8
Patricia Glibert,3.516666666666667,6
Patricia Greenspan,3.1505865102639294,682
Patricia Jamison,4.0,17
Patricia Kewer,3.5701492537313433,134
Patricia Oliva Pavon,2.817391304347826,92
Patricia Ortega-Miranda,2.786363636363636,22
Patricia Richardson,3.864705882352941,34
Patricia Shields,3.042646254784035,3658
Patricia Smith,3.8260869565217392,23
Patricia Spangler,,0
Patricia Stocker,3.975,12
Patricia Ulf,3.8253424657534256,146
Patricia Vergara,3.4400000000000004,20
Patrick Benson,3.7600000000000002,10
Patrick Boyle,2.7714285714285714,14
Patrick Bray,3.7520000000000007,25
Patrick Brosnan,2.7653323262839877,1324
Patrick Cashin,3.7624999999999997,24
Patrick Caton,3.525268817204301,186
Patrick Chung,3.3471512770137526,509
Patrick Craig,3.514006024096385,664
Patrick Crowley,3.784057971014493,138
Patrick Daniels,2.1848484848484846,33
Patrick Diamond,3.9000000000000004,9
Patrick Fitzpatrick,3.030025773195876,776
Patrick Kangas,3.2965811965811964,468
Patrick Kanold,3.227683615819209,531
Patrick Killion,3.9139130434782614,230
Patrick McAvoy,3.0735181644359466,2092
Patrick McCluskey,3.278725314183124,1114
Patrick McGowan,3.4000000000000004,26
Patrick McGurrin,3.980555555555556,72
Patrick McNamee,3.716643356643356,715
Patrick Meyers,2.551612903225806,31
Patrick Nelson,3.689686098654709,446
Patrick O'Brien,3.84,50
Patrick O'Shea,3.388387096774194,155
Patrick Richard,3.7214285714285715,14
Patrick Rivera,3.4117647058823533,17
Patrick Stack,3.658988764044944,178
Patrick Thornton,3.572857142857143,70
Patrick Warfield,3.45977358490566,1325
Patrick Wohlfarth,2.9447194719471947,1818
Patrik Widrig,3.830947368421053,475
Patrina Clark,3.7022857142857135,175
Patty Perillo,4.0,19
Paul Albertus,3.0924050632911393,158
Paul Anderson,3.1659163987138266,311
Paul Bailey,3.3857142857142857,35
Paul Bellis,3.981506849315068,146
Paul Bottino,3.9095238095238094,84
Paul Brown,3.6411764705882357,34
Paul Cote,3.5923692307692305,1625
Paul Covey,3.819191919191919,198
Paul Dean,2.60625,80
Paul Deziel,3.5,8
Paul Gessler,3.5772727272727276,22
Paul Gibson,3.228571428571428,56
Paul Goeringer,3.620779220779221,154
Paul Gold,3.9703703703703703,432
Paul Hanges,3.635074626865671,402
Paul Haynos,3.180993520518359,463
Paul Herrnson,3.7470588235294118,17
Paul Hutchison,3.5250000000000004,24
Paul Huth,3.7566666666666664,120
Paul Jackson,3.9055555555555554,72
Paul Jacobs,3.7779141104294482,163
Paul Jaeger,3.9431775700934577,535
Paul Jaffe,3.6973684210526314,38
Paul Jung,3.68,25
Paul Kelly,4.0,27
Paul Kline,3.1406451612903226,620
Paul Koprowski,2.5539473684210527,228
Paul Landau,3.1928315412186374,837
Paul Leisnham,3.5951388888888887,432
Paul Levy,3.717391304347826,46
Paul Livelli,3.6,22
Paul Manuel,3.7733333333333334,75
Paul Maykish,3.1789473684210527,19
Paul Mortensen,3.211864406779661,59
Paul Paukstelis,2.988798701298701,1848
Paul Pietroski,2.933333333333333,237
Paul Robinson,3.444,25
Paul Rodrigues,3.6311111111111107,45
Paul Romani,3.6298969072164953,194
Paul Saiedi,3.6269230769230765,78
Paul Scham,3.3238227146814405,722
Paul Schonfeld,3.39390402075227,771
Paul Shackel,3.426277372262774,137
Paul Shapiro,3.573159458567184,3029
Paul Silverman,3.539855072463768,276
Paul Smith,3.4904347826086957,230
Paul Soto,3.7665562913907293,302
Paul Torrens,3.3719101123595503,534
Paul Turner,3.681226053639847,261
Paul Watrobski,3.516666666666667,6
Paul Wester,3.9342105263157894,76
Paul Zimmerman,3.373529411764706,34
Paula Beckman,3.898591549295775,284
Paula Hentz,3.7399999999999998,5
Paula Karamihas,,0
Paula Maccini,3.91875,32
Paula Nadler,3.457727272727272,1100
Paula Nasta,3.7883838383838384,198
Paula Schauer,3.68974358974359,39
Paula Shrewsbury,3.4518248175182484,137
Paulina Lyskawa,3.597297297297297,37
Paulina Perez Mejias,3.88,5
Paulo Bedaque,3.2014435695538057,762
Paulo Prochno,3.6221818181818186,4950
Payman Vafaee,3.6,95
Payne Hiraldo,3.3333333333333335,12
Pedram Fard,3.628205128205128,195
Pedram Sadeghian,2.7227841315225163,5596
Pedro Bueno,2.681182795698925,1116
Pedro Camargo De Alb Sanchez,3.178260869565217,23
Peggy Wilson,3.849070631970261,269
Pei-Hsiu Yeh,3.3979166666666667,48
Pei-Jie Chen,3.8196078431372547,51
Peng Huang,3.556974459724951,1018
Peng Wang,3.524626865671642,268
Penny Fuchs,3.139130434782609,23
Pepper Phillips,3.763636363636364,11
Periloux Peay,3.6282051282051273,39
Perinkulam Krishnaprasad,3.4382812499999997,256
Perla Blejer,3.8209302325581396,215
Perla Guerrero,3.3030927835051545,873
Perrin Lathrop,2.545454545454545,11
Perry Sandler,3.266666666666667,132
Perry Threlfall,2.885714285714286,546
Peter Afflerbach,3.9495391705069127,434
Peter Andrews,4.0,6
Peter Baggetta,3.3723127035830616,307
Peter Beicken,3.580281690140845,355
Peter Bernard,3.2976293103448273,464
Peter Carruthers,3.3283836416747814,2054
Peter Chang,2.6648564294631707,1602
Peter Chung,3.040681818181819,880
Peter Coughlin,2.9285575992255564,3099
Peter Cramton,2.910165975103734,482
Peter Cullen,3.7395833333333335,480
Peter DeCrescenzo,3.775,28
Peter Dillery,2.9180602006688967,299
Peter Dixon,3.7200000000000006,70
Peter Druschel,,0
Peter Fitzgibbons,3.8658536585365852,41
Peter Ford,3.403529411764706,85
Peter Germanis,3.5580645161290323,62
Peter Glanville,3.411742424242424,264
Peter Goldsmith,2.8750000000000004,32
Peter Grybauskas,3.37138830162086,1419
Peter Hobart,3.2700000000000005,20
Peter Hoefer,3.128205128205128,39
Peter Keleher,2.864768921634293,1493
Peter Kofinas,3.5528875379939207,658
Peter Kropp,2.61764705882353,119
Peter Leibold,3.711111111111111,18
Peter Leone,3.6354556803995006,801
Peter Levine,3.7,20
Peter Libero,2.518965517241379,58
Peter Losin,3.7789473684210524,19
Peter Mallios,3.4991228070175437,1026
Peter May,3.477070063694267,471
Peter McPhun,3.585245901639344,305
Peter Miller,3.925,8
Peter Moon,3.9,16
Peter Morici,3.41875,800
Peter Muntean,3.627272727272727,22
Peter Murrell,2.899517574086837,1451
Peter Nandori,2.85047619047619,630
Peter Nemes,3.1832191780821915,292
Peter Noonan,3.5008230452674893,243
Peter Osorio,3.178125,64
Peter Pattengill,3.772727272727273,33
Peter Rankel,3.7225225225225222,111
Peter Reuter,3.6792982456140355,285
Peter Rivenberg,3.331578947368421,19
Peter Rouleau,3.4925000000000006,40
Peter Sandborn,3.079936808846762,1266
Peter Shapiro,3.97,10
Peter Shawhan,2.9202543142597643,1101
Peter Steiner,3.8987804878048786,164
Peter Sunderland,3.4158510638297868,940
Peter Teuben,3.6,10
Peter Weinberger,3.984,75
Peter Weiss,3.558254716981132,424
Peter Wien,3.1966824644549763,422
Peter Witte,3.620323325635104,866
Peter Ziniel,3.0453333333333332,75
Petr Potapov,3.2905349794238683,243
Petr Svec,3.8550000000000004,20
Petra Galuscakova,3.563636363636364,66
Petra Hurtado,3.475,12
Petra Volkhausen,3.0486842105263157,76
Peyton Ferrier,2.755555555555556,27
Philip Brenner,3.6933333333333334,15
Philip Bryan,3.5,10
Philip Burke,3.845108695652174,184
Philip Candela,3.298148148148148,108
Philip Cohen,3.354421052631579,950
Philip DeShong,2.5208456243854473,1017
Philip Evers,3.4496598639455778,1617
Philip Hale,3.9869565217391307,23
Philip Johnson,3.56969696969697,561
Philip Joyce,3.5573839662447257,948
Philip Mackowiak,3.8693548387096772,62
Philip Nash,3.940944881889764,254
Philip Piccoli,3.1402298850574706,87
Philip Piety,3.3144874155923882,1629
Philip Resnik,3.6198312236286925,237
Philip Soergel,3.537984496124031,129
Philip Wertheimer,2.7351851851851854,108
Phillip Cho,3.6384615384615384,52
Phillip Moses,3.4885691446842526,1251
Phillip Schewe,3.7722222222222226,18
Phillip Sprangle,3.389003436426117,291
Phillip Stratton,3.6871794871794874,39
Phillip Swagel,3.4735449735449735,567
Phillip Thompkins,3.6594936708860764,79
Phoebe Gaston,3.5285714285714285,7
Phoebe Hamilton,2.8625,16
Phuong Hoang,3.3171232876712335,146
Pierre De Leo,3.165333333333333,150
Pierre-Emmanuel Jabin,3.47381974248927,233
Ping Mclemore,3.5725352112676063,142
Ping Wang,3.632007233273056,553
Ping-Kuei Chen,3.38,40
Ping-Tong Ho,2.8323076923076926,65
Pino Martin,3.1879310344827587,406
Piotr H Kosicki,3.3266435986159166,578
Piotr Swistak,2.8774498229043686,847
Piya Pal,3.5587719298245615,114
Pnina Peri,3.685365853658537,328
Po-Hsien Chu,3.4918918918918918,37
Po-Yen Chen,3.396370967741935,248
Polina Pleshak,3.0928571428571425,28
Politimi Karamihas,,0
Polly Sebastian Schurer,3.902803738317757,107
Polyvia Parara,3.585,480
Porter Olsen,3.5834437086092716,604
Portia Buchongo,3.640909090909091,44
Portia Strahan,3.192857142857143,28
Powell Draper,3.3128260869565214,460
Prabahkar Tamboli,3.5885057471264368,174
Prabal Adhikari,3.591891891891892,37
Prakash Loungani,3.5818181818181816,11
Prakash Narayan,3.0876068376068373,468
Pramod Govindan,3.4678362573099415,171
Pratap Tokekar,3.6493023255813957,430
Pratima Hebbar,2.1555555555555554,54
Pratima Kshetry,3.8819672131147542,61
Pratyush Tiwary,3.427884615384615,416
Prem Saggar,3.963398692810457,153
Preston Tobery,4.0,21
Priscila Alves,3.431578947368421,19
Priscila Chaverri,3.077083333333334,96
Priscilla Novak,3.8733870967741932,372
Priya Bansal,3.388888888888889,27
Priyanka Ranade,3.972941176470588,85
Progyan Basu,2.7629902951880307,9892
Protiti Dastidar,3.43064182194617,2415
Psyche Williams-Forson,3.7242105263157894,95
Purdom Lindblad,3.988888888888889,27
Qiang Li,3.355172413793104,58
Qiaoling Wei,3.014035087719298,57
Qihui Chen,3.2499999999999996,62
Qin Wang,3.665241057542769,1286
Qing Zhao,3.4542553191489365,94
Qingbin Cui,3.2009920634920634,1512
Qinqing Zhang,3.4000000000000004,34
Quan Bui,1.3545454545454545,11
Quddus Snyder,3.6369426751592355,157
Quentin Gaudry,3.2451901565995525,447
Quincy Mills,3.271186440677966,118
Quinn Dizon,3.4281249999999996,32
Quinn Harr,3.094964028776978,139
Quinn McCracken,3.407947019867549,151
Quira Zeidan,3.9196652719665277,239
Quirino Balzano,3.375,8
Quynh Nguyen,3.860204081632653,98
R Apter,3.567822580645162,2480
R Kelly,2.570138888888889,288
R. Fosler,3.6999999999999997,12
Rabia Brown,3.7690909090909095,55
Rabiah Muhammad,3.483636363636363,110
Rabiatu Barrie,3.5226190476190475,84
Rabindra Mohapatra,2.8516055045871562,2180
Rachael Bradley,3.891666666666667,24
Rachael Bradley-Montgomery,3.6782278481012654,395
Rachael Caruso,3.105714285714286,35
Rachael Marr,,0
Racheal Slattery,3.760273972602739,73
Rachel Berndtson,3.616864111498257,1435
Rachel Box,3.2378048780487814,82
Rachel Carstens,3.0862745098039217,153
Rachel Caspar,3.6882352941176473,17
Rachel Chang,3.7186440677966104,59
Rachel Cote,3.0611111111111113,18
Rachel Cotton,3.835555555555556,270
Rachel Crane,3.738888888888889,72
Rachel DiDonna,3.9157894736842107,19
Rachel Dudley,3.3166666666666664,6
Rachel Ellis,3.6553145336225596,461
Rachel Elrom,2.624719101123595,89
Rachel Feingold,3.53125,160
Rachel Gammons,3.8240384615384615,104
Rachel Ghosh,3.461066666666667,375
Rachel Goldstein,3.8714285714285714,91
Rachel Haber,3.5913419913419915,231
Rachel Henderson,3.8510204081632655,98
Rachel Hess,3.6315789473684212,19
Rachel Jablon,3.097826086956522,46
Rachel Jawin,3.2028571428571433,35
Rachel Korr,,0
Rachel Lamb,3.1899224806201554,129
Rachel Loock,3.5982758620689657,58
Rachel Manekin,3.410045662100456,438
Rachel Manthe,3.6333333333333337,9
Rachel Margulies,3.5631578947368423,19
Rachel Marks,3.3454545454545457,66
Rachel Mullervy,3.239130434782609,115
Rachel Penman,2.8874458874458875,231
Rachel Pinker,3.398149951314508,1027
Rachel Raphael,3.2833333333333337,12
Rachel Romeo,3.7912,125
Rachel Rudinger,3.4806569343065696,274
Rachel Schine,3.4977011494252874,174
Rachel Scully,3.8093137254901968,204
Rachel Singpurwalla,3.206734693877551,980
Rachel Stroup,3.2,19
Rachel Thompson,3.921875,32
Rachel Vandaalen,3.5835371589840075,1063
Rachel Venaglia,2.9416666666666664,48
Rachel Walker,2.7028571428571433,35
Rachel Waugh,3.678826237054085,869
Rachel Yang,3.841721854304635,151
Rachelle Beasley,3.7599999999999993,10
Rachelle Sampson,3.294276629570747,1258
Rachit Kamdar,3.606666666666667,90
Rada Dagher,3.6918367346938776,49
Radford Skudrna,3.3390013495276656,1482
Radu Balan,3.061722488038278,418
Radu Lazar,2.812685841322773,7197
Rafael Barreto de Andrade,3.957142857142857,21
Rafael Corredoira,3.3228668941979524,293
Rafael Dix Carneiro,2.7716981132075467,106
Rafael Lopez-Monti,3.605555555555556,18
Rafael Lorente,3.3268292682926823,41
Rafael Olarte Valdivieso,3.3693548387096777,62
Raffaele Perrotta,2.6161616161616164,99
Raffaele Viglianti,3.5090909090909093,11
Raffi Balian,3.4782608695652173,23
Rafique Anderson,3.789130434782609,46
Raghu Murtugudde,3.0104294478527605,163
Raghu Raghavan,3.462080536912752,298
Raghuveer Rao,2.6905172413793106,116
Rahel Worku,3.0815789473684214,38
Rahma Haji,3.8114551083591337,323
Raimonda Nuredini,3.626666666666667,45
Raino Isto,3.5632911392405062,79
Raj Barr-Kumar,3.561904761904762,63
Rajan Parikh,3.9188888888888886,90
Rajanique Modeste,3.964814814814815,54
Rajarshi Roy,3.1738970588235293,544
Rajat Srivastava,3.5149999999999997,40
Rajeev Barua,3.3614250614250607,814
Rajeev Bhattacharya,3.4499999999999997,98
Rajshree Agarwal,3.8518518518518516,108
Rajshree Tronetti,3.8892857142857147,56
Rakesh Resalayyan,3.827272727272727,132
Rakia Khalid,2.8945454545454545,110
Raleigh Hood,3.6258426966292134,89
Raleigh Joyner,3.1534246575342464,73
Raley Roberts,2.3306451612903225,62
Ralph Bauer,2.9701219512195123,328
Ralph Bennett,3.2521878335112056,1874
Ralph Dubayah,3.20858310626703,734
Ralph Getzandanner,3.8840579710144927,69
Ralph Gibbs,3.8835443037974686,79
Raluca Rosca,2.4833241908941304,5469
Ram Viswanathan,3.8791666666666664,48
Ramakrishna Sharan Mamidipudi,3.4379345603271987,978
Ramalingam Chellappa,3.7410256410256406,897
Raman Sundrum,3.2659898477157365,197
Ramani Duraiswami,3.1663235294117644,680
Rami Kishek,3.814285714285714,7
Ramiro Caces Barbosa,2.9846153846153847,39
Ramon Braza,2.9507352941176466,136
Ramon Escobar,3.430434782608696,23
Ramon Lopez,3.167692307692308,65
Ramsey Jabaji,3.8420765027322408,366
Ran Cui,2.311111111111111,45
Ran Ji,2.5938547486033516,179
Ran Ma,3.6478494623655915,186
Rance Cleaveland,3.021476510067114,149
Randall Fowler,3.604385964912281,342
Randall Kania,3.890625,64
Randall McDermott,3.1666666666666665,27
Randall Phyall,3.7913043478260873,69
Randi Albertsen,3.5818181818181816,22
Randolph Sibold,3.5517857142857143,56
Randy Chugh,3.3058823529411767,17
Randy Ontiveros,3.7370473537604463,1436
Ranga Atapattu,3.7431818181818177,44
Raphael Mazzone,3.642662116040957,1172
Raphael Nishimura,3.388659793814433,97
Raquelle Contreras,3.6714285714285713,14
Rashanta Bledman,3.5895833333333336,48
Rashawn Ray,3.123504867872045,1438
Rashi Jain,3.9045454545454548,22
Rashin Kheiriyeh,3.8784810126582276,79
Ratna Kolli,3.145390070921986,141
Ratnesh Tiwari,3.7125,160
Raul Cruz-Cano,3.6235997482693514,1589
Raveesh Mayya,3.5657894736842106,76
Ravenna Komar,3.31937984496124,129
Ravi Pandey,3.9823529411764707,34
Rawn Boulden,3.9565217391304346,46
Ray Barker,3.8988372093023256,86
Ray Sedwick,3.2696458684654304,593
Raye Leith,3.6013333333333337,75
Raymond Adomaitis,3.4946524064171123,748
Raymond Barber,3.5274509803921568,102
Raymond Fermo,2.745121951219512,164
Raymond Guiteras,3.0882629107981217,213
Raymond H Tu,3.7967370441458734,521
Raymond McCaffrey,3.117557251908397,131
Raymond Miller,3.85625,16
Raymond Morgan,4.0,17
Raymond Nardella,4.0,60
Raymond Paquette,3.8085714285714287,35
Raymond Paternoster,3.3006896551724134,580
Raymond Phaneuf,3.5289772727272726,880
Raymond Ranker,3.7844444444444445,45
Raymond Schram,3.2069364161849707,519
Raymond Sedwick,3.1276061776061774,1036
Raymond Smith,0.0,42
Raymond StLeger,3.137319884726225,1388
Raymond Weil,2.9271186440677965,1770
Raymond Williams,3.739622641509434,53
Razvan Vlaicu,3.1153846153846154,234
Rebeca Moreno-Orama,3.5309523809523804,42
Rebecca Alt,3.2915167095115683,389
Rebecca Baron,3.8388888888888886,36
Rebecca Basch,3.465714285714286,35
Rebecca Bellinger,3.8866666666666663,15
Rebecca Bieber,3.408510638297872,47
Rebecca Bitzer,3.972,25
Rebecca Black,2.851587301587302,126
Rebecca Butcher,3.725,24
Rebecca Caro,4.0,17
Rebecca Colangelo,3.957142857142857,7
Rebecca Delapp,3.205263157894737,19
Rebecca Epanchin-Niell,3.4424242424242424,66
Rebecca Follman,3.329787234042554,47
Rebecca Foss,4.0,31
Rebecca Gourevitch,3.74,25
Rebecca Hamilton,3.567293233082707,266
Rebecca Hann,3.369120399251404,1603
Rebecca Henry,3.810344827586207,58
Rebecca Hessong Grove,3.6999999999999997,41
Rebecca Hill,3.9245454545454543,110
Rebecca Holden,3.3331753554502366,1055
Rebecca Janney,3.7666666666666666,33
Rebecca Kenemuth,3.9368421052631577,19
Rebecca Liu,3.5,10
Rebecca Lower,3.785,20
Rebecca March,3.9465116279069763,43
Rebecca Martin,3.3690170940170936,468
Rebecca Morse,3.5292768959435628,567
Rebecca Nachman,3.7777777777777777,9
Rebecca O'Connor,3.8305555555555557,36
Rebecca Pereira,3.9,6
Rebecca Ratner,3.686507936507936,756
Rebecca Richardson,2.888495575221239,339
Rebecca Ritzel,3.355287009063444,331
Rebecca Ryan,3.6666666666666665,12
Rebecca Salazar,3.8400000000000003,35
Rebecca Silverman,3.7974358974358973,117
Rebecca Steinberg,3.867692307692308,65
Rebecca Theim,3.6054054054054054,37
Rebecca Thomas,3.996590909090909,88
Rebecca Weir,3.672985781990521,1899
Rebecca Wolf,3.63448275862069,29
Rebekah Cunningham,2.9244680851063833,188
Reda Belabbes,3.6,5
Reeve Vanneman,3.2430283224400864,918
Reggie Hudson,3.103896103896104,154
Regina Haag,3.8699999999999997,40
Regina Harrison,3.286046511627907,129
Regina Ianozi,3.490785907859078,369
Regina Igel,3.57450110864745,451
Reginal Harrell,3.271198156682028,434
Regis Carvalho,3.505555555555556,18
Rehim Kilic,3.45,16
Reid Compton,3.213234285714286,4375
Reid Gustafson,3.596794871794872,156
Rejanne Le Bivic,3.8177419354838706,124
Rellie Rozin,3.663722998729352,1574
Rem Rieder,3.2375,16
Renae McPherson,3.696666666666667,90
Renata Southard,3.7696969696969695,132
Renata Valieva,2.426315789473684,19
Rene Springuel,3.027748691099476,191
Rene Staedtler,2.952631578947368,19
Renee Ater,3.1218340611353708,687
Renee Garraway,3.836904761904762,168
Renee Gerardo,3.9271604938271607,162
Renee Hill,3.892192513368984,935
Renee Poussaint,3.3373970345963753,607
Renee Scott,3.5813559322033894,118
Renee Stokes,3.2910447761194024,201
Renina Jarmon,3.6321459600347525,1151
Renjie Feng,2.7095238095238097,336
Reuel Smith,3.889130434782609,92
Reva Datar,3.91025641025641,429
Rex Weil,3.132196589769308,1994
Rexanah Wyse Morrissette,3.653246753246753,77
Reza Eftekari,3.9531034482758622,290
Reza Ghodssi,3.5470588235294116,119
Reza Kazemi-Tabriz,3.5,52
Reza Mabadi,4.0,7
Reza Monfaredi,3.6677419354838707,961
Rhea Siers,4.0,30
Rhoda Margesson,3.610900473933649,211
Rhonda Reger,3.7675675675675677,74
Rhonda Sincavage,4.0,25
Rian Landers-Ramos,3.0294117647058827,17
Rian Sirkus,3.2076923076923074,143
Rianna Murray,3.3165137614678906,218
Rianna Walcott,3.233333333333334,48
Ricardo Araneda,3.404665629860031,643
Ricardo Arevalo,3.439005235602094,382
Ricardo Espinoza Gonzalez,2.6171052631578946,76
Ricardo Nochetto,2.9009771986970683,307
Ricardo Punzalan,3.8942934782608694,368
Ricardo Reyes-heroles,3.6941176470588237,17
Ricco Hall,3.7500407497962502,1227
Richard Adle,3.170149253731343,67
Richard Auxier,3.6400000000000006,65
Richard Bell,3.198650385604113,1556
Richard Blackman,3.8,80
Richard Blanton,3.7859999999999996,100
Richard Boyd,3.6928433268858805,517
Richard Brewster,3.7071428571428577,28
Richard Calabrese,2.9892806770098725,709
Richard Cober,3.9095238095238094,42
Richard Costantino,3.5461538461538464,52
Richard Daniels,3.1053956834532377,834
Richard Drehoff,3.4545454545454546,22
Richard Ellis,3.185581395348837,215
Richard Engstrom,3.3352941176470585,306
Richard Erdman,3.379754601226994,489
Richard Greene,3.366727272727273,550
Richard Harris,3.341414141414141,198
Richard Hollenbeck,3.9061538461538463,65
Richard Hutchins,3.338,1700
Richard Johnson,3.274107142857143,112
Richard Just,3.490625,64
Richard King,3.2511746680286007,2937
Richard Klank,3.758354922279793,1544
Richard Kohn,3.216091954022988,783
Richard La,2.8987158908507222,623
Richard Layton,3.057772020725389,772
Richard Marciano,3.7226765799256505,269
Richard McCuen,2.85451418744626,1163
Richard McMahon,3.742857142857143,35
Richard Messick,3.5222222222222226,18
Richard Morin,3.1583333333333337,12
Richard Murphy,3.413333333333333,45
Richard Mushotzky,3.2649122807017545,570
Richard Newman,3.3990099009900994,303
Richard Panzer,3.6283464566929133,254
Richard Payne,3.1028875379939205,1974
Richard Prather,3.824353448275862,464
Richard Price,3.192063492063492,189
Richard Rast,2.397391304347826,115
Richard Reynnells,3.8863157894736835,665
Richard Roby,3.5136363636363637,22
Richard Scerbo,3.5766666666666667,30
Richard Shin,3.9613168724279837,243
Richard Stahnke,3.0886363636363634,616
Richard Stewart,3.714987714987715,407
Richard Toohey,3.4750825082508245,606
Richard Toth,2.3472789115646258,294
Richard Tranmueller,3.673170731707317,41
Richard Valliant,3.802777777777778,36
Richard Walker,3.1210526315789475,190
Richard Weismiller,3.7315789473684204,19
Richard Wentworth,3.494236311239193,347
Richard Wexler,3.1452173913043486,115
Richard Yi,3.5242975206611575,605
Richie Crider,3.102272727272727,44
Richmond Mathews,3.4789543348775642,1511
Rick Edelson,2.626086956521739,46
Rick Frankos,2.7666666666666666,36
Rick Sperling,3.658536585365854,41
Rieko Chacey,3.732183908045977,261
Rigoberto Delgado,3.8194444444444446,36
Rikin Thakker,3.72326139088729,417
Riley Sims,3.7729729729729726,74
Riley Wilson,2.968421052631579,38
Rina Dechter,3.7,13
Rion Scott,3.6276923076923078,195
Rita Sloan,3.8646153846153846,65
Rithvik Yarlagadda,3.5,74
Ritu Agarwal,3.258715596330275,218
Ritvik Sahajpal,3.8175,80
Riva Riley,3.9925,120
Rizgar Ismael,3.5854166666666667,48
Roald Sagdeev,3.9833333333333334,60
Roan Parrish,3.757142857142857,7
Rob Olling,2.901538461538461,195
Rob Wells,3.2758620689655173,203
Robert Ballenger,3.656689189189189,1480
Robert Beaton,3.9597173144876323,283
Robert Benedetti,2.6347368421052635,95
Robert Bienvenu,3.39375,16
Robert Bland,2.8911764705882352,34
Robert Bonenberger,2.847429305912596,2334
Robert Brame,3.021103896103896,308
Robert Briber,3.435069885641677,787
Robert Buchanan,3.286308068459658,409
Robert Burns,3.744444444444445,9
Robert Carlin,3.9473684210526314,19
Robert Chambers,3.278961038961039,385
Robert Chester,3.0539445628997863,1407
Robert Chiles,3.4979313741585942,6091
Robert Choflet,3.1923520923520923,2079
Robert Cole,3.475,24
Robert Coleman,3.298957428323197,1151
Robert Crane,3.615555555555555,405
Robert Croninger,3.7186915887850467,107
Robert Dalka,4.0,6
Robert Darville,4.0,30
Robert De Keyser,3.7883495145631065,206
Robert Dean,3.305921052631579,152
Robert Del Greco,3.3546583850931673,161
Robert DiLutis,3.9823529411764707,34
Robert Doherty,1.45,6
Robert Dooling,3.9891566265060243,83
Robert Fay,3.6037037037037036,27
Robert Feldman,2.7964556962025306,790
Robert Felix,3.284615384615385,26
Robert Fiddler,3.3611881188118815,505
Robert Friedel,2.835304054054054,592
Robert Gaines,3.579861111111111,288
Robert Garber,3.7439999999999998,25
Robert Gardner,3.6,10
Robert Gibson,3.76751269035533,197
Robert Girardi,3.98,15
Robert Gold,3.448571428571429,560
Robert Graham,3.9077380952380953,168
Robert Grimm,3.603043478260869,460
Robert Grover,3.7126760563380286,71
Robert Hackett,3.7603773584905658,212
Robert Harris,3.688888888888889,18
Robert Heinemann,3.6022471910112364,89
Robert Hiaasen,3.2125,8
Robert Hilderbrand,3.8280000000000003,25
Robert Hill,2.875227272727273,440
Robert Hoffman,3.7263157894736842,247
Robert Hudson,3.253084648493544,697
Robert Hunter,3.838132295719845,257
Robert Hutchinson,3.85,4
Robert Jackson,2.9595041322314044,363
Robert Jansen,3.6742424242424243,132
Robert Jiles,3.5197802197802197,182
Robert Kenison,3.4499999999999997,12
Robert Koulish,3.5287864077669906,2060
Robert Krapfel,3.413314447592068,353
Robert Kuentzel,3.6571428571428575,28
Robert Lamoureaux,0.0,10
Robert Lefenfeld,3.5,52
Robert Lent,,0
Robert Levine,3.425345622119816,434
Robert Lintott,3.4570934256055366,289
Robert Lissitz,3.6125000000000003,24
Robert Little,3.395918367346938,98
Robert Logan,3.34,10
Robert Lucci,3.5634453781512607,952
Robert Marcus,3.35704584040747,1178
Robert Maschal,2.741304347826087,92
Robert Matera,3.188888888888888,72
Robert Matthews,3.6750000000000003,12
Robert Maxwell,3.63728813559322,59
Robert McCall,3.961111111111111,18
Robert McClennan,3.624193548387097,186
Robert McReynolds,3.8615384615384616,26
Robert Mekelburg,3.920661157024793,121
Robert Muller,3.4538461538461536,208
Robert Nelson,3.643162393162393,234
Robert Newcomb,3.469607843137255,1122
Robert Nicklas,3.329166666666667,24
Robert Oliver,3.320817843866171,538
Robert Orr,3.523529411764706,34
Robert Park,4.0,17
Robert Patro,3.44336569579288,309
Robert Pecoraro,3.8421052631578947,19
Robert Percival,3.4885714285714284,35
Robert Pernick,3.3410563380281686,1420
Robert Peters,3.5685162846803373,829
Robert Provine,2.7037037037037033,81
Robert Rand,3.7,21
Robert Raybits,3.854285714285714,245
Robert Rhee,3.646153846153846,104
Robert Richman,3.0399999999999996,35
Robert Rosenthal,3.5500000000000003,22
Robert Ruby,3.6651162790697667,43
Robert Sachs,3.6068965517241383,29
Robert Sanders,3.1690721649484543,582
Robert Sanner,2.9056122448979593,2940
Robert Schubert,3.5058394160583943,274
Robert Schulze,3.797368421052632,38
Robert Schwab,2.793117053923718,4562
Robert Sheehan,3.5298401420959147,563
Robert Siler,3.4425,40
Robert Slevc,3.496184062850729,891
Robert Smith,3.5935483870967744,310
Robert Sohlberg,3.533333333333333,12
Robert Spangler,3.984166666666667,120
Robert Sprinkle,3.5587128712871285,1010
Robert Stewart,3.8483208955223875,536
Robert Terry,2.4000000000000004,11
Robert Thompson,3.8466666666666667,75
Robert Tjaden,3.194979079497908,239
Robert Tucker,2.8125,16
Robert Turner,2.9675324675324677,77
Robert Vann,2.9450431034482762,464
Robert Vernon,4.0,4
Robert Vesco,3.5336842105263155,95
Robert Wakeman,2.8694117647058826,85
Robert Williams,4.0,9
Robert Windle,3.4152298850574714,696
Robert Winthrop,3.385714285714286,21
Robert Young,3.7964285714285717,56
Roberta Astroff,3.7476190476190476,21
Roberta Lavine,3.691044776119403,268
Roberta Rudnick,2.874285714285714,35
Roberta Ward,3.625714285714286,35
Roberto Celi,3.688617886178862,123
Roberto De Leo,2.6567567567567565,37
Roberto Katrandjiyski,3.5991735537190084,121
Roberto Korzeniewicz,3.3497584541062806,207
Roberto Leon,3.6875,176
Roberto Manuel Benedicto,3.4007936507936507,126
Roberton Williams,2.9067431850789096,697
Robin Allen-Klein,3.7198288159771753,701
Robin Brown,3.711764705882353,85
Robin Earnest,3.2713153724247226,631
Robin Frohardt,3.5500000000000003,14
Robin Giebelhausen,3.747787610619469,113
Robin Mong,3.798076923076923,52
Robin Puett,3.6809734513274335,226
Robin Puttock,3.407228915662651,166
Robin Sawyer,3.395258808177468,2299
Robin Shusko,3.589905362776026,634
Robin Sundaramoorthy,3.7644171779141105,163
Robin Yi,3.309090909090909,22
Robyn Epstein,3.725,24
Robyn Ferg,3.353846153846154,26
Robyn Muncy,3.3593442622950818,915
Robyn Zeiger,3.2027743526510486,1622
Robyne McCullough,3.1999999999999997,7
Rocco Debonis,3.90546875,128
Rochelle Newman,3.3951219512195125,205
Rocio Gordon,3.5,38
Rod Brunson,3.230588235294118,85
Roderick Carey,3.7600000000000002,20
Rodion Efremov,3.85531914893617,47
Rodman Turpin,3.485261194029851,1072
Rodney Lebron,2.9789473684210526,19
Rodney Schwartz,2.9020188425302824,743
Rodolphe Gentili,2.8951070336391433,2943
Rodrigo D Martinez,3.917142857142857,35
Rodrigo Dominguez-Martinez,3.8047945205479454,146
Rodrigo Gutierrez,3.6420289855072463,138
Rodrigo Ranero Echeverria,3.2454545454545456,11
Rodrigo Trevino,2.4524752475247524,404
Roger Bailey,2.6285714285714286,21
Roger Eastman,3.1550301810865187,2982
Roger Staiger,3.6239999999999997,50
Roger Worthington,3.846511627906976,86
Rohan D'Lima,3.7516129032258063,62
Rohan Fernandes,3.764,25
Rohan Tikekar,3.408108108108108,222
Roland Hudson,3.711764705882353,17
Roland Rust,3.4364161849710984,519
Rolf Moeckel,3.446153846153846,13
Rolonda Payne,3.63125,16
Roman Andreev,3.075,16
Romel Gomez,3.5786020846106683,1631
Romina da Costa,3.5113402061855665,97
Ron Padron,3.8508771929824563,114
Rona Kobell,3.84,40
Ronaisha Ruth,3.892592592592593,27
Ronald Hill,3.8540983606557377,61
Ronald Kelley,3.4444444444444446,9
Ronald Lipsman,2.2260344827586205,580
Ronald Luna,3.233579699433358,4059
Ronald McDonald,3.596969696969697,99
Ronald Meisburg,3.478571428571428,56
Ronald Mower,3.315153583617748,1465
Ronald Myers,3.4550387596899226,129
Ronald Sessoms,3.9285714285714284,49
Ronald Walsworth,3.7312500000000006,48
Ronald Willoughby,2.9631578947368418,19
Ronald Yaros,3.4523119392684616,1449
Ronald Zeigler,3.4576530612244896,196
Ronda Ansted,3.4272727272727277,11
Rong Ma,3.246410256410256,390
Rong-Hua Zhang,3.3153846153846156,13
Ronit Eisenbach,3.202120141342756,1132
Ronya Anderson,3.70031847133758,314
Roohollah Ebrahimian,2.9040330920372286,2901
Rosalia Saklas,3.085,60
Rosalie Wills,3.986842105263158,152
Rosalyn Anderson-Howell,3.7441780821917816,292
Rosalyn Bryant,2.281060606060606,132
Rosario Fazio,3.9470588235294115,17
Rosario de Fatima Montero Navarro,2.8262711864406778,118
Rose Cardinal,3.8947368421052633,19
Rose Cherussery,3.765454545454545,110
Rose Codling,3.7492822966507178,209
Rose DiPaula,3.8323529411764707,340
Rose Piskapas,3.822222222222222,54
Rose Smith,3.438636363636364,44
Rose-Marie Oster,3.2547314578005113,391
Rosellina Ferraro,3.6614503816793893,1572
Rosemary Garr,3.773333333333333,15
Rosemary Jagus,3.776923076923077,26
Rosemary Lindle,3.1693116634799234,1046
Rosina Bierbaum,3.6739130434782608,92
Ross Cooper,3.059821428571429,112
Ross Miller,3.386871961102107,1851
Ross Salawitch,3.667782426778243,478
Rossina Liu,3.8601466992665037,409
Rowena Briones,3.438888888888889,72
Rowena Kirby-Straker,3.5406250000000004,192
Rowena Winkler,3.6,56
Roxanna Pebdani,4.0,15
Roxanne Clements,3.444236760124611,321
Roxanne Jaffe,3.4078947368421053,38
Roxanne Lefkoff,3.3079637485537985,5186
Roxanne Russell,3.925,8
Roy Mariuzza,3.4346938775510205,49
Roy Thomason,3.774759284731775,1454
Roy Walls,3.6548387096774193,93
Royce Hanson,3.9214285714285713,28
Ruben Bach,3.601612903225807,62
Rufus Elemo,2.336,50
Rui Zhang,3.477966101694915,59
Rui Zhao,3.6818750000000002,160
Ruibo Han,3.1200968523002426,413
Ruifeng Wang,3.6025641025641026,39
Ruiwen Shu,3.1934701492537316,536
Rujiao Cao,3.643103448275862,58
Ruogu Wang,3.6812500000000004,48
Rushern Baker,3.7669421487603305,121
Russell Anderson,3.948067226890756,1190
Russell Dickerson,3.417204301075268,186
Russell Hamill,3.418284600389864,2565
Russell Hill,3.977272727272727,110
Russell Mcclain,3.9111111111111114,18
Russell Morris,3.4299999999999997,20
Russell Rumbaugh,3.738888888888889,36
Russell Wermers,3.662028725314183,1114
Ruth Bluestone,3.394594594594595,37
Ruth Buchanan,3.911111111111111,45
Ruth Doherty,3.1599999999999997,10
Ruth Lozner,3.445398773006135,163
Ruth Morris,3.829491525423728,295
Ruth Osorio,3.344715447154472,123
Ruth Phillips,3.56883116883117,308
Ruth Zambrana,2.8098765432098767,81
Ryan Basen,3.6980487804878046,205
Ryan Blaustein,3.5555555555555554,27
Ryan Blick,3.266550522648084,287
Ryan Bolt,3.7658536585365856,41
Ryan Cooper,3.477284263959391,788
Ryan Cotter,3.1143790849673207,153
Ryan Curtis,2.892298834029077,6947
Ryan DeLapp,3.8866666666666663,30
Ryan Decker,2.9782608695652173,46
Ryan Elza,3.9015748031496065,254
Ryan Fanselow,2.5710526315789473,76
Ryan Frazier,3.1947368421052635,57
Ryan Guttridge,3.5221840068787613,1163
Ryan Houim,3.425,8
Ryan Hunter,2.0798076923076922,312
Ryan Kirk,2.7774436090225563,133
Ryan Kropff,3.992307692307692,39
Ryan Long,3.526905829596413,446
Ryan Marcheschi,2.6271084337349397,166
Ryan Mitch,3.0595238095238093,42
Ryan Moore,3.353801169590643,171
Ryan O'Grady,3.7092154420921535,2409
Ryan Ogilvie,3.1306666666666665,225
Ryan Sappington,3.6527777777777777,36
Ryan Smith,3.6174509803921566,510
Ryan Sochol,3.529868578255675,837
Ryan St Pierre,3.8275862068965516,29
Ryan Syrell,3.6869565217391305,92
Ryan Woodland,4.0,16
Ryna Yiyun Cui,3.883870967741936,31
S Gilles,2.865168539325843,89
SJ Terp,3.504861111111111,144
Sabari Karmegam,3.5621621621621626,74
Sabeen Sheikh,3.8386847195357836,517
Sabrina Baron,3.5191232528589578,1574
Sabrina Gonzalez,3.591111111111111,45
Sabrina Islam,3.6266079295154183,1135
Sabrina Jaszi,3.472972972972973,37
Sabrina Kramer,3.7930817610062895,795
Sabrina Matoff-Stepp,3.802777777777778,36
Sabrina Rainwater,3.0292307692307694,65
Sabrina Smiley,3.326923076923077,52
Sabyasachee Mishra,3.4277777777777776,18
Sacha St-Onge Ahmad,0.0,1
Sachi Edwards,3.4416666666666664,12
Sacoby Wilson,3.375378787878788,528
Sadie Edmonds,3.668571428571429,175
Sadik Aruoba,2.9824657534246573,730
Safoora Nourbakhsh,3.0199999999999996,20
Sagar Baraskar,3.875,8
Sahar Khamis,3.369981238273921,1066
Sahil Chopra,2.949438202247191,89
Sahil Popli,3.853846153846154,13
Sahil Shah,3.755405405405405,74
Sahra Ibrahimi,3.545273631840796,201
Saida Zardi,2.5238095238095237,42
Sairah Malkin,3.7642857142857147,14
Sajeela Yaqub,3.2213068181818176,352
Salima Valiyeva,3.665217391304348,69
Sally Abd ElMoez Hassanein,3.7479452054794518,73
Sally Koblinsky,3.9756410256410257,78
Sally McLain,4.0,13
Sally Rudney,3.623076923076923,65
Sally Simpson,3.145128205128205,780
Sally Stunkel,3.957142857142857,7
Salman Elbedour,3.8642857142857143,14
Salman Qureshi,3.7134328358208957,67
Salwa Shan,3.6833333333333336,48
Sam Lehman-Wilzig,2.8958333333333335,24
Sam Negahban,2.976470588235294,119
Samah Al-salami,3.492233009708738,206
Samantha Davis,3.4526699029126213,412
Samantha Durdock,3.75,8
Samantha Gendler,3.5804597701149423,348
Samantha Guarneri,3.931578947368421,19
Samantha Halstead Santez,3.8596153846153842,52
Samantha Kemper,3.109290953545232,409
Samantha O'Connor,3.621505376344086,93
Samantha O'Neil,3.9499999999999997,24
Samantha Sabihi,3.9838709677419355,124
Samantha Sommer,3.53,30
Samantha Stanley,3.6611111111111114,18
Samer Charifa,3.6964285714285716,280
Sami Ahmed,3.72,50
Sami Ainane,3.2421393841166934,617
Samir Khuller,3.2013157894736843,76
Samira Anderson,3.8610567514677103,511
Samrat Bhattacharjee,2.628885135135135,592
Samuel Aguayo,3.0,13
Samuel Allen,3.0457446808510635,282
Samuel Bachhuber,2.8153846153846156,26
Samuel Baltimore,3.2486486486486488,37
Samuel Bernstein,3.9859375,128
Samuel Blank,3.0772151898734177,79
Samuel Bloom,2.7755441741357236,781
Samuel Braunfeld,3.3803459119496857,636
Samuel Clevenger,2.939252336448598,214
Samuel Cook,3.8289156626506027,83
Samuel Crawford,3.817424242424243,132
Samuel Dipasqua,2.884924623115578,199
Samuel Ginsburg,3.2537313432835826,67
Samuel Goward,4.0,19
Samuel Graham,3.7654761904761904,84
Samuel Handwerger,3.5517756551555224,4083
Samuel Henkin,3.718796992481203,133
Samuel Holley-kline,3.9249999999999994,48
Samuel Kerstein,3.0062547673531657,1311
Samuel Kessel,3.978313253012048,83
Samuel Lascio,2.6014423076923077,208
Samuel McCann,3.7530172413793106,232
Samuel Miner,3.5105263157894737,19
Samuel Pinkava,3.3625,16
Samuel Porter,3.62,20
Samuel Punshon-Smith,2.9314285714285715,175
Samuel Ramsey,3.335515151515151,825
Samuel Ranellucci,3.13953488372093,43
Samuel Richardson,2.8670833333333334,240
Samuel Rowe,3.5533333333333332,15
Samuel Rubin,3.878745791245791,2376
Samuel Schwarm,3.1037280701754386,456
Sana Jahedi,3.6514285714285712,35
Sandeep Devanatha Pillai,3.7200000000000006,70
Sandor Boyson,3.7007416563658837,809
Sandra Baker,3.4697674418604647,43
Sandra Banisky,3.72966042966043,1443
Sandra Blumenrath,2.761386138613861,101
Sandra Cerrai,2.7771257485029937,835
Sandra Chao,3.89047619047619,42
Sandra Cypess,3.520689655172414,29
Sandra Fox-Moon,3.389531680440771,363
Sandra Gordon-Salant,3.1890243902439033,328
Sandra Hofferth,3.717391304347826,46
Sandra Hoffman,3.4166666666666665,18
Sandra Knight,3.4782608695652173,23
Sandra Loughlin,3.9579365079365076,126
Sandra Newcomb,3.980555555555556,144
Sandra Quinn,3.9504672897196262,107
Sandra Rose,3.57049905243209,1583
Sandra Saperstein,3.706983805668016,988
Sandra Scham,3.475,40
Sangbok Lee,3.3228571428571425,210
Sangeeta Ray,3.2718750000000005,416
Sangeetha Madhavan,3.05187969924812,798
Sanghamitra Dutta,3.6458333333333335,72
Sanghwa Kim,3.298461538461538,130
Sanja Novitsky,3.0829268292682923,164
Sanjay Chawla,3.703448275862069,29
Sanjay Rao,3.8200000000000003,10
Sankar Das Sarma,4.0,27
Santiago Bonetti,3.973913043478261,23
Santiago Solares,2.9256578947368426,152
Santuria Orsetti,2.261932938856016,507
Sara Barth,3.747727272727273,44
Sara Bazaco,3.618181818181818,231
Sara Browning,3.7078431372549026,153
Sara Budge,3.6666666666666665,33
Sara Burnett,4.0,13
Sara Castro-Klaren,4.0,3
Sara Ducey,3.6069767441860465,43
Sara Ericson,3.448623853211009,109
Sara Faradji,3.4676056338028167,568
Sara Gallagher,3.316216216216216,37
Sara Haq,3.3482014388489207,139
Sara Hayden,3.9,6
Sara Herald,3.661924686192469,239
Sara Kirschner,3.84,10
Sara Kutchesfahani,3.8322580645161293,124
Sara Lombardi,2.862184362640706,3287
Sara Makris,3.95,20
Sara Molinari,3.6222222222222222,9
Sara Pearson,3.84410480349345,229
Sara Pepkin,3.7222222222222223,18
Sara Schotland,3.9157434402332365,1029
Sara Strey,3.9150442477876104,113
Sara Thompson,3.827777777777778,180
Sara Via,2.8964187327823696,726
Sara Wilder,3.5952898550724637,276
Sara Zahedian,3.8299999999999996,10
Sarah Aghazadeh,3.618064516129033,310
Sarah Allard,3.64,30
Sarah Appleby,3.2406779661016953,59
Sarah Baizer,3.733333333333333,12
Sarah Balcom,3.34308553157474,2502
Sarah Beckwith,3.8444444444444446,27
Sarah Benharrech,3.4884711779448625,399
Sarah Benish,3.573913043478261,69
Sarah Bergbreiter,3.2049921996879878,641
Sarah Bolivar,3.2987767584097867,327
Sarah Bonney,3.2578947368421054,19
Sarah Bonnie,2.896894409937888,161
Sarah Boonstoppel,3.3256410256410254,78
Sarah Buffaloe,3.4864864864864864,37
Sarah Burnett,2.045454545454546,22
Sarah Cameron,2.9535874439461884,446
Sarah Cantor,3.044117647058824,34
Sarah Cardona,3.7044117647058825,68
Sarah Croco,3.233102887352582,2459
Sarah Dammeyer,3.66020618556701,970
Sarah Dowman,3.330434782608695,391
Sarah Eason,3.510645161290323,310
Sarah Eno,3.421179624664879,746
Sarah Fuller,3.596078431372549,153
Sarah Gilbert,3.4942386831275725,243
Sarah Glancy,3.32144,625
Sarah Goodson,3.31377245508982,167
Sarah Gordon,3.9375,48
Sarah Greenman,2.8662162162162166,74
Sarah Henson-Darko,3.8133196721311475,488
Sarah Herberger,3.956896551724138,58
Sarah Houchens,3.7800000000000002,15
Sarah Howard,3.6012658227848102,79
Sarah Humud,3.788055555555555,720
Sarah Kilmer,3.9480000000000004,75
Sarah Kroncke,3.6245643620011245,1779
Sarah Kurtz,3.9214285714285713,28
Sarah Lauritsen,3.860606060606061,66
Sarah Lee,3.163375796178344,314
Sarah Lyons,3.067857142857143,28
Sarah Mallory,3.6908496732026146,306
Sarah McGrew,3.8863636363636362,198
Sarah Moore,3.8825842696629214,178
Sarah Morris,3.478899082568808,218
Sarah Nelson,3.613274336283186,113
Sarah Oates,3.6445632798573975,1122
Sarah Oppenheim,3.707453416149068,161
Sarah Pastrana,3.255555555555556,18
Sarah Penniston-Dorland,3.1772727272727272,462
Sarah Piontkowski,3.4284090909090916,88
Sarah Pleydell,3.5506048387096776,496
Sarah Racz,3.6137741046831953,363
Sarah Robbins,4.0,5
Sarah Rogers Morris,3.7811320754716977,53
Sarah Schaffer,3.6554744525547447,137
Sarah Scriven,3.9146017699115045,226
Sarah Sillin,3.2993464052287584,153
Sarah Sohns,3.554133333333333,375
Sarah Tahamont,3.036719883889695,689
Sarah Treadwell,2.8984126984126988,126
Sarah Tundermann,3.179166666666667,24
Sarah Vicente,3.4309090909090907,55
Sarah Vick,3.8852348993288595,149
Sarah Vollaro,3.843396226415094,53
Sarah Walsh,2.8153846153846156,13
Sarah Wanenchak,3.3929545454545456,440
Sarah Wilson,3.8700636942675155,314
Sarah Wolek,3.703850509626274,883
Sarah Yeakel,2.7760000000000002,650
Sarah Zsak,3.465671641791045,67
Sarai Moreno-Orta,2.738888888888889,18
Saranaz Abdollahzadeh Barforoush,3.2805031446540873,159
Sarika Gupta,3.5153846153846158,13
Sarnata Reynolds,3.9000000000000004,21
Saroja Barnes,3.754545454545455,66
Saroja Warner,3.7,11
Sasan Haghani,3.707216494845361,97
Sascha Gobel,3.6666666666666665,9
Sasha Hafner,3.2,5
Saswata Hier-Majumder,3.052,125
Saswathi Natta,3.5606741573033704,89
Satindar Bhagat,2.646153846153846,65
Satish Gupta,3.3523809523809525,21
Satish Tamboli,3.5375,16
Satoko Naito,3.0612244897959187,147
Satoru Hashimoto,3.4973799126637557,229
Satyandra Gupta,3.6018181818181816,55
Satyarth Praveen,3.7333333333333334,87
Satyendra Verma,2.7017565112053297,1651
Saul Sosnowski,3.485581395348837,430
Savannah Moix-Rogers,3.0945454545454543,55
Savannah Renehan,3.2,39
Saverio Giovacchini,3.363528138528139,924
Savreen Hundal,3.5559659090909093,352
Sayaka Funakoshi,3.5,10
Sayan Bhattacharya,3.5338028169014084,71
Sayed Elsisi,3.5678004535147396,441
Saymin Lee,3.7564516129032253,186
Schillica Howard,3.6659574468085103,47
Scot Hanna-Weir,3.9545454545454546,44
Scot Reese,3.906157112526539,471
Scott Albrecht,3.13811320754717,265
Scott Benjamin,3.50327868852459,61
Scott Brunstetter,3.66,25
Scott Crowne,3.8999999999999995,42
Scott Deisher,3.513725490196079,51
Scott Gilkeson,3.7678362573099418,171
Scott Hudson,3.3125,16
Scott Jackson,3.6101321585903086,454
Scott Juntti,3.303732503888025,643
Scott Kastner,3.424336973478939,1923
Scott Lasensky,3.91340206185567,291
Scott Lynn,3.4515625,64
Scott MacRae,3.3025423728813568,826
Scott Moore,3.233009708737864,103
Scott Ohlmacher,3.1555555555555554,18
Scott Preston,3.0866533864541834,502
Scott Rensberger,3.188888888888889,18
Scott Roberts,3.359643916913947,2022
Scott Rudlosky,3.384210526315789,38
Scott Schmidt,3.7023255813953484,86
Scott Simpkins,3.5942307692307693,52
Scott Szymendera,3.5941176470588236,17
Scott Trudell,3.2587610619469025,565
Scott Walsh,3.2144654088050313,159
Scott Wible,3.6139610389610395,308
Scott Wolpert,2.5249084249084253,273
Sean Ballentine,2.9887804878048785,205
Sean Barnes,3.414375,800
Sean Cao,3.4596899224806203,129
Sean Downey,3.5160194174757287,206
Sean Enright,3.664,25
Sean Filburn,3.448333333333333,60
Sean Gart,3.5100000000000002,20
Sean Griffin,3.4799999999999995,10
Sean Gruber,3.526299694189602,327
Sean Henderson,3.775,16
Sean Klink,3.6340579710144927,138
Sean Luechtefeld,3.3353773584905655,212
Sean Mussenden,3.8264150943396227,318
Sean Pepin,3.8288461538461536,52
Sean Rao,3.7379310344827585,87
Sean Rhodes,3.7280821917808216,292
Sean Riley,3.9918918918918918,37
Sean Rostami,2.53298969072165,194
Sean Semper,3.975,24
Sean Sharp,3.8882352941176466,17
Sean Williamson,3.9181818181818184,11
Sebahattin Demirkan,3.4515991471215353,469
Sebastian Bartis,3.5989010989010994,182
Sebastian Bronson Boddie,3.532432432432432,74
Sebastian Galiani,3.516504854368932,412
Sebastian Godoy,3.522222222222222,9
Sebastian Wang,3.84,195
Sebastien Houde,3.5168421052631573,95
Sebastien Motsch,3.231578947368421,38
Sebnem Kalemli-Ozcan,3.4837944664031624,253
Seho Kim,2.953846153846154,39
Sehrish Shikarpurya,3.675,8
Selena Price,2.76271186440678,59
Selvon Waldron,3.831720430107527,186
Semi Yeom,3.925,20
Sennur Ulukus,3.2756207674943565,443
Senthil Arul,3.4520361990950232,442
Seo Chung,4.0,6
Seokwoo Lee,3.5441441441441444,222
Seong Minne Koh,3.4738709677419357,620
Seong-Ho Lee,3.25037503750375,3333
Seongsil Lee,3.8179487179487173,39
Seoungwoo Lee,3.7913043478260873,23
Seppo Iso-Ahola,3.05275974025974,616
Sequina Dubose,3.855555555555556,9
Serap Rada,3.8940476190476185,84
Sergei Novikov,3.7714285714285714,21
Sergei Sukharev,3.280680437424058,823
Sergey Golitsynskiy,3.528571428571429,28
Sergii Skakun,3.4880000000000004,375
Sergio Chejfec,4.0,4
Sergio Picozzi,3.310360169491526,4720
Sergio Urzua,2.8146825396825395,504
Serguey Braguinsky,3.4651234567901237,648
Serhiy Kozak,3.5741396263520158,1017
Setare Ghahri Saremi,3.3428571428571425,28
Seth Abrams,3.302777777777778,144
Seth Carnahan,3.303030303030303,33
Seth Dickey,4.0,5
Seth Glabman,3.945,100
Seth Miller,3.45,156
Seth Sacher,3.6153846153846154,13
Seth Weissman,3.487554904831625,683
Setsuko Yokoyama,3.425757575757576,66
Seung Oh,3.802127659574468,47
Seung-Kyung Kim,3.855813953488372,43
Seungjun Kim,3.144642857142857,56
Sevgi Erdogan,3.7399999999999998,5
Sewon Yang,3.3400000000000007,20
Seydina Fall,3.5318181818181817,22
Seyed Bahari,3.578026905829597,223
Seyed Reza Yousefi,2.745,20
Seyma Intepe Tingir,3.8307692307692305,182
Seyoung Oh,3.85,10
Shabnam Jabeen,3.4937823834196893,965
Shafique Khan,3.213793103448276,87
Shah-An Yang,3.439473684210526,38
Shahrzad Saffari Ghandehari,2.4285714285714284,7
Shaik Rahaman,3.4329388560157796,1014
Shaina Destine,3.47,10
Shakia Asamoah,3.8558558558558564,111
Shala Larson,3.649526813880126,317
Shalin Parekh,2.935294117647059,136
Shalini McAdams,3.076190476190476,21
Shalom Rosenberg,3.7815789473684216,152
Shameka Johnson,3.902173913043478,92
Shana Webster-Trotman,3.4619246861924684,478
Shanaz Baksh,3.646067415730337,89
Shane Walsh,3.6416873449131515,2015
Shanea Thomas,3.527272727272728,77
Shanjukta Nath,3.306077348066298,181
Shanna Pearson,3.4972350230414753,217
Shanna Yetman,3.0421052631578944,38
Shannel Winslow,3.9045454545454548,22
Shannen Hill,3.2815789473684216,190
Shannon Barrios,3.60625,16
Shannon Bate,3.851428571428572,105
Shannon Browne,3.6925675675675675,296
Shannon Buenaflor,3.739130434782609,46
Shannon Carcelli,3.5206266318537853,383
Shannon Collis,3.5063291139240516,632
Shannon Donaldson,3.8785714285714286,14
Shannon Dooling,3.738167938931298,131
Shannon Edward,3.990298507462687,134
Shannon Hayes,3.919191919191919,99
Shannon Holland,2.9670426065162907,798
Shannon Jette,3.2233004926108375,2030
Shannon Kane,3.842105263157895,133
Shannon Lantzy,3.604545454545455,88
Shannon Martin,3.784848484848485,33
Shannon Mauro,3.0902255639097747,133
Shannon Negussie,3.958064516129032,31
Shannon Pederson,3.6945000000000006,200
Shannon Scovel,3.548,25
Shannon Sentman,3.6,20
Shannon Sibel,3.8275862068965516,29
Shannon Zellars Strohl,3.586142857142858,700
Shanthi Ramnath,3.4909090909090916,11
Shanxiao Wang,3.65,76
Shanyun Zheng,3.4384615384615387,13
Shao Du,4.0,4
Shapour Azarm,3.2615844544095665,669
Sharada Balachandran Orihuela,2.9449206349206354,630
Sharan Sharma,3.9,19
Shari Feldman,3.977777777777778,27
Shari Orisich,3.0317460317460316,126
Sharon Barrett,3.493693693693693,111
Sharon Colvin,3.9617647058823526,102
Sharon Desmond,3.1813387423935087,986
Sharon Epps,4.0,19
Sharon Flank,3.2798076923076924,104
Sharon Fries-Britt,3.7516304347826086,184
Sharon Harley,3.0159203980099503,402
Sharon Higby,3.1598253275109167,229
Sharon Hormby,3.6088235294117643,34
Sharon Hurt,3.6,20
Sharon King,3.806,150
Sharon Kirkland-Gordon,3.7399999999999998,5
Sharon Mansur,3.5265306122448976,147
Sharon O'Malley,2.9728125000000003,320
Sharon Palmer,3.8230769230769233,26
Sharon Roosevelt,2.7641221374045797,262
Sharon Vanwright,3.233238095238095,1050
Shaun Edmonds,3.2045614035087726,855
Shaun Gannon,3.472448979591837,294
Shaun Howe,3.676470588235294,34
Shaun Russell,3.1470588235294117,17
Shaun Stiemsma,3.0190476190476194,21
Shaunna Payne Gold,3.9666666666666663,39
Shawn Eastman,3.4396850393700786,635
Shawn Flower,3.1318181818181814,44
Shawn Janzen,3.1087662337662336,308
Shawn Mankad,3.4652631578947366,95
Shawn Moura,2.668,25
Shawn Parry-Giles,3.71871921182266,609
Shawn Stone,3.8341836734693873,196
Shawna Dias,3.7821818181818188,275
Shawna Weimer,3.427777777777778,18
Shay Hazkani,3.2513392857142853,224
Shayna Maskell,3.142134831460674,356
Sheetal Patel,3.983018867924528,53
Sheetal Singh,3.7963355834136934,1037
Sheila Jelen,3.35048231511254,311
Sheila Lalwani,3.283126110124334,1126
Shelbi Meissner,3.975,12
Shelby Byrd,3.894117647058824,34
Shelby Cooley,3.0315789473684216,38
Shelby Hickman,3.344444444444445,27
Shelby Sturm,3.7612244897959184,147
Shelby Wilson,3.790425531914894,94
Sheldon Wolk,3.020588235294118,68
Shelvia English,3.8875,40
Shen Hui,3.2014285714285715,70
Shen Pan,3.442857142857143,308
Shengwei Sun,3.55625,96
Shenika Hankerson,3.8904761904761904,63
Shenn-Yu Chao,3.4,5
Shenqiang Ren,3.4200000000000004,20
Shereen Ashai,3.4557692307692305,52
Sherelle Green,3.8857142857142857,14
Sheri Massey,3.8742574257425746,101
Sheri Parks,3.3820224719101124,89
Sherick Hughes,3.78955223880597,67
Sherman Robinson,3.6482758620689655,29
Sherrie Tennessee,3.7561224489795917,98
Sherry Maykrantz,3.8771084337349397,166
Sherry Russell,3.4731481481481477,108
Sheryl Ehrman,3.297302904564315,482
Sherylls Kahn,3.7507142857142863,420
ShiaauLir Wang,3.2606986899563317,229
Shibley Telhami,3.732,225
Shiferaw Berhanu,2.922881355932203,118
Shige Sakurai,3.8266666666666667,15
Shihab Shamma,3.8688405797101457,138
Shihong Lin,3.7183908045977003,87
Shihua Wang,3.4425531914893615,47
Shijun Cheng,3.3184371184371186,819
Shiladri Chakraborty,3.582978723404255,47
Shilin Xia,3.7679999999999993,75
Shin Song,2.8645161290322583,31
Shin-Hee Kim,3.9823529411764707,17
Shinta Hernandez,3.195867768595041,121
Shiping Liu,3.6184615384615384,65
Shira Oz-Sinai,3.5250000000000004,16
Shirelle Doughty,3.5289950576606257,607
Shirley Browner,3.6731506849315068,365
Shirley Logan,3.8333333333333335,72
Shirley Micallef,3.3602523659305996,634
Shirly Malichi,3.2,16
Shiva Kondavadi,3.84,10
Shivonne Laird,3.2758620689655173,29
Shoaa Almalki,3.732142857142857,112
Shoji Sanders,3.6623931623931623,234
Sholpan Kozhamkulova,3.6435114503816792,131
Shonna Waters,4.0,8
Shonte Murray-Daniels,3.62156862745098,51
Shota Momma,3.757142857142857,7
Shrayes Ramesh,2.851282051282051,39
Shreevardhan Lele,3.5749603803486534,1262
Shreya Singh,3.873076923076923,26
Shreyas Ananthan,3.062962962962963,27
Shrihari Santosh,3.3202396804260985,751
Shuaiqi Li,3.408333333333333,72
Shudarshana Gupta,3.6999999999999997,87
Shueh-Fang Lin,3.6037037037037036,54
Shuji Otsuka,2.8469026548672565,113
Shujie Kang,2.462,50
Shujin Zhong,3.68,25
Shujun Zhou,3.988,25
Shun Yao,4.0,38
Shuna Ni,3.5792682926829267,82
Shunjie Tu,3.193333333333333,75
Shunlin Liang,3.305154639175258,194
Shunyuan Xiao,3.6145454545454543,275
Shuo Chen,3.565734265734266,143
Shuo Huang,4.0,17
Shuo Yang,2.3854166666666665,48
Shuqing Chen,2.757692307692307,26
Shuvra Bhattacharyya,3.7251046025104606,239
Shuwei Li,2.9931216931216933,189
Shuye Lu,3.691666666666667,60
Shweta Gaonkar,3.3629629629629636,27
Shy Porter,3.6641025641025635,39
Shyam Chidamber,3.504,75
Siddharth Sharma,3.3028901734104044,173
Siddhartha Das,3.081312410841655,1402
Siddique Kabir,3.797222222222222,36
Sidney Champagne,3.194791666666667,96
Sidra Montgomery,3.4728813559322034,59
Siemy Khan,3.788059701492537,67
Sifan Xu,3.336162361623616,271
Silvia Baage,3.2666666666666666,21
Silvia Muro,3.6033333333333335,210
Silvina Matysiak,3.3011600928074243,862
Sima Pirmoradi,3.7620689655172415,87
Siming He,2.2681818181818185,44
Simon Bensimon,3.2572008113590267,493
Simon Sheaff,3.2314285714285718,70
Simone Durham,3.52,30
Simone-Gunde Kulin,3.227777777777778,108
Sina Lee,3.486350974930362,359
Sinclair Emoghene,3.8274725274725268,91
Sindhu Rajan,3.964271457085828,501
Sinead Farrell,3.429605263157895,152
Sining Song,3.622033898305085,59
Siobhan Steen,3.561481481481481,135
Sirkwoo Jin,3.836842105263158,38
Siv Lie,3.6651795429815013,919
Siva Viswanathan,3.5738924050632916,632
Sivakumar Viswanathan,3.521555042340261,1299
Siyan Guo,3.9163636363636365,55
Siyu Shan,3.7848484848484847,99
Skye de Saint Felix,3.713129644921552,1211
Snaebjorn Gunnsteinsson,3.3742424242424245,132
So-Hye Park,3.15,74
SoRelle Gaynor,3.853125,32
SoRelle Wyckoff,3.8421052631578947,19
Sofia Calzada-Orihuela,3.355102040816327,98
Sofia Maurette,3.043852459016393,244
Sohana Nasrin,3.8502824858757063,177
Soheil Feizi,3.5346354166666667,768
Soheila Ebrahimian,2.661904761904762,42
Sohraab Soltani,3.7403543307086613,508
Sojin Yu,3.6457142857142855,35
Solmaz Alborzi,3.3229166666666665,96
Solomiya Shpak,3.212,75
Solomon Comissiong,3.801315789473685,76
Somara Theodore,3.066666666666667,6
Somasree Dasgupta,3.496551724137931,29
Somer Snider,4.0,15
Son Ho,2.9521739130434783,46
Sonalde Desai,3.4648648648648654,148
Sonali Shukla,3.8055555555555554,36
Sonia Dasgupta,3.6149999999999998,20
Sonia Hirschauer,2.5776649746192892,394
Sonja Duempelmann,3.522222222222222,9
Sonja Ewing,3.1444444444444444,9
Sonney Wolfe,3.6611650485436895,103
Sonya Michel,2.9666666666666663,105
Sonya Park,3.8214285714285716,14
Soo-Kwang Oh,3.2648936170212766,188
Soohyung Lee,2.942857142857143,147
Sophia Rodriguez,3.9066666666666667,75
Sophia Scoggins,3.8333333333333335,12
Sophie Hess,3.7066666666666666,15
Sophie Jablansky,3.3946153846153844,130
Sora Devore,3.821757322175732,239
Sougata Roy,3.4816265060240967,332
Soulaiman Jendi,3.1059523809523815,84
Soumya Chattopadhyay,3.3127272727272725,55
Soumya Rastogi,2.713163265306122,1960
South Holden,3.695555555555556,45
Soyoung Bae,3.021363769388352,3417
Spencer Benson,3.6666666666666665,6
Sreashi Das,3.4000000000000004,118
Sreeramamurthy Ankem,3.523214285714286,504
Sridhar Hannenhalli,3.072289156626506,83
Srijan Shrestha,3.816666666666667,42
Srinivasa Raghavan,3.207824143070045,1342
Sriram Badam,3.8666666666666663,174
Stacey Carlson,3.7659340659340663,182
Stacey Daughters,3.857894736842105,19
Stacey Decker,3.72125,80
Stacey Ferris,3.653125,32
Stacey Gaenzle,3.79375,16
Stacey Williams,3.7716713881019825,353
Staci Kottkamp,3.632142857142857,28
Stacia Woycheck,3.914678899082569,109
Stacy Currie,4.0,53
Stacy Hickox,3.253333333333333,60
Stacy Kosko,3.744294826364281,1411
Stacy Pritchett,3.96046511627907,43
Stacy Surla,3.882587064676617,402
Stan Malm,2.660493827160494,81
Stan Waring,3.9594594594594597,74
Stanford Zent,2.643478260869565,23
Stanislav Stoliarov,3.2979616306954442,834
Stanley Heist,2.55,6
Stanley Herman,3.4168141592920356,226
Stanley Maxson,3.225,20
Stanley Plumly,3.5556603773584907,530
Stanley Presser,3.4752475247524752,101
Stanton Paddock,3.5,8
Starsky Cheng,4.0,5
Stefan Doboszczak,2.9520815632965163,2354
Stefan Poikonen,2.723346303501945,257
Stefan Sabo,2.6899999999999995,60
Stefan Woehlke,3.690677966101695,118
Stefania Amodeo,3.5187891440501042,479
Stefania Scandizzo,2.9666289805916715,5307
Stefanie Kain,3.7675675675675677,37
Stefanie Kuchinsky,3.8125,16
Stefano Collina,3.264705882352941,204
Stefano Passeri,3.5913043478260867,46
Stefano Villani,3.334436090225564,665
Stefanos Ghebrehawariat,3.7666666666666666,27
Steffon Gray,4.0,13
Stella Rouse,2.9984848484848485,1056
Stephan Blatti,4.0,17
Stephan Fitch,4.0,13
Stephane Verani,3.5090909090909084,11
Stephanie Allen,3.131964809384164,682
Stephanie Bent,3.8655999999999997,125
Stephanie Brown,3.708571428571429,70
Stephanie Carrington-Brown,3.841463414634146,41
Stephanie Cerrato,3.665714285714285,70
Stephanie Chang,3.717695473251029,243
Stephanie Chou,3.7783132530120476,83
Stephanie Draminski,3.94,30
Stephanie Eckerd,3.286590038314176,261
Stephanie Finnel,3.3485714285714283,35
Stephanie Folling,2.5090909090909093,11
Stephanie Greene-mercedes,3.7333333333333334,18
Stephanie Grissom,3.5618421052631586,76
Stephanie Grutzmacher,3.1082926829268294,205
Stephanie Guthrie,3.8454545454545457,33
Stephanie Lansing,3.404464285714286,672
Stephanie Madden,3.4468619246861922,239
Stephanie Miracle,3.78099173553719,121
Stephanie Olson,3.8689655172413793,58
Stephanie Prichard,3.6673316708229424,401
Stephanie Rennane,3.1824561403508773,57
Stephanie Sapienza,3.6142857142857143,35
Stephanie Selzer,3.7666666666666666,18
Stephanie Shonekan,3.770588235294117,17
Stephanie Stevenson,3.6125,88
Stephanie Tuszynski,3.858,50
Stephanie Valencia Valencia,3.830952380952381,42
Stephanie Varner,3.524260355029586,169
Stephanie Williams,3.9443298969072167,97
Stephanie Wolf,4.0,7
Stephanie Yarwood,3.656199304750869,863
Stephanie Yee,3.7333333333333334,36
Stephanie Young,2.5956521739130434,161
Stephen Alfandre,3.484090909090909,44
Stephen Altschul,3.0142857142857147,7
Stephen Arves,3.069130434782609,230
Stephen Balady,2.616255144032922,486
Stephen Baxter,3.502127659574468,47
Stephen Brighton,3.4598053892215566,1336
Stephen Brown,3.2585199004975123,1608
Stephen Dennis,3.72,15
Stephen Fong,3.7736842105263158,19
Stephen Gilles,2.3365384615384617,52
Stephen Greenberg,3.9441441441441443,111
Stephen Hill,3.574647887323944,71
Stephen Kamakaris,3.3539007092198583,423
Stephen Kcenich,2.5851851851851855,81
Stephen Kosloski,3.8409638554216867,83
Stephen Lang,3.6736842105263157,19
Stephen Lank,3.9318181818181817,22
Stephen Loeb,3.4927444794952676,634
Stephen McDaniel,2.8075971731448766,1698
Stephen McGuinn,2.977777777777778,279
Stephen Mount,3.325446960667461,1678
Stephen Nkansah Amankra,3.588235294117647,17
Stephen Penny,3.9355555555555553,45
Stephen Prince,3.315675675675676,185
Stephen Roche,3.8260869565217392,46
Stephen Roth,3.6384976525821595,426
Stephen Rudow,3.6999999999999997,9
Stephen Salant,,0
Stephen Schuyler,2.727777777777778,18
Stephen Sclafani,3.8848484848484843,66
Stephen Secules,3.4625,40
Stephen Sorokanich,2.204054054054054,74
Stephen Surjue,2.7249999999999996,116
Stephen Sutton,3.496551724137931,29
Stephen Thomas,3.846987951807229,415
Stephen Thursby,3.3554794520547944,146
Stephen Trainor,3.96,15
Stephen Treado,3.6041666666666665,48
Stephen Underhill,3.387323943661972,71
Stephen Varholy,4.0,7
Stephen Wallenstein,3.5458100558659216,179
Stephen Williams,3.1745762711864405,59
Stephen Wolniak,3.141732283464567,381
Stephen Wooldridge,3.6609963547995132,823
Stephen Yoder,3.3576923076923078,52
Sterling Sheffield,3.5615384615384613,13
Steve Beaulieu,2.9859477124183003,306
Steve Fetter,3.273873873873874,111
Steve Halperin,2.7031982942430703,469
Steve Leonard,3.8924812030075193,133
Steve Sin,3.7610503282275713,457
Steven Anlage,2.9769764216366155,721
Steven Ault,3.8312236286919834,237
Steven Bailey,4.0,7
Steven Biemer,3.7750000000000004,76
Steven Brauth,3.182894736842105,760
Steven Chadwick,2.7411898791885116,4387
Steven Cicchetto,3.7595959595959596,99
Steven Cody,3.2249999999999996,16
Steven Cohan,3.430359712230216,695
Steven Cohen,3.1333333333333333,96
Steven Drake,3.5315018315018314,273
Steven Drummond,3.7087719298245614,57
Steven Fons,3.853846153846154,78
Steven Freishtat,3.5774193548387094,93
Steven Freund,3.2445859872611464,314
Steven Gabriel,3.0507109004739337,422
Steven Gwynne,4.0,12
Steven Heeringa,3.7785714285714285,28
Steven Heston,3.5523901808785525,1548
Steven Hurtt,3.4102040816326533,98
Steven Hutcheson,3.1752100840336137,476
Steven Jaffee,3.0455555555555556,270
Steven Jay,3.470734463276836,885
Steven Johnson,3.4285714285714284,7
Steven Jones,3.594348508634223,637
Steven Kahl,3.7813765182186234,247
Steven Karig,3.961506276150628,239
Steven Klees,3.908446866485014,367
Steven Kleinman,2.6636363636363636,33
Steven Mallory,3.875,16
Steven Mansbach,2.9960355987055016,1236
Steven Marcus,2.972782874617737,327
Steven Meier,3.783333333333333,6
Steven Mitchell,3.067575656800798,3007
Steven Moffitt,3.332142857142857,28
Steven Overly,2.972,100
Steven Payson,3.6597222222222223,72
Steven Petkas,3.7647727272727276,88
Steven Prior,3.162852112676056,1136
Steven Reich,2.8557377049180332,61
Steven Rokita,3.6285714285714286,7
Steven Rolston,3.293026315789474,760
Steven Ross,3.8673913043478265,138
Steven Rutledge,2.446153846153846,52
Steven Sax,2.511801242236025,161
Steven Selden,3.9100000000000006,30
Steven Shapiro,3.4964912280701754,57
Steven Sharp,3.774193548387097,31
Steven Stakland,3.596303901437371,487
Steven Tretter,3.490659340659341,182
Steven Turley,4.0,33
Steven Young,3.7724100327153764,917
Stevens Miller,3.2759784075573544,741
Stew Wennersten,3.8104602510460253,239
Stewart Foehl,3.239148073022313,493
Stewart Mayhew,3.4567567567567568,37
Stuart Antman,2.874468085106383,47
Stuart Laurence,3.5552542372881364,295
Stuart Price,3.2934210526315786,76
Stuart Schwartz,3.5418604651162795,172
Stuart Vogel,3.0731359649122805,912
Subrahmaniam Tangirala,3.5292712066905616,1674
Subraj Singh,3.8380281690140845,71
Subramanian Raghavan,3.5348178137651827,247
Suddhasattwa Das,2.6999999999999997,57
Sudheer Shukla,2.2232142857142856,56
Sue Briggs,3.3046208530805687,844
Sue Sherburne,3.6491228070175437,171
Suh Hwang,3.7729166666666667,48
Suhana Chattopadhyay,4.0,11
Sujay Kaushal,3.5049457994579942,1476
Sujin Kim,3.4199353012535383,2473
Sujith Kumar,3.3234636871508383,1790
Sultan Rassoul,3.826666666666667,15
Suma Nair,3.536,25
Sumant Nigam,3.2771689497716894,219
Sumin Fang,3.7834862385321104,327
Summer Clark,3.9737704918032786,61
Sumouni Basu,3.9166666666666665,12
Sun Kim,3.719047619047619,147
Sun Young Lee,3.5394904458598724,628
Sung Hyun Kwon,3.8815999999999997,125
Sung Lee,3.612148148148148,1350
Sung Sug Sarah Yoon,3.7,22
Sungeun Hong,3.693333333333334,60
Sunghee Lee,3.584567901234568,162
Sungho Noh,3.7299999999999995,10
Sungwon Woo,3.2220624999999994,1600
Sungwoo Hong,3.076588130032807,3353
Sunhee Kim,3.666666666666666,87
Sunil Khattar,4.0,8
Sunil Mithas,3.4651639344262297,976
Sunil Singh,3.5500000000000003,58
Sunmin Lee,3.8349206349206346,126
Sunny Hess,4.0,26
Suresh Acharya,3.6872705018359855,817
Suresh Tonwar,3.3650655021834064,229
Susan Campbell,3.4690540540540535,740
Susan Canady,3.5187500000000003,32
Susan Chiang,3.4135802469135803,81
Susan Chimiak,2.9913319238900637,473
Susan De La Paz,3.795192307692308,624
Susan DeFrancesco,3.9076923076923076,13
Susan Denvir,3.8412162162162162,148
Susan Dwyer,3.4681871345029243,855
Susan Gould,0.0,38
Susan Green,3.6264705882352946,34
Susan Hendricks,3.8970238095238097,168
Susan Hoban,3.5272058823529413,136
Susan Hubbard,2.7670393559928446,4472
Susan Johnston,3.925675675675676,74
Susan Katcef,3.855045871559633,109
Susan Keightley,3.7688775510204082,196
Susan Klauda,3.5974789915966388,119
Susan Lamont,3.8459459459459464,37
Susan Lee,2.8638181818181816,1100
Susan Little,3.9326923076923075,52
Susan Mazzullo,3.2896,5125
Susan Miller,3.838009049773756,221
Susan Moeller,3.3084967320261436,3060
Susan Moinfar,3.606451612903226,124
Susan Nalezyty,3.1666666666666665,114
Susan O'Neill,3.8446808510638295,47
Susan Parker,3.780232558139535,258
Susan Powell,3.83371335504886,614
Susan Pramschufer,3.0706154864328257,1511
Susan Schwab,3.4417266187050357,139
Susan Simon,3.3831845238095246,1344
Susan Steen,3.365206812652068,411
Susan Szmania,3.6590909090909096,22
Susan Teubner-Rhodes,3.488888888888889,9
Susan White,3.235141242937853,885
Susan Winter,3.398536585365853,205
Susanna Compton,2.723577235772358,123
Susanna Crowell McQuarrie,3.7827586206896555,87
Susanna Lee,3.5875,8
Susanna Underland,3.7780821917808223,219
Susannah Paletz,3.6166417910447755,1340
Susannah Washburn,3.817296072507553,1324
Susanne Jaeggi,3.2607142857142857,28
Sushant Acharya,3.0814814814814815,27
Sushant Ranadive,3.301002865329513,698
Suvi Gezari,2.707179487179487,780
Suzanne Ashour-Bailey,3.7250000000000005,168
Suzanne Friedman,3.785820895522388,134
Suzanne Muir,3.871794871794872,39
Suzanne White,3.7319999999999998,25
Suzie Kim,3.1478260869565218,23
Suzy Wilson,3.9955882352941177,68
Swarna Mohan,3.628320413436692,7740
Swarnava Mukhopadhyay,2.509264305177112,367
Swati Singhal,3.2071428571428564,14
Sybil Gohari,3.3937499999999994,48
Sydnee Garcia,3.9076923076923076,13
Sydney Levitus,3.4909090909090916,11
Sydney Lewis,3.6120535714285715,672
Sydney Sharpstene,3.690697674418604,43
Sydney Smith-Heimbrock,3.8454545454545452,11
Sydney Triola,3.358709677419356,155
Syed Ahmed,3.9047619047619047,21
Sylvain Delalay,3.493103448275862,116
Sylvain Guiriec,3.6666666666666665,6
Sylvain Veilleux,3.2021870286576166,1326
Sylvester Gates,2.966075949367089,395
Sylvette La Touche-Howard,3.527291432846989,5346
Sylvia Huntley,4.0,52
Sylvia O'Sullivan,3.6142857142857143,210
T Anenson,3.11531914893617,1645
T'Sey-Haye Preaster,3.754639175257732,97
TC Lloyd,3.794761171032358,649
TJ Rainsford,3.6366533864541832,251
Tabitha Chester,2.0545454545454547,11
Tabitha Kidwell,3.8600000000000003,55
Tae Hyuk Keum,3.432,25
Tae Keum,3.329166666666667,24
Taharee Jackson,3.967015706806283,191
Tahereh Fazel,3.775,40
Taifa Simpson,3.5833333333333335,12
Tainya Clarke,3.3685185185185187,54
Taiyi Yan,3.838333333333333,60
Takehiro Iizuka,2.7808510638297874,47
Takemasa Miyoshi,3.75625,16
Takumi Saegusa,3.016152019002375,421
Talia Chicherio,3.2036363636363636,55
Talia Guzman-Gonzalez,3.2357142857142858,154
Tamanika Ferguson,3.535454545454545,110
Tamar Leroy,3.352293577981651,218
Tamara Clegg,3.7066775244299675,614
Tamara Cooke Henry,3.0987179487179484,312
Tamara Fuller,3.856184486373166,477
Tamara Wilds Lawson,3.764705882352941,17
Tamas Darvas,3.108520179372197,892
Tami Bergan,3.43859649122807,57
Tami Smith,3.7534883720930234,43
Tammatha O'Brien,2.987021461716938,6896
Tammie Nelson,3.6990430622009565,209
Tamyka Morant,4.0,19
Tanakorn Makaew,3.8076923076923075,65
Tanesha Leathers,3.5352941176470587,68
Tangere Hoagland,3.7452531645569627,316
Tania James,3.6666666666666665,21
Tanner Kilpatrick,3.6474358974358982,312
Tanya Abraham,3.6714285714285713,7
Tanya Bansal,3.5496774193548384,155
Tanya Icaza,3.474164133738601,329
Tanya Leyderman,3.6473684210526316,38
Tanya Paperny,3.5693693693693693,111
Tao Chen,3.5250673854447445,371
Tao He,3.5542857142857143,35
Tao Lowe,3.3317567567567568,148
Tao Xiao,3.4370370370370376,27
Tao Zhang,2.1420000000000003,50
Tara Brown,3.9487084870848705,542
Tara Demmy,3.8975,80
Tara Feikes,3.509375,32
Tara Johnston,3.8447999999999998,125
Tara Kun,3.3543859649122805,57
Tara Rodgers,3.4912087912087917,91
Tara Susman-Pena,3.8631578947368426,19
Tarik Buli,3.7147286821705428,129
Taryn Devereux,3.8685714285714288,70
Taryn Myers,3.831372549019608,51
Tasha Harris,3.7787439613526566,207
Tatenda Mashanda,3.7720000000000002,225
Tatiana Benjamin,3.2678362573099418,171
Tatiana Chi Miranda,3.510365853658537,164
Tatiana Delorm,3.829166666666667,24
Tatiana Loboda,3.361363636363636,440
Taverekere Srikantaiah,3.779939668174962,663
Taylor Adams,3.305263157894737,171
Taylor Hahn,3.4454545454545453,143
Taylor Hourigan,3.840554156171285,397
Taylor Lewis,3.844444444444444,63
Taylor Morris,3.7717948717948717,39
Taylor Myers,3.77515923566879,157
Taylor Oshan,3.187700534759359,187
Taylor Plank,2.6099216710182773,383
Taylor Sanders,3.801785714285714,112
Taylor Vincent,3.717391304347826,23
Taylor Wilkerson,3.789075630252101,238
Taylor Woehl,3.209871244635193,466
Taylor Woodman,3.974074074074074,27
Taylor York,3.7858695652173915,276
Tayo Omisore,3.9,10
Ted Baker,3.6105263157894734,38
Ted Plettner,3.2846153846153845,39
Tegan Bratcher,3.526666666666667,15
Tehani Collazo,3.4761904761904763,42
Tejwansh Anand,3.751164596273292,1288
Temim Nusraty,3.815697674418604,516
Temima Fruchter,3.3480769230769236,52
Temitope Fajingbesi,2.9444444444444446,18
Teng Li,3.3667789001122332,891
Terence Long,3.160560747663551,4815
Terence Thornberry,3.720512820512821,39
Teresa Bayer,3.8000000000000003,8
Teri Cross,3.391666666666667,12
Terje Lohndal,2.5875,8
Terrance Wooten,3.535761589403974,151
Terrel Everette,3.7636363636363637,55
Terrence McCall,3.5186732186732184,407
Terrence O’Brien,3.2519148936170215,235
Terry Park,3.520940170940171,702
Terry Zacker,3.4457337883959047,293
Tess Korobkin,3.750777202072539,386
Tess Wood,3.0506517690875232,537
Tessa DiPerri,4.0,21
Tessa Johnson,2.708474576271186,59
Tessa Lew,3.7,10
Tessa Thorsen,3.057142857142857,35
Tetsuji Tanaka,3.2439999999999998,25
Thad Davis,3.6187500000000004,16
Thaddeus Davis,3.5153846153846158,26
Thaddeus Komacek,3.5335365853658542,328
Thanicha Ruangmas,3.870351758793969,597
Tharinda W Ranasinghe,3.375038520801233,649
Thayse Lima,3.5126923076923076,260
Theavy Din,3.5242105263157897,95
Theo Francis,2.74375,32
Theodore Cohen,2.964492753623188,138
Theodore Dayie,2.9304061470911082,911
Theodore Hartman,3.3704347826086956,115
Theodore Jacobson,3.1109730848861283,483
Theodore Kaouk,2.9875000000000003,16
Theodore Kirkpatrick,2.817627494456763,902
Theodore L Einstein,2.995865633074936,1161
Theodore Leinwand,2.9756048387096774,496
Theodore Levin,2.461111111111111,18
Theodore Pickett,3.365625,32
Theresa Bradley,3.7999999999999994,36
Theresa Chirles,3.8,30
Theresa Coletti,3.295238095238095,315
Theresa Donofrio,3.869230769230769,52
Theresa Hale,3.784146341463414,82
Theresa Nebel Robinson,3.870454545454545,88
Theresa Pham,3.675925925925926,54
Theresa Smith,3.9613259668508287,181
Theresia Pratiwi,3.155639097744361,133
Thibault Raoult,3.4803680981595098,326
Thibaut Castan,2.7121588089330024,403
Thierry Van Bastelaer,2.725,20
Thiruvendran Vignarajah,3.610869565217391,92
Thomas Abt,2.8819999999999997,50
Thomas Afton,3.7722222222222226,18
Thomas Alexander,3.2522962962962967,675
Thomas Alwood,3.925,4
Thomas Antonsen,3.31,760
Thomas Baldwin,3.817948717948718,78
Thomas Barham,3.3165094339622643,212
Thomas Bean,2.492857142857143,14
Thomas Beigel,3.053592072667217,3633
Thomas Bettag,3.8815384615384616,65
Thomas Brinck,3.9533333333333336,45
Thomas Brodrick,3.0527027027027027,222
Thomas Bunnell,3.6741935483870964,62
Thomas Burton,3.4369565217391305,46
Thomas Carlson,2.982222222222222,135
Thomas Carter,3.8930232558139535,86
Thomas Castillo,3.713618677042802,257
Thomas Castonguay,3.5933884297520664,242
Thomas Clark,3.5578947368421048,38
Thomas Cohen,3.0518018018018016,888
Thomas Coleman,4.0,6
Thomas Conners,3.4528089887640445,89
Thomas Corsi,3.7084028223220016,1559
Thomas Crosbie,3.125,24
Thomas Davidson,3.453333333333333,60
Thomas Davis,3.753781512605042,119
Thomas DeBold,3.533333333333333,105
Thomas DeLio,3.7543543543543545,333
Thomas Drechsel,3.1054597701149422,1044
Thomas Dunn,3.914285714285714,35
Thomas Dwyer,3.4429718875502004,249
Thomas Eacho,3.957738095238095,168
Thomas Earles,3.4997340425531918,752
Thomas Ernst,3.664730290456432,482
Thomas Ferbel,3.7625,8
Thomas Fetzer,3.716666666666667,6
Thomas Frank,2.6217391304347823,23
Thomas Gautschi,3.388888888888889,9
Thomas Gijswijt,2.9129032258064513,31
Thomas Gilray,3.1027777777777774,72
Thomas Gleason,3.880213903743315,187
Thomas Goldstein,3.8434625788999095,2218
Thomas Grano,2.7968750000000004,64
Thomas Guarrieri,3.5382978723404253,564
Thomas Gulino,2.633333333333333,30
Thomas Haines,3.3690624999999996,320
Thomas Hegland,3.270652173913043,92
Thomas Hilde,3.7083752093802347,597
Thomas Holtz,3.628676609401548,5297
Thomas Kaiser,3.526530612244898,49
Thomas Kaufman,3.6023041474654374,217
Thomas Kelley,3.3276887871853544,437
Thomas Kluber,3.0500000000000003,80
Thomas Kocher,2.925463962019853,2317
Thomas Le,3.728947368421052,38
Thomas Linthicum,2.9587837837837836,148
Thomas Loughran,3.884375,192
Thomas Lowderbaugh,3.5613960113960115,702
Thomas Martin,3.4521126760563376,71
Thomas Mateya,3.4431818181818183,88
Thomas Mauriello,3.5572786690433746,1683
Thomas Mazzone,3.678260869565217,46
Thomas McCloskey,3.7202938475665746,1089
Thomas Messersmith,3.462068965517241,29
Thomas Mierzwa,3.3748784440842785,617
Thomas Miller,3.869920844327177,379
Thomas Moser,3.263277693474962,659
Thomas Murphy,3.0498324022346375,895
Thomas Phelps,3.935714285714286,14
Thomas Powell,3.3365079365079358,126
Thomas Reinhardt,2.6003421309872925,2046
Thomas Rey,2.7614285714285716,70
Thomas Rosenstiel,3.890740740740741,108
Thomas Rumbaugh,3.5928571428571425,14
Thomas Sabella,4.0,7
Thomas Sadiq,3.2058823529411766,34
Thomas Scott,2.7666666666666666,66
Thomas Spreen,3.566901408450704,426
Thomas Steen,3.9556537102473492,566
Thomas Turner,3.53,10
Thomas Wild,3.8,10
Thomas Woods,4.0,13
Thomas Zeller,3.1325917686318134,899
Thor Gibbins,3.7309523809523806,42
Thu Khuc,3.2582061068702295,524
Thu Nguyen,3.988888888888889,54
Thurka Sangaramoorthy,3.506861063464837,1166
Tia Cunningham,3.8181818181818183,22
Tia Dolet,3.7894736842105257,38
Tian Li,2.876206896551724,290
Tianhui Zhang,2.737704918032787,61
Tianshu Sun,3.7614285714285716,70
Tianyi Zhou,3.66906779661017,236
Tianzhou Ma,3.8768115942028984,138
Tiara Fennell,3.40625,48
Tiara Lowe,3.742857142857143,14
Tien-Mo Shih,3.127906976744186,43
Tifanee McCaskill,3.822222222222222,9
Tiffani Stevenson Lloyd,3.393069306930693,303
Tiffany Banks,3.064583333333333,144
Tiffany Cox,3.957142857142857,21
Tiffany Ford,3.675494071146245,253
Tiffany King,2.7699999999999996,20
Tiffany Lewis,3.1608695652173915,23
Tiffany Lu,4.0,144
Tiffany Moore,0.0,6
Tiffany Wright,3.7666666666666666,39
Tiger Robison,4.0,31
Tighe Bailey,3.8812499999999996,64
Tilahun Beyene,3.3051034482758617,1450
Tim Kiemel,3.421062009978617,2806
Tim Knight,3.8868872549019606,816
Tim Lapanne,3.827397260273972,73
Tim Powell,3.934108527131783,645
Timmy Bridgeman,3.7241379310344827,29
Timothy Bruno,3.258959537572254,173
Timothy Canty,3.2926769230769226,3250
Timothy Demay,3.2295238095238092,105
Timothy Denevi,3.6296296296296298,81
Timothy Doane,3.75,12
Timothy Eveleigh,3.7462809917355373,121
Timothy Foecke,3.6700226244343894,884
Timothy Hamlet,3.84375,64
Timothy Heggans,3.735789473684211,95
Timothy Henkel,3.7315649867374003,377
Timothy Horiuchi,3.530007390983001,1353
Timothy Iannuzzi,3.277358490566038,53
Timothy Jacobsen,3.654275940706955,877
Timothy Jerome,3.3736842105263154,38
Timothy Jones,3.36,25
Timothy Keeler,3.9838383838383837,99
Timothy Knight,3.6941818181818182,275
Timothy Koeth,3.6702127659574466,188
Timothy Kumfer,3.529347826086956,92
Timothy Livengood,3.524180327868853,244
Timothy McConnochie,3.3210526315789473,38
Timothy Mercure,2.8263888888888893,72
Timothy Penn,3.4149674620390456,461
Timothy Pilachowski,2.8168711656441707,8150
Timothy Rainsford,3.7158249158249155,297
Timothy Reedy,3.6623544631306597,773
Timothy Richards,3.464772727272727,264
Timothy Stephenson,3.6491525423728817,59
Timothy Summers,3.9227722772277227,101
Timothy Tilert,3.9625,8
Timothy Uher,3.7700000000000005,20
Timothy Wong,4.0,7
Timur Ryspekov,3.6657894736842107,38
Tina Chen,3.5290322580645164,31
Ting Wang,3.4973451327433627,113
Ting Yan,3.9536458333333333,192
Ting Zhang,3.4919303797468357,632
Ting-Yu Wen,3.7777777777777777,9
Tingni Sun,2.8843137254901956,153
Tingting Ding,2.9875,72
Tingyue Gan,2.7681818181818185,22
Tirza Wilbon White,3.7849557522123893,113
Tita Chico,3.3135501355013552,369
Tobias von Petersdorff,2.9664317180616737,1135
Toby Egan,3.6872913992297818,779
Tod Jones,3.3471428571428574,70
Todd Allee,3.1285786802030464,1970
Todd Cooke,3.59988344988345,858
Todd Rowland,3.2113006396588486,1407
Todd Treangen,2.807142857142857,42
Tom Bettag,3.6313253012048192,83
Tom Brune,3.1946351931330472,466
Tom Hatcher,3.661136363636363,440
Tom Kim,3.582857142857143,35
Tom Porter,3.501428571428572,140
Tommy Chang,3.8641025641025637,78
Tong Lin,3.797674418604651,129
Tong Qi,3.481012658227848,79
Tongtong Wu,3.883870967741936,31
Tonia Bleam,3.028227459016393,1952
Tonianne Bellomo,3.5534883720930237,43
Tony Barber,3.7959276018099546,221
Tony Perry,3.064444444444444,90
Tony Whitehead,3.4844594594594596,148
Tonya Ohnstad,3.2520833333333337,48
Tonya Williams-Walker,3.567383512544803,279
Tor Andreassen,3.097560975609756,41
Tori Darby,3.7516129032258063,93
Tori Justin,3.501587301587302,63
Tori Mends-Cole,3.442723004694835,639
Tori Page-Voth,4.0,22
Tori Shay,3.7317365269461074,334
Tori Thompson,3.8947368421052633,57
Towanda Street,3.385714285714286,28
Tracee Johnson,3.403846153846154,26
Tracey Centorbi,3.20591054313099,4382
Tracey Manning,3.735361216730038,263
Traci Alston,3.859090909090909,22
Traci Dula,3.477777777777778,18
Tracy Chung,3.8424657534246576,73
Tracy Dunheimer,3.9273056057866187,553
Tracy Fitzgerald,3.6716981132075475,106
Tracy Jenkins,2.968,75
Tracy Kennedy,3.898234349919743,623
Tracy Riggins,3.5891805377720867,1562
Tracy Sweet,3.7740484429065746,289
Tracy Thompson,3.5083333333333333,12
Tracy Tomlinson,3.2377302325581394,5375
Tracy Zeeger,3.29959165154265,2204
Tranae Johnson,3.887804878048781,82
Travis Andrews,2.7276923076923074,65
Travis Ostrom,3.209803921568627,51
Travis Sluka,3.76271186440678,59
Travis St. Clair,3.480241935483871,248
Travis Wagner,3.6652582159624414,213
Travis Webster,3.8615999999999997,125
Trent Buskirk,3.9565217391304346,23
Trevor Foulk,3.797566371681416,1356
Trevor Owens,3.9166666666666665,96
Trevor Parry-Giles,3.511653116531165,369
Trey Porto,3.7233333333333336,30
Tricia Anne Arndts,4.0,29
Tricia Giacone,3.7767313019390585,361
Tricia Homer,3.6937198067632853,207
Tricia Raysor,2.9532967032967035,182
Trisha Hongcharti,3.8964285714285714,56
Trisha Lal,3.94,20
Tristan Buckmaster,3.34,10
Tristan Hightower,3.075,4
Tristan Koepke,3.8723076923076922,65
Trivellore Raghunathan,,0
Troy Lewis,3.836,50
Troy Mong,3.9802816901408455,284
Trudi Hahn,3.8714285714285714,35
Tsega Belachew,3.814285714285714,7
Tsvetan Bachvaroff,3.9816326530612245,49
Tsz-Yeung Chui,3.6505617977528093,89
Tudor Dumitras,3.373333333333333,615
Tunay Tunca,3.3764918625678115,1659
Tung-An Wei,3.577514792899408,169
Turner Pepper,2.576923076923077,13
Tushar Rathod,3.542857142857143,56
Tuyet Duong,3.3874999999999997,24
Tyler Crabb,3.163716814159292,113
Tyler Goldman,3.0894736842105264,19
Tyler Gunther,3.71304347826087,23
Tyler Hildebrand,3.7279999999999998,100
Tyler Huddleston,3.985,140
Tyler Knowlton,4.0,4
Tyler McClenithan,3.815555555555555,45
Tyler Myroniuk,3.8714285714285714,7
Tyler Page,3.6104000000000003,250
Tyler Simmons,1.7333333333333332,27
Tynesha McCullers,3.713793103448276,29
Typhanye Dyer,3.4921855411617213,2393
Tyra Griffin,3.692,125
Tyrone Clifton,3.7086956521739127,46
Tyson Slocum,3.9366995073891626,406
Uche Udeochu,3.188235294117647,17
Uchechi Okereke-Beshel,3.7239171374764597,531
Ucheoma Akobundu,3.9916666666666663,36
Ulrich Hewer,2.9321428571428574,448
Ulrich Leiste,2.668,50
Umberto Saetti,3.6375,8
Umisha Kc,3.7322097378277155,267
Uri Avin,3.6915254237288138,59
Uri Dadush,3.3815789473684212,76
Ursula Gorham-Oscilowski,3.722175925925926,2160
Urszula Nowicka,2.8404255319148937,47
Utpal Pal,4.0,25
Uyory Choe,3.477272727272727,22
Uzi Vishkin,3.247326732673267,505
Vadim Kaloshin,3.111949685534591,159
Valencia Skeeter,3.888888888888889,9
Valentina Rosales,3.7285714285714286,105
Valentine Hacquard,3.606837606837607,234
Valeria Federici,3.402608695652174,115
Valeria Morales,3.873076923076923,52
Valeria Nardi,3.006896551724138,29
Valerie Anishchenkova,3.51577380952381,336
Valerie Goubeau,3.617283950617284,81
Valerie Hall,3.8,22
Valerie Hellstein,2.9973684210526312,38
Valerie Johnson,3.2814102564102563,156
Valerie Merkle,3.5517241379310347,29
Valerie Orlando,3.7427038626609437,466
Valerie Turner,3.1217391304347823,23
Valeriia Cherepanova,3.605882352941176,68
Van Tran Nguyen,3.653631284916201,179
Vanessa Corcoran,3.1376146788990824,109
Vanessa Freeman,3.8209150326797388,153
Vanessa Frias-Martinez,3.8784905660377356,265
Vanessa Kirn,3.3490566037735854,53
Vanessa Medley,3.72,25
Vanessa Taft,3.8,25
Vanessa Wang,3.488571428571429,35
Vardit Lightstone,3.6800000000000006,5
Varvara Tokareva,3.661538461538462,26
Vashti Sawtelle,3.7375000000000003,24
Vasiliy Krivtsov,3.6052325581395355,172
Vassiliki Eley,3.8631578947368426,19
Vaughn Gonzalez,3.390909090909091,132
Vedat Diker,3.633992395437262,1315
Vedran Lekic,3.3099999999999996,680
Vengalattore Nagaraj,3.986029411764706,136
Venkatramanan Subrahmanian,3.3920454545454546,440
Vera Rhoads,3.9379821958456978,337
Vera Stupina,3.31096256684492,374
Vered Krasna,3.2263157894736842,19
Vernon Hsu,3.525,24
Vernon Kousky,3.3058823529411767,17
Veronica Carlan,3.557142857142857,28
Veronica Kang,3.8408163265306126,49
Veronica Kwok,4.0,18
Veronica Perrigan,3.9017187499999997,640
Veronica Sanchez,3.8947368421052633,19
Veronica Sousa,3.9035087719298245,57
Veronica Zebadua-Yanez,3.921904761904762,105
Vessela Valiavitcharska,3.3711688311688306,385
Viacheslav Lyubchich,3.6283185840707963,113
Vibha Sazawal,3.3072874493927125,494
Victor Bramble,3.2489795918367346,49
Victor Galitski,3.4111111111111114,135
Victor Galitskiy,3.7915032679738565,153
Victor Granatstein,3.2071428571428573,70
Victor Kennedy,,0
Victor Mullins,3.9015503875968993,129
Victor Yakovenko,3.349655172413793,870
Victoria Alexander,3.7150000000000007,20
Victoria Chanse,3.6543352601156074,173
Victoria Coles,3.5846153846153848,13
Victoria Finney,3.6347826086956525,23
Victoria Fitzgerald,3.9296296296296296,81
Victoria Garton-Gundling,2.7263157894736842,19
Victoria Goddard-Truitt,3.7952380952380955,21
Victoria Ledford,3.6711340206185565,291
Victoria MacDonald,3.9459807073954978,311
Victoria McDermott,3.809615384615385,208
Victoria Patch,3.739130434782609,23
Victoria Pearlman,3.770588235294117,17
Victoria Pedrick,3.8085714285714287,35
Victoria Scrimer,3.492105263157895,38
Victoria Shay,3.871672354948805,293
Victoria Urdaneta,3.4943396226415095,53
Victoria Van Hyning,3.628163265306122,245
Victoria Whitley,2.873846153846154,130
Victoria Worley,3.7632653061224492,98
Vidit Mehta,3.7172839506172837,81
Vijay Tiwari,3.409154929577465,142
Vijaya Bohlmann,3.4748979591836733,490
Vijaya Venkataramani,3.590947075208913,1436
Vijayanand Kowtha,3.613793103448276,29
Vikas Sahasrabudhe,3.375836972343522,687
Viktoria Taroudaki,3.1192307692307697,26
Viktoriia Savchuk,3.806250000000001,224
Vincent Carretta,2.9193798449612403,129
Vincent Ferrera,3.6195876288659794,97
Vincent Houghton,3.488,25
Vincent Lee,3.0277955271565498,313
Vincent Lyzinski,3.5631746031746028,315
Vincent Nguyen,3.471368480089736,3566
Vincent Picciuto,3.3713592233009715,206
Vineet Gambhir,3.8044662309368187,918
Vineeta Singh,3.9530769230769227,130
Vinod Jain,3.6073684210526316,95
Vipul Kumar,3.876190476190476,105
Virginia Butler,3.2909930715935336,433
Virginia Haufler,3.5749483257544443,2419
Virginia Knopf,3.9869565217391307,23
Virginia Salo,3.414503816793893,131
Virginia Sawyer,3.7051282051282053,39
Vishal Patel,3.2272000000000003,125
Vitali Tugarinov,2.643839541547278,349
Vitaly Stepensky,4.0,14
Vivek Advani,3.9482993197278917,294
Vivian Lee,3.973913043478261,23
Vivian Sisskin,3.804383116883117,616
Vivian Zohery,3.925274725274725,91
Vivianne Salgado,3.6335483870967744,310
Vladimir Manucharyan,3.3,305
Vladimir Oleshko,3.6875000000000004,8
Vladimir Tismaneanu,3.9548359240069084,1158
Vladimir Yushutin,3.269117647058824,272
Vojislav Maksimovic,3.3675052410901465,477
Volker Briken,3.466104868913858,534
Vyacheslav Lyubchich,3.454054054054054,37
Vytenis Gureckas,3.4644736842105264,76
W Ethan Eagle,3.656842105263158,570
W Knight,3.1742125984251968,508
Wade Channell,3.7,20
Wade Jacobsen,3.0649484536082476,485
Wade Winkler,3.6805620608899297,427
Wallace Eddy,3.9581395348837205,43
Wallace Oates,3.905263157894737,19
Walter Cleaveland,3.0336879432624113,564
Walter Dallas,3.8499999999999996,52
Walter Knorr,3.4450000000000003,20
Walter Wood,2.376470588235294,34
Wanda Hernández,3.3213675213675216,117
Wanda Lucas,3.861029411764706,136
Wanda Pittman-Gregory,3.712162162162162,74
Waqas Shah,3.970149253731343,67
Warren Greenberg,2.8540540540540538,37
Warren Kelley,4.0,16
Waseem Malik,3.4091639871382635,622
Waverly Ding,3.4390243902439024,1107
Wayne Curtis,3.760975609756098,902
Wayne Lutters,3.717894736842106,570
Wayne Santoro,2.91637519872814,629
Wayne Slater,3.8507625272331154,918
Wedad Elmaghraby,3.4640050697084916,789
Wei Ai,3.6229629629629625,270
Wei Chen,3.311639549436796,799
Wei Li,3.5687499999999996,32
Wei You,2.9375,32
Wei Zhou,3.5123076923076924,65
Wei-Hsuan Yu,2.8228260869565216,92
Wei-Ping Li,3.7907407407407416,162
Wei-hsin Yu,2.9903885480572594,489
Weiguang Wang,3.8882352941176466,17
Weikun Wang,3.036666666666666,90
Weimeng Wang,3.1029850746268655,67
Weiming Zhu,3.5405797101449274,69
Weizhen Xie,3.817391304347826,23
Wen Chen,3.533333333333333,75
Wen Hsing Cheng,3.2657738095238096,1344
Wen-An Chiou,3.6,5
Wenchang Zhang,3.035483870967742,31
Wendell Hill,2.91907250163292,1531
Wendell Khunjar,3.7818181818181813,11
Wendy Bassett,3.738709677419355,372
Wendy Grossman,3.1166666666666667,42
Wendy Hillwalker,2.8137931034482757,29
Wendy Jacobs,3.301461187214612,1095
Wendy Laybourn,3.4973214285714285,112
Wendy McEntee,3.3827586206896556,58
Wendy Moe,3.639733333333333,1500
Wendy Peer,3.3590717299578055,474
Wendy Simmons,3.81038961038961,77
Wendy Stickle,3.1771751412429374,885
Wendy Timmons,3.551612903225806,31
Wenfeng Wang,3.316666666666667,192
Wenlu Zhu,3.0975535168195716,327
Wenxia Song,3.2863741339491916,433
Wenyou Ye,3.5921874999999996,64
Wesley Lawson,3.2463478260869563,2300
Whitman Ridgway,3.100425531914894,235
Whitney Harvey,,0
Whitney Sweet,3.7320895522388056,134
Wiehrs Collier,3.8391304347826085,46
Wilbur Chung,3.5033112582781456,1057
Wilbur Hadden,4.0,16
Willi Barthold,3.1441176470588235,34
William Bechhoefer,3.6611111111111114,18
William Beecher,3.5080645161290325,186
William Bentley,3.5395577395577393,407
William Boicourt,3.4714285714285715,14
William Bowerman,3.9336633663366336,101
William Bowser,3.158333333333333,108
William Braniff,3.7610655737704914,244
William Brantley,3.898443223443224,1092
William Burghart,2.727319587628866,194
William Burnside,2.8380952380952382,21
William Cohen,3.2,10
William Dardick,3.6222222222222222,27
William Dennison,3.7857142857142856,161
William Dorland,3.6268463073852293,1002
William Dunn,4.0,5
William Evans,3.9629432624113474,564
William Falk,4.0,2
William Fargason,3.1894736842105265,19
William Farmer,3.5166023166023166,259
William Ford,3.2881720430107526,93
William Fourney,3.0090804597701157,870
William Gasarch,3.2540474243663127,1223
William Gibbons,2.806513409961686,261
William Goldman,3.6042713567839195,398
William Gonch,3.2831460674157302,178
William Greenwalt,3.78125,16
William Hammond,3.5700000000000003,20
William Hanna,3.0717277486910985,191
William Hawkins,3.2701434159061282,1534
William Helkie,3.6419847328244273,262
William Higgins,2.9261374636979673,1033
William Hodos,3.7308823529411765,68
William Hollinsed,2.748087431693989,732
William Howell,3.192592592592593,378
William Idsardi,3.4565088757396443,338
William Jeffery,3.054391371340524,649
William Junkin,3.526315789473684,19
William Kemp,3.7961538461538464,26
William Knight,3.2030081300813005,1230
William Kules,3.829611650485437,206
William Lahneman,3.786363636363636,22
William Lamp,3.7565714285714287,525
William Lau,3.407142857142857,42
William Lawson,3.0311287477954147,1134
William Le Roy,2.785185185185185,27
William Leslie,3.793333333333333,90
William Levine,3.8739285714285714,840
William Longbrake,3.58,25
William Lucyshyn,3.7195121951219514,82
William MacDonald,3.3164461247637047,529
William Malatesta,3.2,15
William Martin,2.8616666666666664,60
William Mayer,3.948387096774194,31
William McAdam,3.568421052631579,95
William McClenahan,3.2682428115015973,1565
William McDonough,3.5472803347280335,717
William Miller,3.563636363636364,22
William Mosley,3.56547619047619,168
William Mullins,3.5588235294117645,272
William Mundy,3.9134724857685,527
William Nardin,3.575,4
William Nolte,3.7697969543147205,394
William Phillips,3.0331626120358517,781
William Piermattei,3.5823529411764703,17
William Pittman,3.479610750695088,1079
William Proffitt,3.51945945945946,185
William Pugh,2.849019607843137,153
William Rand,3.4325581395348843,172
William Reed,3.6482876712328767,584
William Regli,3.2080139372822303,287
William Reinsch,3.581081081081081,37
William Richardson,3.6571428571428566,63
William Robin,3.4614130434782613,736
William Schachter,3.8461538461538463,13
William Schatz,2.5589694656488553,524
William Schildknecht,3.173501577287066,634
William Schutt,3.4096774193548387,31
William Shaughnessy,3.480769230769231,26
William Sollod,2.620610687022901,131
William Strein,4.0,31
William Stricklin,3.7791443850267377,374
William Stuart,3.035172413793104,290
William Tilburg,3.7916666666666665,240
William Tirrell,3.025,12
William Usher,3.3743243243243244,74
William Viviani,3.8409356725146204,171
William Walters,3.6941176470588237,238
William Webber,3.72,20
William Weigand,3.427739726027397,292
William Wilson,3.9074074074074074,27
William Woodward,3.4799999999999995,10
William Wyllie,3.6555555555555554,72
William Yagatich,3.1705357142857147,112
Willie Clark,3.4799999999999995,5
Willie Davis,3.051923076923077,52
Willie Thompson,3.683091787439614,207
Willow Lung Amam,3.618987341772152,237
Wilson Andrews,3.5714285714285716,7
Wilson White,2.949411764705882,85
Winston Yu,3.9857142857142858,21
Wiseley Wong,2.858108108108108,3848
Woei-Jyh Lee,3.5557583385777223,4767
Wojciech Czaja,2.5670434782608695,1150
Wolfgang Losert,3.37888198757764,322
Wonjun Chang,3.1333333333333333,33
Woon Kim,3.608108108108108,37
Wujun Zhang,2.4077844311377246,334
Wyatt Hall,3.620779220779221,77
Wyletta Gamble,3.904347826086956,23
Xan Burley,3.7413793103448274,29
Xanh Tran,4.0,33
Xi He,3.6156716417910446,402
Xia Li,2.5714285714285716,21
Xian Gu,3.361290322580645,62
Xianfeng Yang,3.532631578947368,95
Xiangdong Ji,3.2744801512287336,529
Xiao Zhang,2.9590405904059045,271
Xiaochuan Yang,3.103191489361702,94
Xiaodi Wu,3.3682481751824818,274
Xiaodong Shi,3.761111111111111,18
Xiaofang Huang,3.4714828897338403,263
Xiaofang Wang Lanterman,3.5,22
Xiaohui Bakshi,3.4443979057591623,955
Xiaojia Guo,3.55,234
Xiaoli Gong,3.938888888888889,36
Xiaoli Nan,3.5655688622754496,334
Xiaoming He,3.5026200873362447,229
Xiaopeng Song,3.3111510791366907,278
Xiaoping Zhu,3.5866666666666664,15
Xiaoqi Huang,3.0612099644128112,281
Xiaoyuan Hu,3.8346938775510204,49
Xiaying Zheng,2.4962962962962965,27
Xin He,3.4868787276341946,503
Xin Ma,3.875,152
Xin Tao,3.8681818181818177,44
Xin Zan,4.0,5
Xin-Zhong Liang,3.4976303317535544,211
Xinan Liu,2.720417287630403,2013
Xindi Zhao,3.9035714285714285,84
Xing Hong,3.1596330275229354,109
Xinran Qi,3.857291666666667,96
Xinyan Zhao,3.448571428571429,140
Xinyi Ren,3.612195121951219,41
Xinyi Zhang,3.7714285714285714,42
Xiulin Mao,2.9397810218978098,274
Xiumin Du,3.477464788732394,71
Xuan Wang,3.1669767441860466,215
Xuan Yao,3.180225988700564,177
Xuanzi Qin,3.9176470588235293,34
Xuejuan Feng,3.819512195121952,164
Xuemei Chen,3.1516949152542373,118
Xuemiao Chen,3.4214285714285717,112
Xuesen Na,2.5703296703296705,91
Xuezhen Tao,2.875,40
Xuhua He,3.1622950819672133,61
Yael Inbar,3.881818181818182,55
Yair Barak,3.1481481481481484,27
Yajin Wang,3.4715094339622645,530
Yajuan Si,3.5044444444444443,45
Yajun Wang,3.503550295857988,507
Yakov Kronrod,3.5846153846153843,13
Yali Pan,3.88876404494382,89
Yan Dong,3.708181818181818,220
Yan Li,3.377958236658933,431
Yan Qin,3.5083333333333333,72
Yan Qu,3.544943820224719,89
Yan Yu,3.049166666666667,120
Yana Carver,3.7399999999999998,5
Yanan Wang,3.4941666666666666,120
Yancey Orr,3.2379220779220783,385
Yancy Diaz-Mercado,3.1792775665399238,526
Yang Fu,3.821794871794872,78
Yang Liu,3.7549645390070925,282
Yang Pan,3.7402985074626867,67
Yang Tao,3.8408105022831047,1752
Yang Xu,3.059349593495935,123
Yang Yu,2.909803921568628,51
Yangming Lo,3.863883495145631,515
Yanique Redwood,3.657692307692308,26
Yanir Rubinstein,3.170411985018727,267
Yanira Ortiz,3.981547619047619,168
Yaniv Reingewertz,2.8867924528301887,106
Yanjin Zhang,3.9277777777777776,162
Yanne Chembo,3.3213903743315507,187
Yantao Li,3.786666666666667,15
Yantenew Gete,3.75,8
Yantian Zha,3.705405405405406,111
Yanxin Liu,3.8636363636363638,22
Yao Li,3.375,8
Yao Lin,3.6941176470588233,17
Yaqi Wu,2.9881578947368426,76
Yaron Sternberg,2.732515337423313,326
Yasmeen Shah,3.533366336633663,1010
Yasmin Eubanks,2.944827586206897,29
Yassaman Vafai,3.0420454545454545,88
Yasser Shoukry,3.760377358490566,53
Yavuz Oruc,3.1221615057680636,1647
Ye Zhang,3.6068027210884357,147
Yee Key Nicole Li,3.382278481012658,158
Yee Lai,3.3504950495049504,101
Yeh Kim,3.806896551724138,29
Yenti Sunarto,3.91875,80
Yeram Cheong,3.8866666666666667,180
Yesol Huh,3.5064516129032257,31
Yevgeny Botanov,3.972727272727273,11
Yewon Lee,3.844615384615384,1040
Yi Chen,3.7046831955922865,363
Yi Feng,2.8459999999999996,50
Yi Ting Huang,3.277426900584795,855
Yi Wei,3.5509803921568626,102
Yi Xu,3.4216835610401053,2269
Yi Zhao,3.4324324324324325,37
Yi-Jiun Lin,3.6500000000000004,18
Yichen Zhou,3.044827586206897,87
Yichi Zhang,2.6999999999999997,11
Yichun Zhu,2.6020833333333333,48
Yifei Mo,3.475378787878788,528
Yifei Wang,3.515068493150685,73
Yihang Zhu,2.976842105263158,95
Yijing Wu,2.8605960264900663,302
Yilmaz Balci,2.9164556962025316,79
Yiming Lyu,2.5416666666666665,24
Ying Alice Zhang,3.944692737430168,179
Ying Geng,3.6176470588235294,34
Ying Li,3.4,20
Ying Wang,3.4428571428571426,7
Ying Xue Liu,3.2716814159292036,113
Yiping Qi,3.5083333333333337,84
Yiqun Chen,2.9419354838709677,31
Yiqun Xie,3.5441666666666665,120
Yiwen Dai,3.381176470588235,170
Yixin Ren,2.3892857142857147,56
Yixun Li,3.366834170854272,199
Yiyan Liu,3.0631578947368423,38
Yizheng Chen,3.0672268907563027,119
Yizhi Liu,3.4133333333333336,30
Yla Tausczik,3.207317073170732,328
Ylber Bajraktari,3.460869565217391,23
Yo-Jung Han,3.851724137931035,87
Yogesh Joshi,3.602205882352941,1496
Yogev Terry,3.772727272727273,11
Yong Cui,1.823404255319149,47
Yong Paek,3.017355371900827,121
Yonghwi Kwon,4.0,11
Yongzhang Leng,3.6916666666666664,12
Yoonjoo Lee,3.069672131147541,122
Yoram Peri,3.5220689655172412,290
Yordanka Kovacheva,2.9111498257839723,287
You Kim,3.685057471264368,87
You Zhou,3.8636363636363638,77
Young Choi,3.682978723404256,94
Younggeon Jin,3.75,58
Younghi Ramsey,3.442199108469539,673
Youngjin Yun,3.0973684210526318,38
Youngjoon Lee,3.6761904761904756,42
Youngmi Cho,2.805263157894737,57
Youngsuk Yook,3.590625,32
Youpei Yan,3.227272727272727,22
Yu Chen,3.581858407079646,678
Yu Gu,3.493103448275862,29
Yu Guo,3.689928057553957,139
Yu Izumi,3.0465909090909093,88
Yu Liu,3.018421052631579,38
Yu Min Chen,3.87027027027027,37
Yu-Jen Chen,3.603448275862069,29
Yu-Wei Wang,3.866666666666667,12
YuHuang Wang,2.9247391952309987,671
Yuan Liao,3.4151898734177215,237
Yuan Shi,3.5548387096774197,31
Yuan Wang,3.926470588235294,34
Yuan Yang,3.4285714285714284,7
Yuanyuan Li,3.708571428571429,35
Yue Chao,2.9904761904761905,210
Yue Du,3.07039627039627,429
Yue Qin,3.813620071684588,279
Yue Tian,2.7024390243902436,41
Yue Zhao,1.696875,32
Yue Zhou,3.451764705882353,85
Yuechen Wu,3.4102941176470587,68
Yueming Qiu,3.6623145400593473,337
Yuenmei Wong,3.346788990825688,109
Yueyang Han,3.6665314401622715,493
Yuhan Luo,3.8190476190476192,21
Yuhao Wang,3.5554621848739494,119
Yuhe Wang,3.7279503105590064,161
Yuheng Ding,3.7888888888888888,45
Yui Suzuki,3.0999999999999996,303
Yujiang Jia,3.85,12
Yujie Chen,3.31923076923077,26
Yujie Li,3.206666666666667,45
Yujie Lu,3.0567901234567905,81
Yulei He,3.9,10
Yuli Wang,3.452672497570457,1029
Yumin Yan,3.8261744966442954,149
Yun Choi,3.7956521739130435,621
Yun Liu,3.533333333333333,15
Yun Lu,3.624489795918367,49
Yunfei Wang,3.3333333333333335,30
Yunfei Zhao,3.727272727272727,11
Yunfeng Zhang,3.3594135802469145,648
Yunguang Chen,3.6520833333333336,48
Yunho Hwang,3.6387640449438203,178
Yuntao Liu,3.851428571428571,35
Yupeng Jiao,3.985416666666667,96
Yuqing Lei,3.7875,24
Yuriko Gandolfo,3.9499999999999997,6
Yusuf Azizullah,3.5103448275862066,29
Yusuf Masatlioglu,3.3851063829787233,282
Yuting Sun,3.4791411042944786,163
Yuval Benziman,3.2218181818181817,55
Yvette Lerma,3.742857142857143,28
Yvette Lerma Jones,3.6965517241379313,29
Yvette McCoy,4.0,20
Yvonne Bramble,3.753658536585366,41
Yvonne Ochieng,3.685,20
Yvonne Oslin,3.9076923076923076,13
Yvonne Slosarski,3.619706498951782,477
Yvonne Taylor,3.8307692307692305,13
Z Eisenman,3.947222222222222,36
Zabrina Anzyl,3.9100307062436026,977
Zac Benson,3.5155339805825245,103
Zach Drake,3.9342342342342342,111
Zachariah Matteson,0.0,9
Zachary Berman,3.201515151515151,396
Zachary Cohen,3.183333333333333,42
Zachary Crampton,2.534967320261438,306
Zachary Dorner,3.8414285714285716,210
Zachary Dunbar,3.5455782312925175,147
Zachary Frank,3.9518617021276596,376
Zachary Greenberg,2.37378277153558,267
Zachary Johnson,3.5647619047619044,105
Zachary Maher,3.6066666666666674,15
Zachary Reeves,3.5566666666666666,30
Zachary Richer,2.8143497757847538,223
Zachary Stone,3.3857142857142857,7
Zackaria Chacko,3.252678571428572,896
Zackary Hull,3.9129032258064513,93
Zahara Heckscher,3.4401360544217687,294
Zahra Farhadi,3.4452054794520546,73
Zahra Saboori,3.3880749574105624,587
Zainab Okolo,4.0,10
Zakiya Whatley,,0
Zane Williams,3.6097222222222225,72
Zaoxing Liu,3.2648351648351643,91
Zedekiah Higgs,3.2329999999999997,100
Zeena Zakharia,3.985542168674699,83
Zehua Zhao,3.749438202247191,89
Zeid Kootbally,3.6008635578583768,579
Zein El-Amine,3.3889423076923073,624
Zeina Alkhalaf,3.7336448598130842,107
Zeinab Karake,3.2717082366589327,6896
Zelalem Eshete,2.956043956043956,91
Zenzele Isoke,3.506172839506173,81
Zerihun Sira,3.65,30
Zexin Ma,3.4263736263736266,182
Zhanna Gerus-Vernola,3.5952513966480444,358
Zhanqing Li,3.2864963503649633,274
Zhanwei Yue,,0
Zhao Liu,2.316,25
Zhaoqi Hu,3.4716666666666662,60
Zhen Ye,3.4709302325581395,86
Zhengguo Xiao,3.1,779
Zhenqiu Liu,2.903125,32
Zhenxun Liu,3.0199999999999996,35
Zhi Xiang Lin,3.8893048128342245,187
Zhi-Long Chen,3.455322669608384,1813
Zhicheng Liu,3.333898305084746,236
Zhihong Nie,3.1070143884892087,556
Zhishuang Guan,3.705263157894737,114
Zhiwei Huang,3.8400000000000007,10
Zhizhong Han,3.811111111111111,9
Zhongchi Liu,3.5673883626522325,739
Zhongtian Han,3.811666666666667,60
Zhongxiang Wang,3.3615384615384616,13
Zhujun Gao,3.659259259259259,27
Zia Khan,3.3832402234636874,179
Zihan Chen,3.6957446808510634,94
Zijiang Yang,3.1153846153846154,39
Zilong Xie,3.87,10
Zimri Diaz,3.8761194029850743,67
Zita Nunes,2.929910714285714,224
Zoe Alsop,3.5833333333333335,18
Zoe Copeman,3.6212765957446806,47
Zoe Walders,3.853846153846154,13
Zohreh Davoudi,3.2355140186915885,214
Zoltan Safar,3.346715328467153,959
Zsuzsa Daczo,3.740188679245283,1060
Zubin Jelveh,3.6316939890710382,183
Zulema Belyeu,3.9921052631578946,76
Zuozheng Wang,3.4878048780487805,41
Zvi Sahar,3.713636363636364,22
bradley quarles,3.666037735849057,53
chelsea Cirruzzo,3.853333333333333,15
sahar jendi,3.0177083333333328,96
shahriar Negahdaripour,3.3499999999999996,8
yh Patt,3.2179104477611937,67
